order_id,order_date,customer_name,city,category,product,quantity,unit_price,total_price
1,2024-09-13,Rhonda Lewis,Rasht,Electronics,Tablet,1,500,500
2,2024-08-06,Maria Hamilton,Qom,Home Appliances,Washing Machine,5,1500,7500
3,2024-01-17,Matthew Hodges,Qom,Home Appliances,Vacuum Cleaner,1,300,300
4,2024-07-12,Richard Montgomery,Shiraz,Books,Algorithms,2,70,140
5,2025-07-01,Amy Turner,Tehran,Home Appliances,Vacuum Cleaner,2,300,600
6,2025-06-11,Robert Morales,Tabriz,Books,Machine Learning,2,80,160
7,2024-08-01,Jay Rhodes,Ahvaz,Electronics,Headphones,2,150,300
8,2024-09-07,Diana Miller MD,Karaj,Home Appliances,Microwave,5,220,1100
9,2025-01-30,Willie Hall,Qom,Books,Data Science Handbook,3,60,180
10,2024-04-01,Daniel Alexander,Karaj,Home Appliances,Washing Machine,3,1500,4500
11,2024-04-20,Michael Gibson,Qom,Home Appliances,Microwave,3,220,660
12,2025-07-13,Sherry Clayton,Qom,Books,Machine Learning,4,80,320
13,2024-11-21,Abigail Gonzalez,Kermanshah,Home Appliances,Vacuum Cleaner,5,300,1500
14,2025-01-17,Nathan Jackson,Shiraz,Home Appliances,Microwave,1,220,220
15,2025-11-22,Sandra Morris,Kermanshah,Books,Clean Code,4,55,220
16,2025-07-21,Roger Hernandez,Qom,Electronics,Tablet,2,500,1000
17,2025-01-02,Andrea Medina,Ahvaz,Books,Data Science Handbook,4,60,240
18,2025-01-24,Morgan Singh,Tehran,Books,Clean Code,1,55,55
19,2024-10-11,Darlene Pope,Tabriz,Books,Data Science Handbook,1,60,60
20,2025-01-13,Brian Martin,Shiraz,Books,Data Science Handbook,1,60,60
21,2024-05-29,Jesse Middleton,Tabriz,Sports,Fitness Band,4,90,360
22,2025-12-13,Mark Guerrero,Karaj,Books,Algorithms,1,70,70
23,2024-04-09,Frances Mcdowell,Qom,Sports,Basketball,5,35,175
24,2025-07-03,Rachel Mendoza,Mashhad,Books,Python Programming,4,45,180
25,2024-06-15,Riley Edwards,Karaj,Sports,Fitness Band,5,90,450
26,2024-07-02,Michael Clark,Isfahan,Electronics,Tablet,1,500,500
27,2024-06-15,Nancy Doyle,Qom,Sports,Running Shoes,3,120,360
28,2025-07-09,Melanie Thomas,Tabriz,Home Appliances,Vacuum Cleaner,3,300,900
29,2024-11-04,Manuel Zimmerman,Tehran,Books,Algorithms,3,70,210
30,2024-11-02,Misty Lowe,Ahvaz,Books,Clean Code,2,55,110
31,2025-06-07,Daniel Brown,Shiraz,Electronics,Smartphone,4,800,3200
32,2024-12-11,Emma Cole,Qom,Home Appliances,Washing Machine,4,1500,6000
33,2024-09-27,Donald Trevino,Mashhad,Electronics,Tablet,3,500,1500
34,2025-11-18,Andrew Smith,Qom,Home Appliances,Microwave,5,220,1100
35,2025-05-27,Allison Williams,Tabriz,Books,Algorithms,3,70,210
36,2024-10-23,Christopher Rodriguez,Karaj,Electronics,Headphones,3,150,450
37,2024-04-13,Raymond Russell,Isfahan,Books,Machine Learning,4,80,320
38,2024-03-08,Albert Spencer,Rasht,Books,Python Programming,4,45,180
39,2024-09-15,Stephanie Wall,Shiraz,Electronics,Tablet,2,500,1000
40,2025-09-17,Kenneth Yates,Tehran,Books,Python Programming,5,45,225
41,2024-03-22,David Wolfe,Qom,Sports,Basketball,5,35,175
42,2024-10-04,Laura Garrett,Rasht,Electronics,Smartphone,4,800,3200
43,2025-03-14,Jill Brown,Rasht,Electronics,Smart Watch,3,250,750
44,2025-04-06,Kevin Romero,Isfahan,Electronics,Smart Watch,5,250,1250
45,2025-10-28,Vanessa Kim,Qom,Electronics,Headphones,5,150,750
46,2024-07-19,Donald Sullivan,Kermanshah,Home Appliances,Microwave,2,220,440
47,2025-10-29,Alvin Anderson,Shiraz,Sports,Football,4,30,120
48,2025-11-03,Samuel Roberts,Karaj,Sports,Tennis Racket,5,180,900
49,2025-07-21,David Graham,Mashhad,Books,Clean Code,5,55,275
50,2024-12-03,Vincent Erickson,Qom,Books,Machine Learning,3,80,240
51,2024-04-12,Christopher Duran,Isfahan,Sports,Running Shoes,1,120,120
52,2025-05-11,Jonathan Williams,Qom,Sports,Fitness Band,1,90,90
53,2024-06-23,Kristin Baird,Qom,Electronics,Tablet,2,500,1000
54,2025-01-18,Philip Reed,Mashhad,Books,Clean Code,2,55,110
55,2024-01-08,Bryan Williamson,Ahvaz,Sports,Running Shoes,5,120,600
56,2024-02-01,Rachel Thomas,Mashhad,Books,Python Programming,3,45,135
57,2024-07-04,Charles Cooper,Isfahan,Sports,Football,2,30,60
58,2024-01-14,Francisco Harris,Isfahan,Electronics,Smart Watch,5,250,1250
59,2025-06-26,Debra Johnson,Kermanshah,Sports,Basketball,3,35,105
60,2024-02-03,Mary Anderson,Ahvaz,Sports,Basketball,5,35,175
61,2025-11-09,Jacob Williams,Tehran,Sports,Basketball,3,35,105
62,2024-04-30,William Klein,Qom,Home Appliances,Refrigerator,3,1800,5400
63,2025-03-13,Ellen Adkins,Isfahan,Sports,Running Shoes,4,120,480
64,2025-10-16,Derrick Robbins,Karaj,Electronics,Smart Watch,1,250,250
65,2024-02-04,Tanya Holloway,Rasht,Electronics,Tablet,3,500,1500
66,2024-10-12,Steven Gallagher,Shiraz,Home Appliances,Refrigerator,4,1800,7200
67,2025-01-06,Melissa Rocha,Ahvaz,Sports,Fitness Band,5,90,450
68,2024-09-16,Jeffrey Rollins,Tabriz,Home Appliances,Microwave,4,220,880
69,2024-12-30,Jill Page,Tehran,Books,Data Science Handbook,1,60,60
70,2025-07-11,David Schneider,Mashhad,Books,Python Programming,3,45,135
71,2025-03-28,Louis Hall,Kermanshah,Home Appliances,Vacuum Cleaner,4,300,1200
72,2025-07-14,Maxwell Marshall,Tehran,Electronics,Headphones,5,150,750
73,2024-09-10,David Patrick,Isfahan,Home Appliances,Vacuum Cleaner,1,300,300
74,2025-04-13,Heather Gill,Rasht,Electronics,Tablet,1,500,500
75,2024-03-23,Amanda Montgomery,Mashhad,Home Appliances,Microwave,1,220,220
76,2025-08-05,Ms. Patricia Steele,Isfahan,Sports,Football,4,30,120
77,2024-04-17,Mr. Christopher Chapman MD,Tabriz,Electronics,Tablet,4,500,2000
78,2024-04-23,Christina Gibson,Tehran,Sports,Running Shoes,4,120,480
79,2024-05-17,Alyssa Sullivan,Karaj,Sports,Tennis Racket,3,180,540
80,2024-07-17,Kimberly Cannon,Kermanshah,Electronics,Smartphone,1,800,800
81,2025-05-28,Rhonda Rollins,Rasht,Electronics,Smartphone,4,800,3200
82,2025-06-21,Robin Edwards,Rasht,Sports,Basketball,2,35,70
83,2024-07-31,Justin Cohen,Ahvaz,Home Appliances,Microwave,4,220,880
84,2024-09-02,Kaitlyn Padilla,Kermanshah,Sports,Fitness Band,1,90,90
85,2025-06-20,Eric Wright,Kermanshah,Sports,Running Shoes,3,120,360
86,2025-01-22,Maria Davis,Qom,Home Appliances,Vacuum Cleaner,5,300,1500
87,2024-09-27,Joshua Blackburn,Tabriz,Books,Machine Learning,4,80,320
88,2025-01-01,Sharon Miller,Qom,Home Appliances,Washing Machine,5,1500,7500
89,2024-12-03,Andrew Rocha,Mashhad,Sports,Tennis Racket,1,180,180
90,2024-07-04,Mr. Martin Webb,Tabriz,Sports,Football,4,30,120
91,2024-09-11,Adam Jones,Karaj,Sports,Fitness Band,5,90,450
92,2024-09-20,Christina Taylor,Shiraz,Books,Python Programming,4,45,180
93,2024-04-19,Lauren Anderson,Kermanshah,Books,Clean Code,4,55,220
94,2024-06-18,Brandon Wade,Mashhad,Electronics,Headphones,2,150,300
95,2024-04-27,Thomas Martinez,Mashhad,Home Appliances,Vacuum Cleaner,4,300,1200
96,2024-01-14,Jaime Keller,Tehran,Books,Machine Learning,1,80,80
97,2024-01-15,John Foster,Qom,Home Appliances,Air Conditioner,3,2000,6000
98,2024-01-10,Samantha Hansen,Qom,Electronics,Smartphone,3,800,2400
99,2024-10-11,Donald Smith,Qom,Home Appliances,Air Conditioner,1,2000,2000
100,2024-10-21,George Terry,Qom,Sports,Running Shoes,1,120,120
101,2024-09-20,Kimberly Mcclure,Rasht,Electronics,Laptop,5,1200,6000
102,2025-11-15,William Williams,Qom,Books,Algorithms,3,70,210
103,2024-04-29,Danielle Wolfe,Tehran,Electronics,Smart Watch,4,250,1000
104,2024-08-02,Patricia Griffin,Qom,Books,Clean Code,2,55,110
105,2024-11-07,Jasmine Baldwin,Karaj,Electronics,Headphones,5,150,750
106,2025-05-16,Kathleen Shields,Tehran,Sports,Fitness Band,2,90,180
107,2024-01-29,Rebecca Collins,Kermanshah,Sports,Running Shoes,5,120,600
108,2025-11-10,Jessica Campbell,Kermanshah,Sports,Basketball,1,35,35
109,2024-08-21,Antonio Doyle,Tabriz,Home Appliances,Washing Machine,4,1500,6000
110,2024-07-04,Jeffery Berry,Qom,Home Appliances,Microwave,2,220,440
111,2025-04-27,Denise Ochoa,Rasht,Electronics,Laptop,3,1200,3600
112,2025-05-21,Sharon Taylor,Karaj,Sports,Basketball,4,35,140
113,2025-09-22,Christine Gutierrez,Mashhad,Books,Algorithms,4,70,280
114,2025-08-20,Angela Robinson,Qom,Sports,Basketball,1,35,35
115,2024-02-06,Charles Allen,Tabriz,Books,Algorithms,2,70,140
116,2025-09-16,Brian Schwartz,Isfahan,Books,Machine Learning,5,80,400
117,2025-11-30,Hunter Jones,Isfahan,Books,Clean Code,5,55,275
118,2024-06-16,Brian Mason,Tehran,Books,Algorithms,2,70,140
119,2025-01-06,Shelly Vazquez,Rasht,Sports,Football,5,30,150
120,2024-04-14,Stephen Velasquez,Kermanshah,Books,Machine Learning,5,80,400
121,2024-06-26,Paul Rogers,Isfahan,Sports,Football,3,30,90
122,2025-07-16,Lisa Cardenas,Ahvaz,Books,Clean Code,3,55,165
123,2025-05-04,Mark Russo,Mashhad,Sports,Basketball,5,35,175
124,2024-07-28,Kimberly Ortiz,Ahvaz,Home Appliances,Refrigerator,4,1800,7200
125,2024-03-22,Debra Navarro,Ahvaz,Home Appliances,Vacuum Cleaner,5,300,1500
126,2025-05-22,Taylor Oneal,Shiraz,Electronics,Tablet,2,500,1000
127,2025-05-04,Hunter Gray,Rasht,Sports,Fitness Band,4,90,360
128,2024-02-03,Christian Russell,Shiraz,Books,Machine Learning,2,80,160
129,2025-02-13,Felicia Weaver,Karaj,Home Appliances,Refrigerator,3,1800,5400
130,2024-03-02,Jordan Pollard,Ahvaz,Sports,Fitness Band,1,90,90
131,2024-06-08,Jennifer Moore MD,Qom,Books,Clean Code,1,55,55
132,2025-05-20,Daniel Watkins,Kermanshah,Sports,Tennis Racket,2,180,360
133,2025-09-21,Robert Hickman,Tehran,Books,Clean Code,5,55,275
134,2024-02-18,Jenny Davis,Ahvaz,Sports,Fitness Band,5,90,450
135,2024-03-27,Michael Barrera,Karaj,Electronics,Smart Watch,5,250,1250
136,2025-01-27,Wanda Davis,Rasht,Home Appliances,Refrigerator,2,1800,3600
137,2025-12-09,Brian Hudson,Rasht,Electronics,Laptop,1,1200,1200
138,2025-02-23,Joseph Carr,Isfahan,Electronics,Tablet,4,500,2000
139,2025-05-14,Erin Stevenson,Shiraz,Sports,Fitness Band,2,90,180
140,2024-12-11,Andrew Smith,Karaj,Sports,Running Shoes,2,120,240
141,2025-02-20,James Smith,Qom,Books,Clean Code,4,55,220
142,2025-06-04,Danielle Garcia,Shiraz,Sports,Basketball,1,35,35
143,2024-02-24,Michael Burton,Ahvaz,Home Appliances,Refrigerator,1,1800,1800
144,2024-07-17,Tanya Reynolds,Isfahan,Sports,Running Shoes,3,120,360
145,2025-09-02,Aaron Duarte,Tehran,Home Appliances,Washing Machine,4,1500,6000
146,2025-04-12,Joel Ramirez,Qom,Books,Clean Code,3,55,165
147,2024-12-10,Daniel Phillips,Qom,Electronics,Smartphone,1,800,800
148,2024-08-05,Erika Gonzalez,Tehran,Sports,Fitness Band,3,90,270
149,2025-12-04,Andrea Jones,Rasht,Books,Algorithms,1,70,70
150,2024-07-24,Tracy Phillips,Qom,Home Appliances,Microwave,5,220,1100
151,2025-03-08,Ellen Martinez,Qom,Sports,Fitness Band,1,90,90
152,2024-11-09,Steven Hughes,Mashhad,Sports,Fitness Band,1,90,90
153,2025-03-17,Julie Lin,Tehran,Home Appliances,Vacuum Cleaner,4,300,1200
154,2024-10-03,Monica Juarez,Mashhad,Electronics,Smart Watch,3,250,750
155,2025-11-21,Angela Sheppard,Tehran,Home Appliances,Air Conditioner,2,2000,4000
156,2024-11-29,John Nelson,Mashhad,Home Appliances,Microwave,2,220,440
157,2025-01-23,Laurie Pollard,Ahvaz,Electronics,Smart Watch,1,250,250
158,2025-11-08,Barbara Flynn,Tabriz,Electronics,Laptop,1,1200,1200
159,2024-10-24,Joel Pierce,Mashhad,Sports,Football,5,30,150
160,2024-04-01,Zachary Nixon,Isfahan,Sports,Fitness Band,2,90,180
161,2024-10-15,Evan Ponce,Karaj,Electronics,Smart Watch,2,250,500
162,2024-03-19,William Huerta,Tehran,Home Appliances,Air Conditioner,3,2000,6000
163,2024-05-11,Jessica Henry,Kermanshah,Electronics,Headphones,3,150,450
164,2024-08-03,Joseph Tucker,Karaj,Sports,Tennis Racket,4,180,720
165,2025-11-14,Brandon Duke,Qom,Electronics,Tablet,2,500,1000
166,2025-01-28,Elizabeth Hall,Qom,Electronics,Smart Watch,4,250,1000
167,2024-02-27,Luis Jimenez,Rasht,Books,Algorithms,1,70,70
168,2024-12-20,Debra Simpson,Rasht,Electronics,Tablet,1,500,500
169,2025-09-25,Jessica Stokes,Tabriz,Home Appliances,Air Conditioner,1,2000,2000
170,2024-07-29,Damon Richardson,Karaj,Books,Clean Code,1,55,55
171,2024-10-26,Meredith Grant,Mashhad,Electronics,Smart Watch,4,250,1000
172,2024-04-04,Alexis Bryan,Qom,Sports,Running Shoes,1,120,120
173,2024-01-04,Timothy Hernandez,Tabriz,Books,Machine Learning,4,80,320
174,2024-03-22,William Hughes,Rasht,Home Appliances,Vacuum Cleaner,5,300,1500
175,2025-08-28,Kelly Little,Kermanshah,Electronics,Smart Watch,4,250,1000
176,2024-08-07,Matthew Clark,Kermanshah,Electronics,Smartphone,3,800,2400
177,2024-02-25,Sharon James,Rasht,Electronics,Headphones,1,150,150
178,2024-03-26,Denise Fields,Rasht,Sports,Fitness Band,5,90,450
179,2025-10-16,Ryan Williams,Isfahan,Electronics,Smartphone,5,800,4000
180,2024-11-17,Anne Black,Kermanshah,Sports,Tennis Racket,2,180,360
181,2024-05-10,Jane Thomas,Shiraz,Electronics,Headphones,3,150,450
182,2025-11-05,Mary Santiago,Tehran,Electronics,Tablet,4,500,2000
183,2024-10-22,Nicholas Morales,Karaj,Electronics,Tablet,5,500,2500
184,2025-05-21,Mark Hunt,Karaj,Sports,Fitness Band,5,90,450
185,2024-06-29,Amanda Flores,Karaj,Home Appliances,Refrigerator,1,1800,1800
186,2024-04-09,Dave Hughes,Tehran,Books,Data Science Handbook,3,60,180
187,2024-08-05,Erin Keith,Qom,Books,Machine Learning,5,80,400
188,2024-12-16,Darlene Garner,Karaj,Sports,Basketball,2,35,70
189,2024-05-09,Bradley Lopez,Isfahan,Books,Data Science Handbook,5,60,300
190,2024-07-04,Alvin Hunter,Karaj,Sports,Running Shoes,3,120,360
191,2025-08-07,Todd White,Mashhad,Books,Python Programming,1,45,45
192,2025-04-26,Taylor Weaver,Qom,Books,Clean Code,4,55,220
193,2025-10-22,Christopher Mcintyre,Tehran,Electronics,Smartphone,1,800,800
194,2025-01-11,Heather Woods,Mashhad,Home Appliances,Vacuum Cleaner,3,300,900
195,2025-10-07,Crystal Mason,Qom,Home Appliances,Air Conditioner,1,2000,2000
196,2024-12-28,David Grant,Mashhad,Electronics,Headphones,2,150,300
197,2025-10-11,John Long,Ahvaz,Home Appliances,Air Conditioner,2,2000,4000
198,2025-05-02,Matthew Smith,Qom,Electronics,Headphones,2,150,300
199,2025-03-27,Renee Lee,Karaj,Electronics,Headphones,1,150,150
200,2025-05-21,Melissa Dennis,Karaj,Sports,Football,3,30,90
201,2025-11-28,Christina Mendoza,Tehran,Books,Python Programming,2,45,90
202,2024-09-19,Jason Dillon,Kermanshah,Sports,Football,2,30,60
203,2025-08-19,Derek Daugherty,Tehran,Sports,Football,2,30,60
204,2025-10-22,Thomas James,Rasht,Books,Machine Learning,1,80,80
205,2024-08-05,Jason Williams,Tabriz,Electronics,Laptop,5,1200,6000
206,2024-08-28,Holly Johnson,Ahvaz,Sports,Running Shoes,3,120,360
207,2025-01-29,Edward Anderson,Ahvaz,Sports,Tennis Racket,3,180,540
208,2025-06-07,Andrew Mcgee,Isfahan,Books,Python Programming,3,45,135
209,2025-10-11,Mrs. Jennifer Cook MD,Rasht,Electronics,Laptop,3,1200,3600
210,2025-05-20,Jillian Bryant,Karaj,Electronics,Tablet,3,500,1500
211,2025-11-10,Kenneth Rodriguez,Mashhad,Electronics,Headphones,5,150,750
212,2025-04-03,Robert Wilcox,Shiraz,Sports,Tennis Racket,2,180,360
213,2024-01-17,Cory Bond,Qom,Sports,Football,4,30,120
214,2024-09-24,David Meyer,Mashhad,Home Appliances,Vacuum Cleaner,2,300,600
215,2025-07-24,Tammy Molina,Shiraz,Books,Clean Code,4,55,220
216,2025-01-21,Charles Griffith,Isfahan,Sports,Tennis Racket,4,180,720
217,2024-05-16,Jessica Kirby,Kermanshah,Home Appliances,Air Conditioner,3,2000,6000
218,2025-01-24,Cynthia Sharp,Isfahan,Books,Clean Code,4,55,220
219,2024-03-11,Darren Morales,Shiraz,Electronics,Smartphone,5,800,4000
220,2025-04-26,Shawn Coleman,Rasht,Books,Machine Learning,1,80,80
221,2025-12-10,Sheila Davis,Ahvaz,Sports,Basketball,2,35,70
222,2024-06-26,Brenda Hicks,Tehran,Home Appliances,Washing Machine,5,1500,7500
223,2025-06-30,Lindsay Brown,Isfahan,Home Appliances,Air Conditioner,5,2000,10000
224,2025-10-25,Joseph Richardson,Kermanshah,Sports,Tennis Racket,5,180,900
225,2025-11-21,Felicia Summers,Mashhad,Home Appliances,Refrigerator,4,1800,7200
226,2024-07-18,Roger Miller,Qom,Sports,Basketball,4,35,140
227,2024-07-19,Natalie Young,Mashhad,Sports,Basketball,2,35,70
228,2025-09-22,Paige Murillo,Karaj,Sports,Football,3,30,90
229,2024-09-05,Debra Castro,Tabriz,Home Appliances,Refrigerator,5,1800,9000
230,2025-01-13,Amanda Coleman,Shiraz,Home Appliances,Microwave,3,220,660
231,2025-03-26,Jordan Vasquez,Ahvaz,Books,Data Science Handbook,4,60,240
232,2024-01-21,Sheila Gonzales,Tabriz,Books,Python Programming,5,45,225
233,2025-03-03,Aaron Patterson,Ahvaz,Sports,Tennis Racket,4,180,720
234,2024-06-11,Sarah Mccoy,Tabriz,Home Appliances,Microwave,4,220,880
235,2025-08-09,Daniel Johnson,Ahvaz,Books,Python Programming,3,45,135
236,2024-05-10,Bradley Evans,Shiraz,Books,Algorithms,1,70,70
237,2024-03-10,Michael Love,Rasht,Sports,Tennis Racket,1,180,180
238,2024-09-07,Doris Benson,Tehran,Home Appliances,Vacuum Cleaner,1,300,300
239,2024-11-05,James West,Tabriz,Sports,Running Shoes,1,120,120
240,2025-01-20,Felicia Douglas,Karaj,Home Appliances,Air Conditioner,1,2000,2000
241,2024-10-05,John Spears,Shiraz,Books,Clean Code,5,55,275
242,2024-03-05,Stephen Sloan,Karaj,Sports,Running Shoes,3,120,360
243,2024-03-25,Gary Green,Isfahan,Home Appliances,Vacuum Cleaner,1,300,300
244,2024-04-10,Michael Johnson,Ahvaz,Home Appliances,Vacuum Cleaner,2,300,600
245,2025-01-20,Carrie Perez,Tehran,Home Appliances,Air Conditioner,5,2000,10000
246,2024-08-13,Amy Ryan,Kermanshah,Sports,Tennis Racket,2,180,360
247,2024-03-07,Tyler Miller,Tehran,Sports,Tennis Racket,3,180,540
248,2024-11-20,Denise Villanueva MD,Mashhad,Home Appliances,Refrigerator,3,1800,5400
249,2025-01-12,John Wood,Shiraz,Home Appliances,Washing Machine,3,1500,4500
250,2025-05-22,Katie Cherry,Tehran,Home Appliances,Refrigerator,5,1800,9000
251,2025-11-16,Adam Torres,Tabriz,Sports,Football,2,30,60
252,2025-03-22,David Wiley,Shiraz,Home Appliances,Refrigerator,5,1800,9000
253,2025-05-19,Michael Smith,Qom,Electronics,Laptop,2,1200,2400
254,2025-10-22,Jorge Ward,Shiraz,Electronics,Tablet,2,500,1000
255,2024-05-07,Amanda Boone,Karaj,Books,Clean Code,1,55,55
256,2025-08-06,Raymond Yates,Ahvaz,Home Appliances,Air Conditioner,1,2000,2000
257,2025-07-09,Mrs. Cassandra Kelly,Rasht,Books,Algorithms,1,70,70
258,2025-06-20,Catherine Mendoza,Ahvaz,Sports,Fitness Band,3,90,270
259,2025-12-06,Teresa Young,Ahvaz,Electronics,Tablet,3,500,1500
260,2025-04-25,Kristin Hurst,Mashhad,Electronics,Laptop,1,1200,1200
261,2025-12-03,Brady Davis,Rasht,Home Appliances,Washing Machine,2,1500,3000
262,2024-02-19,Deanna Simmons,Shiraz,Books,Algorithms,4,70,280
263,2025-04-07,Carly Smith,Kermanshah,Electronics,Laptop,2,1200,2400
264,2025-11-27,Frank Whitaker,Kermanshah,Books,Python Programming,4,45,180
265,2025-02-06,Christina Griffin,Isfahan,Sports,Tennis Racket,1,180,180
266,2025-09-08,Steven Mcgee,Kermanshah,Books,Machine Learning,1,80,80
267,2025-07-21,Christine Castillo,Qom,Books,Machine Learning,2,80,160
268,2024-02-09,Lisa George,Karaj,Sports,Running Shoes,3,120,360
269,2025-09-05,Rachel Cannon,Qom,Electronics,Smart Watch,4,250,1000
270,2024-09-10,John Lewis,Karaj,Sports,Fitness Band,3,90,270
271,2024-06-11,Katherine Rivera,Tabriz,Sports,Tennis Racket,4,180,720
272,2025-02-23,Amanda Chavez,Kermanshah,Home Appliances,Refrigerator,2,1800,3600
273,2024-03-16,Robert Carter,Ahvaz,Sports,Tennis Racket,3,180,540
274,2024-09-27,Robert Dunlap,Isfahan,Electronics,Smartphone,5,800,4000
275,2025-08-04,Robert Murray,Rasht,Electronics,Laptop,2,1200,2400
276,2025-03-15,David Fowler,Kermanshah,Books,Clean Code,2,55,110
277,2024-03-28,Jocelyn Williamson,Kermanshah,Electronics,Tablet,5,500,2500
278,2025-12-08,Bethany Williams,Rasht,Electronics,Smartphone,1,800,800
279,2025-08-14,Justin Johnson,Tehran,Electronics,Tablet,2,500,1000
280,2025-04-30,Shannon Baker,Shiraz,Home Appliances,Refrigerator,1,1800,1800
281,2024-07-05,Rebecca Hall,Shiraz,Sports,Running Shoes,2,120,240
282,2025-02-16,George Gonzalez,Qom,Books,Algorithms,3,70,210
283,2025-12-17,Elizabeth Flowers,Kermanshah,Books,Data Science Handbook,1,60,60
284,2024-03-26,Mary Arias,Tehran,Books,Data Science Handbook,1,60,60
285,2025-08-22,Christine Stewart,Tehran,Sports,Basketball,2,35,70
286,2025-04-13,Evan Smith,Rasht,Electronics,Headphones,3,150,450
287,2025-05-24,Felicia Ortiz,Tehran,Books,Clean Code,3,55,165
288,2024-04-30,Kelly King,Shiraz,Home Appliances,Refrigerator,5,1800,9000
289,2025-03-27,Karen Nichols,Shiraz,Sports,Tennis Racket,3,180,540
290,2025-09-07,Nathan Hickman,Shiraz,Home Appliances,Microwave,2,220,440
291,2024-03-28,Melissa Carr,Shiraz,Electronics,Headphones,5,150,750
292,2025-02-22,Emma Evans,Qom,Electronics,Smart Watch,3,250,750
293,2025-10-27,Paul Terry,Qom,Books,Clean Code,5,55,275
294,2024-05-13,Jennifer Williams,Tehran,Books,Machine Learning,1,80,80
295,2024-09-20,Stephanie Hernandez,Tabriz,Sports,Football,1,30,30
296,2025-03-13,Peggy Anderson,Tehran,Books,Clean Code,2,55,110
297,2025-06-23,Victoria Hill,Shiraz,Home Appliances,Vacuum Cleaner,3,300,900
298,2025-08-04,Mr. Joseph Rasmussen MD,Mashhad,Electronics,Smartphone,3,800,2400
299,2025-09-16,Rebecca Rodriguez,Qom,Books,Python Programming,5,45,225
300,2025-09-09,Melissa Cruz,Mashhad,Books,Machine Learning,1,80,80
301,2025-10-17,Jennifer Wang,Tabriz,Electronics,Tablet,5,500,2500
302,2025-04-03,Elizabeth Herring,Mashhad,Electronics,Laptop,3,1200,3600
303,2025-11-20,Jasmin Chavez MD,Mashhad,Electronics,Tablet,4,500,2000
304,2024-03-06,Sandra Boyd,Qom,Books,Data Science Handbook,2,60,120
305,2025-12-29,Mario Brown,Isfahan,Books,Data Science Handbook,1,60,60
306,2024-05-08,Matthew Payne,Tabriz,Home Appliances,Refrigerator,2,1800,3600
307,2024-05-09,Steven Valdez,Isfahan,Home Appliances,Microwave,2,220,440
308,2025-02-16,Samuel Jackson,Tehran,Electronics,Smartphone,2,800,1600
309,2024-11-09,Mary Frazier,Kermanshah,Electronics,Headphones,5,150,750
310,2024-08-09,Casey Clay,Mashhad,Books,Clean Code,3,55,165
311,2024-02-14,Ryan King,Mashhad,Home Appliances,Microwave,5,220,1100
312,2025-10-21,Steven Coffey,Kermanshah,Electronics,Tablet,1,500,500
313,2025-04-15,Kathryn Powers,Tehran,Books,Data Science Handbook,3,60,180
314,2025-06-06,Paul Rodgers,Mashhad,Books,Algorithms,1,70,70
315,2024-06-03,Billy Pratt,Karaj,Electronics,Tablet,2,500,1000
316,2024-03-02,Cynthia Smith,Tabriz,Home Appliances,Vacuum Cleaner,5,300,1500
317,2025-11-10,Pamela Welch,Rasht,Home Appliances,Vacuum Cleaner,5,300,1500
318,2025-02-22,Patricia Gordon,Kermanshah,Sports,Tennis Racket,3,180,540
319,2024-06-22,Mr. Nathan Wagner,Rasht,Electronics,Tablet,2,500,1000
320,2025-02-04,Robert Hoffman,Kermanshah,Sports,Basketball,5,35,175
321,2024-12-08,Danielle Hatfield,Karaj,Electronics,Tablet,3,500,1500
322,2025-05-26,Christina Hughes,Isfahan,Books,Data Science Handbook,5,60,300
323,2024-06-04,Kathryn Lowe MD,Rasht,Sports,Fitness Band,5,90,450
324,2024-06-10,Zachary Cole,Shiraz,Sports,Tennis Racket,4,180,720
325,2024-08-11,Lisa Hamilton,Kermanshah,Books,Machine Learning,1,80,80
326,2024-11-09,Nathan Price,Isfahan,Home Appliances,Microwave,2,220,440
327,2025-10-03,Phillip Walker,Shiraz,Sports,Tennis Racket,4,180,720
328,2024-08-23,David Callahan,Rasht,Books,Data Science Handbook,1,60,60
329,2025-10-21,Susan Martinez,Rasht,Sports,Basketball,4,35,140
330,2025-02-07,Shannon West,Tabriz,Electronics,Tablet,3,500,1500
331,2025-06-24,Michael Williams,Qom,Electronics,Tablet,1,500,500
332,2024-02-08,Eric Delgado,Kermanshah,Sports,Running Shoes,1,120,120
333,2024-04-05,Jeffrey Gilbert,Tehran,Sports,Tennis Racket,4,180,720
334,2024-01-14,Paula Johnson,Qom,Electronics,Headphones,2,150,300
335,2025-12-24,Dwayne Moreno,Shiraz,Electronics,Laptop,5,1200,6000
336,2025-12-01,Austin Harding,Qom,Home Appliances,Microwave,3,220,660
337,2025-01-18,Patrick Mejia,Tabriz,Electronics,Smart Watch,3,250,750
338,2025-09-29,Michael Brady,Tehran,Electronics,Smart Watch,3,250,750
339,2024-07-20,Michael Hunt,Tehran,Home Appliances,Refrigerator,2,1800,3600
340,2024-09-09,Kenneth Peters,Shiraz,Electronics,Laptop,3,1200,3600
341,2024-02-26,Jonathan Page,Kermanshah,Sports,Basketball,5,35,175
342,2025-03-29,Christopher Burns,Karaj,Electronics,Tablet,5,500,2500
343,2025-03-11,Laura Patterson,Mashhad,Books,Algorithms,3,70,210
344,2024-06-09,Elizabeth Mclean DDS,Karaj,Books,Python Programming,5,45,225
345,2024-11-13,Zachary Hicks,Mashhad,Electronics,Headphones,4,150,600
346,2024-05-31,Jonathan Lewis,Isfahan,Electronics,Laptop,5,1200,6000
347,2024-02-13,Lisa Ferguson,Isfahan,Books,Python Programming,2,45,90
348,2025-07-11,Jaime Jackson,Tabriz,Electronics,Laptop,2,1200,2400
349,2025-01-19,Alex Brown,Rasht,Electronics,Headphones,5,150,750
350,2024-11-28,Christian Guzman,Qom,Books,Python Programming,1,45,45
351,2025-09-30,Julia Weaver,Tehran,Books,Algorithms,1,70,70
352,2024-05-23,Jesus Johnson,Mashhad,Books,Algorithms,1,70,70
353,2025-03-08,Joshua Pierce,Karaj,Sports,Football,2,30,60
354,2025-01-17,Katherine Hansen,Tehran,Electronics,Tablet,1,500,500
355,2024-03-05,Connie Reynolds,Mashhad,Home Appliances,Air Conditioner,3,2000,6000
356,2024-11-13,Sean Davies,Tabriz,Sports,Football,2,30,60
357,2025-06-23,Johnathan Henderson,Shiraz,Electronics,Smartphone,1,800,800
358,2024-01-21,Frances Jackson,Shiraz,Sports,Tennis Racket,3,180,540
359,2024-12-07,Anthony Gonzales,Ahvaz,Books,Data Science Handbook,4,60,240
360,2025-01-04,Emma Sanchez,Isfahan,Electronics,Tablet,5,500,2500
361,2025-06-14,Sonia Gomez,Ahvaz,Electronics,Headphones,3,150,450
362,2024-06-06,Rebecca Patterson,Kermanshah,Sports,Football,3,30,90
363,2025-12-04,Rachel Green,Tabriz,Home Appliances,Refrigerator,1,1800,1800
364,2025-07-31,Amy Romero,Rasht,Books,Python Programming,2,45,90
365,2025-07-30,Jennifer Baker,Rasht,Home Appliances,Refrigerator,4,1800,7200
366,2024-11-22,Molly Adams,Qom,Electronics,Smartphone,2,800,1600
367,2025-08-27,Corey Clark,Rasht,Electronics,Tablet,1,500,500
368,2024-07-07,Wanda Shaw,Ahvaz,Home Appliances,Microwave,5,220,1100
369,2025-04-29,Chase Raymond,Rasht,Sports,Tennis Racket,4,180,720
370,2025-07-17,Brandon Foley,Rasht,Home Appliances,Washing Machine,3,1500,4500
371,2025-01-27,Terry Williams,Mashhad,Books,Python Programming,1,45,45
372,2025-06-24,Lindsay Stewart,Mashhad,Home Appliances,Refrigerator,2,1800,3600
373,2024-06-18,Megan Lee,Isfahan,Electronics,Smartphone,1,800,800
374,2025-12-06,Jessica Blackwell,Isfahan,Sports,Football,2,30,60
375,2025-03-02,Michelle Bradshaw,Shiraz,Books,Algorithms,1,70,70
376,2024-09-04,Virginia Anderson,Rasht,Books,Algorithms,4,70,280
377,2025-06-15,Daniel Edwards,Isfahan,Electronics,Smartphone,2,800,1600
378,2024-09-13,Summer Lopez,Isfahan,Sports,Tennis Racket,3,180,540
379,2025-05-27,Arthur White,Isfahan,Electronics,Tablet,4,500,2000
380,2024-04-09,Ernest Smith,Shiraz,Sports,Basketball,2,35,70
381,2024-02-27,Carlos Martin,Karaj,Sports,Fitness Band,1,90,90
382,2025-10-29,Sandra Morgan,Shiraz,Sports,Running Shoes,4,120,480
383,2024-01-11,April Fletcher,Isfahan,Sports,Running Shoes,2,120,240
384,2024-07-05,Damon Adams,Mashhad,Sports,Football,2,30,60
385,2025-04-03,Craig Hunter,Tehran,Books,Algorithms,5,70,350
386,2025-01-27,Miguel Wallace,Tehran,Home Appliances,Microwave,3,220,660
387,2025-06-19,Pamela Lane,Shiraz,Sports,Basketball,5,35,175
388,2024-09-19,Heather Chapman,Tehran,Home Appliances,Air Conditioner,4,2000,8000
389,2025-11-26,Keith Mills,Karaj,Books,Python Programming,4,45,180
390,2025-06-14,Tracy Coffey,Rasht,Sports,Running Shoes,2,120,240
391,2024-05-04,Cathy Stevenson,Shiraz,Sports,Football,4,30,120
392,2025-01-07,Justin Miles,Shiraz,Books,Algorithms,5,70,350
393,2024-08-28,Steven Johnson,Qom,Sports,Tennis Racket,5,180,900
394,2025-10-20,Robert Brown,Shiraz,Books,Machine Learning,2,80,160
395,2025-12-02,Jonathan Baker,Mashhad,Books,Algorithms,2,70,140
396,2025-05-18,Margaret Malone,Qom,Books,Data Science Handbook,1,60,60
397,2024-09-16,April Hawkins,Shiraz,Home Appliances,Microwave,4,220,880
398,2024-04-10,Andrew Chan,Mashhad,Electronics,Smart Watch,2,250,500
399,2025-06-02,Amy King,Ahvaz,Electronics,Tablet,4,500,2000
400,2024-07-19,Danielle Mendez,Tabriz,Electronics,Headphones,2,150,300
401,2024-08-10,Natasha Moon,Tehran,Sports,Fitness Band,1,90,90
402,2025-09-15,Patrick James,Qom,Sports,Tennis Racket,5,180,900
403,2025-11-25,Laura Cunningham,Karaj,Sports,Football,4,30,120
404,2024-12-15,Gary Randall,Shiraz,Sports,Basketball,4,35,140
405,2024-07-16,Ethan Baker,Rasht,Home Appliances,Microwave,2,220,440
406,2025-03-07,Jennifer Williams,Kermanshah,Electronics,Smartphone,5,800,4000
407,2025-06-03,Justin Robinson,Karaj,Books,Clean Code,2,55,110
408,2024-10-06,Barry Jordan,Tabriz,Electronics,Headphones,1,150,150
409,2025-10-26,Deanna Evans,Shiraz,Electronics,Laptop,4,1200,4800
410,2024-05-03,Victoria Sullivan,Ahvaz,Electronics,Smartphone,2,800,1600
411,2025-11-26,Latasha James,Tabriz,Electronics,Tablet,1,500,500
412,2025-12-17,Shelby Johnson,Ahvaz,Electronics,Smartphone,5,800,4000
413,2024-12-20,Hannah Terry,Tehran,Electronics,Smart Watch,2,250,500
414,2025-10-14,Laurie Hernandez,Rasht,Sports,Fitness Band,2,90,180
415,2025-05-02,Chase Sanchez,Rasht,Electronics,Tablet,5,500,2500
416,2025-01-17,Dr. Matthew Sharp,Tabriz,Home Appliances,Air Conditioner,3,2000,6000
417,2025-10-20,Mario Turner,Isfahan,Home Appliances,Vacuum Cleaner,5,300,1500
418,2025-05-10,Dr. Austin Garcia,Tabriz,Books,Clean Code,3,55,165
419,2025-06-12,Laura Carter,Qom,Home Appliances,Vacuum Cleaner,5,300,1500
420,2025-05-08,Bryan Cook,Ahvaz,Electronics,Smartphone,2,800,1600
421,2025-01-03,Kelly Harris,Isfahan,Books,Python Programming,5,45,225
422,2025-07-22,Michelle Yates,Tabriz,Sports,Running Shoes,5,120,600
423,2025-07-15,Steven Carroll,Ahvaz,Sports,Fitness Band,3,90,270
424,2025-11-10,Jessica Lopez,Karaj,Electronics,Headphones,5,150,750
425,2024-02-10,Casey Salazar,Qom,Sports,Tennis Racket,5,180,900
426,2025-10-04,Charles Griffin,Kermanshah,Electronics,Tablet,5,500,2500
427,2025-06-04,Daniel Miller,Kermanshah,Books,Data Science Handbook,2,60,120
428,2024-06-24,Jose Johnson,Qom,Books,Python Programming,3,45,135
429,2025-10-20,Heather Moore,Isfahan,Electronics,Smart Watch,2,250,500
430,2024-06-23,Savannah Davis,Qom,Home Appliances,Air Conditioner,2,2000,4000
431,2024-06-27,John Adams,Karaj,Books,Python Programming,2,45,90
432,2024-03-17,Daniel Cook,Isfahan,Sports,Fitness Band,1,90,90
433,2024-11-21,Nathaniel Bautista,Isfahan,Electronics,Tablet,3,500,1500
434,2025-05-05,Elizabeth Perry MD,Karaj,Home Appliances,Air Conditioner,1,2000,2000
435,2025-08-30,Robert Lam,Karaj,Home Appliances,Air Conditioner,2,2000,4000
436,2024-01-14,Kelsey Ford,Tabriz,Sports,Tennis Racket,4,180,720
437,2024-02-08,Teresa Ortiz,Tabriz,Electronics,Smartphone,4,800,3200
438,2025-03-21,Gina Bowers,Kermanshah,Home Appliances,Vacuum Cleaner,3,300,900
439,2025-08-07,Janet Larsen,Isfahan,Electronics,Headphones,4,150,600
440,2024-11-12,Julie Patton,Tabriz,Electronics,Laptop,4,1200,4800
441,2024-08-09,Connie Garcia,Mashhad,Sports,Football,3,30,90
442,2024-02-26,Kathryn Bates,Tehran,Electronics,Smartphone,1,800,800
443,2024-07-15,Timothy Elliott,Qom,Books,Data Science Handbook,5,60,300
444,2024-05-05,Holly Miller,Kermanshah,Sports,Tennis Racket,5,180,900
445,2025-02-26,Cynthia Oneal,Tehran,Books,Clean Code,1,55,55
446,2025-01-29,Alexander Payne,Kermanshah,Home Appliances,Refrigerator,5,1800,9000
447,2025-08-10,David Trujillo,Tabriz,Electronics,Smartphone,2,800,1600
448,2025-04-09,Tyler Lynn,Shiraz,Books,Machine Learning,2,80,160
449,2024-11-26,Michael Mills,Rasht,Books,Algorithms,3,70,210
450,2024-11-09,Barry Moore,Tehran,Electronics,Smartphone,2,800,1600
451,2024-04-17,Jacqueline Jones,Ahvaz,Electronics,Smart Watch,3,250,750
452,2024-12-22,Roger Gibbs,Qom,Home Appliances,Vacuum Cleaner,4,300,1200
453,2024-10-24,Candice Martinez,Tabriz,Electronics,Smartphone,2,800,1600
454,2025-09-02,Barbara Allen,Shiraz,Sports,Fitness Band,3,90,270
455,2025-03-22,Joshua Duran,Isfahan,Home Appliances,Refrigerator,5,1800,9000
456,2024-11-19,Jessica Zavala,Ahvaz,Home Appliances,Vacuum Cleaner,5,300,1500
457,2024-03-28,Ryan Martin,Ahvaz,Books,Machine Learning,4,80,320
458,2024-03-11,Christy Maldonado,Ahvaz,Home Appliances,Refrigerator,2,1800,3600
459,2024-10-17,Joy Bailey,Ahvaz,Books,Algorithms,5,70,350
460,2024-03-07,Angela Mcbride,Mashhad,Sports,Tennis Racket,1,180,180
461,2024-10-12,Stuart Young,Rasht,Sports,Tennis Racket,2,180,360
462,2025-06-21,Charles Mathis,Kermanshah,Books,Algorithms,4,70,280
463,2025-06-01,Kristi Weaver,Rasht,Home Appliances,Vacuum Cleaner,1,300,300
464,2024-05-23,Crystal Watson,Rasht,Books,Machine Learning,4,80,320
465,2024-09-06,Johnny Turner,Tabriz,Home Appliances,Vacuum Cleaner,5,300,1500
466,2024-07-30,Megan Russell,Tabriz,Books,Machine Learning,2,80,160
467,2025-03-02,Joseph Cummings,Mashhad,Books,Clean Code,1,55,55
468,2025-08-09,Thomas Pratt,Kermanshah,Sports,Tennis Racket,4,180,720
469,2024-08-24,Crystal Martinez,Kermanshah,Electronics,Headphones,3,150,450
470,2025-02-25,Victoria Castaneda,Ahvaz,Sports,Basketball,3,35,105
471,2024-12-12,Jon Todd,Rasht,Sports,Tennis Racket,4,180,720
472,2024-07-25,Diane Farmer,Isfahan,Home Appliances,Air Conditioner,1,2000,2000
473,2025-09-03,Melissa Foster,Rasht,Electronics,Headphones,5,150,750
474,2024-01-18,Shane Foster,Ahvaz,Books,Clean Code,3,55,165
475,2024-09-15,Melissa Campos,Rasht,Home Appliances,Air Conditioner,3,2000,6000
476,2025-06-29,Barry Bruce,Isfahan,Books,Python Programming,2,45,90
477,2025-03-02,Kimberly Bailey,Tabriz,Electronics,Smartphone,3,800,2400
478,2024-06-05,Toni Gomez,Qom,Sports,Tennis Racket,2,180,360
479,2024-04-29,Andrew Wilkerson,Isfahan,Electronics,Smartphone,5,800,4000
480,2024-06-16,Linda Torres,Tabriz,Books,Clean Code,4,55,220
481,2025-11-27,Jeffrey Brown,Ahvaz,Books,Algorithms,2,70,140
482,2025-03-14,Marc Gonzalez,Tehran,Home Appliances,Refrigerator,5,1800,9000
483,2025-12-24,Michelle Taylor,Mashhad,Electronics,Laptop,2,1200,2400
484,2024-09-11,Rachel Baker,Tabriz,Electronics,Smart Watch,5,250,1250
485,2024-11-08,Frederick Lee,Ahvaz,Home Appliances,Air Conditioner,3,2000,6000
486,2025-08-29,Jody Young,Tehran,Books,Data Science Handbook,1,60,60
487,2025-06-20,Amanda Graves,Qom,Books,Data Science Handbook,1,60,60
488,2025-08-22,Wendy Christian,Shiraz,Home Appliances,Microwave,5,220,1100
489,2025-07-21,Jeffrey Moody,Qom,Sports,Tennis Racket,3,180,540
490,2024-01-16,Mary Daugherty,Rasht,Sports,Basketball,1,35,35
491,2024-05-29,Paul Bradley,Shiraz,Home Appliances,Washing Machine,1,1500,1500
492,2024-04-13,Jason Suarez,Rasht,Home Appliances,Washing Machine,2,1500,3000
493,2024-02-04,Miranda Williams,Isfahan,Books,Algorithms,2,70,140
494,2024-04-19,Sabrina Vasquez,Karaj,Electronics,Smart Watch,1,250,250
495,2024-07-23,Robert Ray,Qom,Home Appliances,Air Conditioner,5,2000,10000
496,2024-03-18,Jonathan Chase,Tabriz,Books,Python Programming,1,45,45
497,2025-01-09,Sarah Knox,Isfahan,Books,Python Programming,1,45,45
498,2024-05-29,Christopher Snyder,Tehran,Home Appliances,Washing Machine,2,1500,3000
499,2024-05-17,Helen Cuevas,Rasht,Books,Clean Code,3,55,165
500,2024-09-14,Monica Brady,Qom,Home Appliances,Vacuum Cleaner,2,300,600
501,2025-08-31,Nicholas Hensley,Tehran,Books,Machine Learning,4,80,320
502,2024-04-20,Jennifer Tanner,Tehran,Home Appliances,Air Conditioner,4,2000,8000
503,2024-07-15,Phillip Smith,Karaj,Sports,Running Shoes,4,120,480
504,2024-02-19,Linda Kane,Kermanshah,Books,Python Programming,4,45,180
505,2025-12-19,Katelyn Gutierrez,Mashhad,Electronics,Laptop,4,1200,4800
506,2025-10-17,Kyle Davis,Kermanshah,Home Appliances,Washing Machine,1,1500,1500
507,2024-11-30,Kevin Phillips,Tehran,Sports,Running Shoes,4,120,480
508,2024-05-10,Donna Jones,Rasht,Electronics,Tablet,5,500,2500
509,2025-02-17,Brittany Hughes,Mashhad,Sports,Basketball,4,35,140
510,2025-01-08,Nicholas Cabrera,Ahvaz,Books,Python Programming,1,45,45
511,2024-06-30,Cassandra Lane,Rasht,Home Appliances,Microwave,2,220,440
512,2024-05-04,Donald Welch,Isfahan,Electronics,Smartphone,4,800,3200
513,2024-01-01,Tracy Turner PhD,Rasht,Electronics,Tablet,1,500,500
514,2025-03-11,Jessica Castro,Kermanshah,Books,Clean Code,1,55,55
515,2024-11-20,Courtney Wong,Shiraz,Home Appliances,Refrigerator,5,1800,9000
516,2025-01-18,Jeffrey West,Kermanshah,Home Appliances,Air Conditioner,3,2000,6000
517,2024-01-23,Michael Cox,Shiraz,Books,Machine Learning,4,80,320
518,2025-06-16,Jody Miller,Isfahan,Home Appliances,Air Conditioner,5,2000,10000
519,2025-02-28,Brandy Lowery,Qom,Home Appliances,Air Conditioner,3,2000,6000
520,2025-07-29,Ryan Smith,Qom,Home Appliances,Air Conditioner,4,2000,8000
521,2024-05-11,Daniel Parker,Tabriz,Sports,Basketball,5,35,175
522,2024-10-05,Morgan Turner,Shiraz,Home Appliances,Refrigerator,1,1800,1800
523,2024-02-13,Raymond Smith,Tabriz,Home Appliances,Microwave,3,220,660
524,2025-03-05,Ashley Holt,Tehran,Sports,Basketball,2,35,70
525,2024-06-07,Adam King,Shiraz,Home Appliances,Vacuum Cleaner,4,300,1200
526,2024-07-08,Tina Arnold,Karaj,Home Appliances,Refrigerator,3,1800,5400
527,2025-09-02,Thomas Smith,Mashhad,Books,Machine Learning,3,80,240
528,2024-02-05,Tonya Campos,Tehran,Home Appliances,Refrigerator,4,1800,7200
529,2025-11-14,Kimberly Sanford MD,Shiraz,Home Appliances,Refrigerator,5,1800,9000
530,2025-05-24,Jeffrey Vasquez,Qom,Electronics,Smartphone,4,800,3200
531,2025-08-22,Jimmy Williams,Tabriz,Electronics,Tablet,1,500,500
532,2024-07-03,Douglas Bell,Mashhad,Books,Clean Code,5,55,275
533,2025-01-01,Jason Ortiz,Ahvaz,Sports,Football,2,30,60
534,2025-12-27,Paul Barajas,Kermanshah,Books,Python Programming,1,45,45
535,2025-05-08,Jonathan Galloway,Tabriz,Sports,Running Shoes,1,120,120
536,2024-01-03,Bradley Perez,Shiraz,Sports,Tennis Racket,5,180,900
537,2025-02-16,Marie Ross,Mashhad,Sports,Football,1,30,30
538,2025-04-27,Elizabeth Johnson,Ahvaz,Sports,Football,4,30,120
539,2024-09-01,Kelly Johnson,Tehran,Books,Machine Learning,3,80,240
540,2025-12-26,Cynthia Watkins,Qom,Sports,Football,2,30,60
541,2025-07-17,Patricia Ward,Tehran,Home Appliances,Refrigerator,4,1800,7200
542,2025-04-14,Mrs. Sarah Miller,Shiraz,Books,Python Programming,3,45,135
543,2025-02-10,Teresa Valdez,Ahvaz,Electronics,Smart Watch,2,250,500
544,2025-05-15,Carl Monroe,Tabriz,Sports,Running Shoes,3,120,360
545,2025-10-05,William Jones,Tabriz,Home Appliances,Washing Machine,5,1500,7500
546,2024-02-15,Kim Lin,Ahvaz,Electronics,Smart Watch,3,250,750
547,2024-12-15,Alexandra Walters,Shiraz,Sports,Running Shoes,3,120,360
548,2025-05-14,Eric Yoder,Isfahan,Sports,Basketball,4,35,140
549,2025-11-07,Dr. Austin Reyes,Karaj,Home Appliances,Microwave,5,220,1100
550,2024-05-21,Walter Jones,Shiraz,Electronics,Tablet,2,500,1000
551,2025-09-30,Brenda Barnes,Tabriz,Sports,Running Shoes,2,120,240
552,2025-05-29,Jon Mason,Tabriz,Sports,Fitness Band,5,90,450
553,2025-05-10,Kathleen Myers,Rasht,Electronics,Tablet,3,500,1500
554,2024-06-19,Lindsay Harmon,Shiraz,Books,Python Programming,4,45,180
555,2025-11-03,Tiffany Lawson,Isfahan,Home Appliances,Air Conditioner,1,2000,2000
556,2025-07-17,Amanda Proctor,Kermanshah,Sports,Running Shoes,2,120,240
557,2024-05-14,Amber Hall,Ahvaz,Home Appliances,Microwave,3,220,660
558,2024-09-07,Tammy Morton,Shiraz,Home Appliances,Microwave,3,220,660
559,2024-11-21,Latasha Dunlap,Kermanshah,Books,Algorithms,3,70,210
560,2025-05-24,Cheryl Miller,Ahvaz,Sports,Fitness Band,3,90,270
561,2024-11-30,Janice Anderson,Shiraz,Home Appliances,Microwave,1,220,220
562,2024-10-04,Sonia Romero,Rasht,Sports,Basketball,1,35,35
563,2024-10-09,Teresa Campos,Mashhad,Sports,Fitness Band,3,90,270
564,2024-05-09,Stephanie Valencia,Qom,Home Appliances,Vacuum Cleaner,4,300,1200
565,2025-08-20,Troy Chen,Tabriz,Books,Python Programming,3,45,135
566,2025-10-29,Paul James,Shiraz,Books,Algorithms,5,70,350
567,2024-12-21,Robert Browning,Mashhad,Books,Python Programming,4,45,180
568,2025-10-07,Latoya Henderson,Mashhad,Books,Machine Learning,1,80,80
569,2024-02-01,Kristen Moss,Shiraz,Sports,Tennis Racket,4,180,720
570,2024-06-22,Michelle Garcia,Qom,Home Appliances,Washing Machine,3,1500,4500
571,2025-06-11,Randall White,Kermanshah,Books,Clean Code,4,55,220
572,2024-03-22,Elizabeth Edwards,Isfahan,Home Appliances,Vacuum Cleaner,2,300,600
573,2025-02-03,Heather Parker,Qom,Electronics,Smart Watch,1,250,250
574,2025-03-31,Jonathan Holt,Ahvaz,Electronics,Tablet,4,500,2000
575,2024-04-01,Christopher Lee,Rasht,Books,Python Programming,3,45,135
576,2025-06-17,Laura Humphrey,Rasht,Sports,Tennis Racket,1,180,180
577,2025-12-30,Edward Williams,Shiraz,Books,Algorithms,1,70,70
578,2025-01-19,Jessica Ward,Tehran,Electronics,Headphones,3,150,450
579,2025-10-08,Christopher Lozano,Tabriz,Home Appliances,Air Conditioner,2,2000,4000
580,2025-04-02,Robert Lawson,Qom,Books,Algorithms,3,70,210
581,2025-04-26,Jessica Myers,Tabriz,Electronics,Headphones,5,150,750
582,2025-05-11,Cindy Stevens,Shiraz,Sports,Running Shoes,3,120,360
583,2024-05-06,Jeffrey Gutierrez,Mashhad,Home Appliances,Air Conditioner,5,2000,10000
584,2025-08-08,Rachel Nicholson,Isfahan,Electronics,Headphones,3,150,450
585,2024-06-01,Linda Robinson DDS,Ahvaz,Electronics,Smartphone,4,800,3200
586,2025-07-22,David Ray,Rasht,Sports,Basketball,1,35,35
587,2025-10-26,Anna Peterson,Rasht,Sports,Running Shoes,1,120,120
588,2024-03-13,Erin Morrison,Kermanshah,Books,Machine Learning,2,80,160
589,2025-06-01,Douglas Cooper,Tabriz,Sports,Basketball,5,35,175
590,2024-11-04,Cassandra Rivera,Tehran,Home Appliances,Vacuum Cleaner,5,300,1500
591,2024-03-11,Michael Reynolds,Karaj,Sports,Basketball,1,35,35
592,2024-01-22,Jamie Dunn,Qom,Home Appliances,Vacuum Cleaner,3,300,900
593,2025-02-10,Shawna Kelley,Rasht,Electronics,Laptop,5,1200,6000
594,2024-11-24,Carol Smith,Tabriz,Sports,Running Shoes,4,120,480
595,2025-12-15,Robert Johnson,Karaj,Sports,Football,4,30,120
596,2024-04-12,Crystal White,Tehran,Home Appliances,Washing Machine,2,1500,3000
597,2024-04-30,Laura Clarke,Rasht,Home Appliances,Washing Machine,2,1500,3000
598,2024-12-16,Nicholas Martin,Karaj,Books,Data Science Handbook,2,60,120
599,2024-12-25,Andrea Thompson,Tabriz,Home Appliances,Refrigerator,4,1800,7200
600,2025-03-04,Thomas Walker,Mashhad,Home Appliances,Vacuum Cleaner,4,300,1200
601,2025-08-09,Steven Valentine,Isfahan,Books,Clean Code,2,55,110
602,2025-07-20,Christopher Reed,Qom,Books,Python Programming,2,45,90
603,2024-05-25,Kristin Graves,Qom,Sports,Football,2,30,60
604,2024-04-13,Michael Burgess,Rasht,Electronics,Smart Watch,1,250,250
605,2025-08-08,Samantha Smith,Kermanshah,Home Appliances,Vacuum Cleaner,5,300,1500
606,2025-08-14,Christopher Ellis,Rasht,Sports,Football,4,30,120
607,2025-10-15,Katherine Burch,Tehran,Electronics,Laptop,3,1200,3600
608,2024-11-11,Crystal Roberts,Shiraz,Sports,Football,1,30,30
609,2025-07-17,Victoria Mitchell,Tehran,Home Appliances,Refrigerator,4,1800,7200
610,2024-08-02,Leslie Hendricks,Shiraz,Home Appliances,Refrigerator,4,1800,7200
611,2024-04-15,Amanda Hernandez,Tehran,Sports,Football,1,30,30
612,2024-04-07,Ryan Cooper,Isfahan,Sports,Basketball,2,35,70
613,2025-05-31,Joel Khan,Qom,Electronics,Tablet,2,500,1000
614,2024-02-08,Robert Mendoza,Rasht,Electronics,Headphones,1,150,150
615,2025-09-24,Kenneth Fischer,Shiraz,Electronics,Laptop,4,1200,4800
616,2024-11-08,Logan Howard,Tabriz,Electronics,Smartphone,2,800,1600
617,2024-02-14,William Morgan,Rasht,Home Appliances,Washing Machine,5,1500,7500
618,2025-01-08,Mark Daniel,Karaj,Electronics,Smartphone,3,800,2400
619,2025-02-26,Timothy Watson,Karaj,Sports,Running Shoes,3,120,360
620,2025-11-05,Elizabeth Young,Isfahan,Electronics,Laptop,4,1200,4800
621,2025-09-06,Carol Castillo,Karaj,Books,Machine Learning,1,80,80
622,2024-05-12,Nicole Smith,Tehran,Sports,Football,4,30,120
623,2024-10-01,Rick Russell,Shiraz,Electronics,Laptop,4,1200,4800
624,2025-08-01,Charles Rodriguez,Tabriz,Sports,Basketball,5,35,175
625,2025-06-18,Matthew Rocha,Qom,Home Appliances,Vacuum Cleaner,2,300,600
626,2024-02-13,Taylor Zimmerman,Rasht,Electronics,Headphones,3,150,450
627,2024-07-08,Molly Ramos,Mashhad,Sports,Fitness Band,3,90,270
628,2025-03-23,Jennifer Knox,Mashhad,Sports,Running Shoes,1,120,120
629,2025-04-27,Courtney Stone,Mashhad,Electronics,Smart Watch,4,250,1000
630,2024-05-23,Erica Diaz,Shiraz,Electronics,Smart Watch,5,250,1250
631,2024-10-30,Victoria Taylor,Shiraz,Books,Machine Learning,5,80,400
632,2024-12-29,Madison Rogers,Isfahan,Sports,Basketball,1,35,35
633,2025-10-17,Joshua Roth,Mashhad,Books,Data Science Handbook,3,60,180
634,2025-10-14,Lisa Benjamin,Kermanshah,Books,Data Science Handbook,5,60,300
635,2024-11-01,Edward Hoffman,Shiraz,Sports,Tennis Racket,1,180,180
636,2024-07-05,Sergio Ortega,Ahvaz,Home Appliances,Microwave,1,220,220
637,2025-09-12,James Craig,Tabriz,Sports,Football,4,30,120
638,2025-08-18,Monica Peterson,Karaj,Home Appliances,Vacuum Cleaner,2,300,600
639,2024-05-24,Riley Gonzalez,Isfahan,Sports,Tennis Racket,5,180,900
640,2025-03-21,Gregory Johnston,Mashhad,Electronics,Laptop,1,1200,1200
641,2024-03-17,Amanda Bishop,Rasht,Electronics,Headphones,2,150,300
642,2024-09-20,Wendy Mitchell,Tabriz,Electronics,Smartphone,3,800,2400
643,2025-08-15,Cassandra Bennett,Ahvaz,Home Appliances,Refrigerator,3,1800,5400
644,2025-07-16,Donald Dixon,Tabriz,Books,Data Science Handbook,4,60,240
645,2024-07-25,Shaun Clark,Isfahan,Home Appliances,Refrigerator,4,1800,7200
646,2025-01-17,Ryan Rodriguez,Tehran,Sports,Basketball,5,35,175
647,2025-03-13,Hannah Turner,Qom,Books,Algorithms,3,70,210
648,2025-05-17,Patricia Hernandez,Karaj,Sports,Football,4,30,120
649,2024-10-25,Mr. David Ware,Tehran,Home Appliances,Washing Machine,3,1500,4500
650,2024-02-19,Kevin Owen,Isfahan,Books,Machine Learning,5,80,400
651,2025-03-13,Jonathon Bennett,Rasht,Electronics,Tablet,3,500,1500
652,2024-06-18,Rhonda Alvarez,Ahvaz,Electronics,Headphones,3,150,450
653,2024-05-06,Timothy Morris,Karaj,Books,Data Science Handbook,4,60,240
654,2025-04-28,Michael Jordan,Tehran,Home Appliances,Air Conditioner,3,2000,6000
655,2024-07-11,John Pace,Ahvaz,Home Appliances,Vacuum Cleaner,1,300,300
656,2024-03-10,Karen Hendrix,Tabriz,Sports,Tennis Racket,5,180,900
657,2025-11-16,Jeffrey Torres,Karaj,Home Appliances,Refrigerator,2,1800,3600
658,2024-02-08,David Williams,Tehran,Sports,Fitness Band,1,90,90
659,2025-02-06,Christian Martinez,Rasht,Sports,Fitness Band,5,90,450
660,2025-12-25,Pamela Marquez,Tabriz,Electronics,Smartphone,5,800,4000
661,2024-10-15,Holly Carr,Rasht,Sports,Basketball,5,35,175
662,2024-08-06,Victor Holt,Shiraz,Electronics,Headphones,5,150,750
663,2024-11-07,Michael Maldonado,Tabriz,Home Appliances,Microwave,1,220,220
664,2024-02-17,Allison Bowman,Mashhad,Books,Python Programming,1,45,45
665,2024-05-29,Danny Adams,Kermanshah,Books,Python Programming,5,45,225
666,2024-09-30,Lucas Hill,Tabriz,Books,Algorithms,4,70,280
667,2025-09-28,James Grimes,Mashhad,Electronics,Headphones,5,150,750
668,2025-07-12,Kyle Cervantes III,Tabriz,Electronics,Smartphone,3,800,2400
669,2024-08-19,Angela Gaines,Shiraz,Books,Clean Code,2,55,110
670,2024-10-11,Sean Herrera,Ahvaz,Electronics,Headphones,1,150,150
671,2025-04-26,Amber Watson DVM,Isfahan,Books,Python Programming,4,45,180
672,2025-06-12,Pamela Obrien,Tehran,Sports,Basketball,4,35,140
673,2025-03-29,Lori Garcia,Rasht,Home Appliances,Vacuum Cleaner,3,300,900
674,2025-08-01,Sherry Deleon,Isfahan,Electronics,Smartphone,4,800,3200
675,2025-04-19,Laura Knapp,Shiraz,Home Appliances,Air Conditioner,2,2000,4000
676,2025-02-26,David Ramirez,Tabriz,Sports,Running Shoes,4,120,480
677,2024-09-24,Michael Johnson DDS,Rasht,Home Appliances,Microwave,4,220,880
678,2025-05-27,Dominique King,Tabriz,Home Appliances,Air Conditioner,4,2000,8000
679,2024-04-08,Mrs. Rhonda Murphy,Isfahan,Electronics,Laptop,3,1200,3600
680,2024-03-14,Daniel Hampton,Shiraz,Home Appliances,Refrigerator,2,1800,3600
681,2025-03-20,Brianna Roberts,Kermanshah,Home Appliances,Air Conditioner,1,2000,2000
682,2025-11-22,Eugene Huang,Karaj,Electronics,Headphones,5,150,750
683,2025-12-17,Loretta Smith,Mashhad,Sports,Tennis Racket,5,180,900
684,2025-06-20,Karen Walker,Rasht,Electronics,Headphones,1,150,150
685,2024-10-09,Phillip Grant,Shiraz,Sports,Basketball,2,35,70
686,2024-04-19,Melissa Rice,Qom,Home Appliances,Washing Machine,1,1500,1500
687,2024-03-08,Lauren Bennett,Qom,Sports,Basketball,2,35,70
688,2025-09-20,Kathryn Sherman,Ahvaz,Sports,Football,1,30,30
689,2025-04-19,Justin Phillips,Karaj,Electronics,Headphones,2,150,300
690,2024-04-25,William Brennan,Shiraz,Sports,Basketball,1,35,35
691,2025-10-22,Brian Cook,Ahvaz,Books,Machine Learning,3,80,240
692,2025-05-05,John Gordon,Tabriz,Sports,Tennis Racket,4,180,720
693,2024-01-02,Lisa Rangel,Ahvaz,Electronics,Smart Watch,5,250,1250
694,2025-03-30,Ronald Robinson,Karaj,Home Appliances,Refrigerator,3,1800,5400
695,2025-11-12,Alyssa Rivers,Karaj,Home Appliances,Microwave,4,220,880
696,2025-01-04,Sean Marshall,Tehran,Sports,Tennis Racket,3,180,540
697,2025-04-26,Jeremy Soto,Mashhad,Books,Machine Learning,4,80,320
698,2025-12-22,James Russell,Qom,Electronics,Headphones,2,150,300
699,2025-05-08,Beth Brown,Rasht,Sports,Basketball,1,35,35
700,2024-03-01,Ashley Singh,Rasht,Home Appliances,Air Conditioner,1,2000,2000
701,2025-07-07,Luis Miranda,Ahvaz,Electronics,Smartphone,5,800,4000
702,2025-11-28,Rebecca Hill,Shiraz,Home Appliances,Microwave,2,220,440
703,2025-03-01,Steven Johnson,Tehran,Sports,Tennis Racket,2,180,360
704,2025-01-12,James Rodriguez,Qom,Books,Algorithms,2,70,140
705,2024-03-18,John Kim,Mashhad,Home Appliances,Air Conditioner,4,2000,8000
706,2024-03-02,Jamie Meza,Ahvaz,Books,Machine Learning,2,80,160
707,2025-01-09,Leslie Perkins,Karaj,Electronics,Smartphone,3,800,2400
708,2024-01-26,Kaylee Gross,Rasht,Sports,Football,5,30,150
709,2025-09-27,Ryan Todd,Karaj,Home Appliances,Washing Machine,5,1500,7500
710,2025-02-04,Alexander Chavez,Mashhad,Books,Data Science Handbook,2,60,120
711,2024-05-20,Jennifer Owens,Qom,Home Appliances,Microwave,4,220,880
712,2025-08-30,Theresa Dixon,Ahvaz,Sports,Tennis Racket,4,180,720
713,2024-12-27,Toni Drake,Tehran,Home Appliances,Washing Machine,1,1500,1500
714,2024-03-23,Nicholas Luna,Kermanshah,Electronics,Laptop,2,1200,2400
715,2024-08-31,James Pearson,Karaj,Home Appliances,Refrigerator,3,1800,5400
716,2025-01-06,Mr. Blake Rose DVM,Isfahan,Sports,Basketball,3,35,105
717,2025-10-07,Dominic Miller,Karaj,Electronics,Smart Watch,5,250,1250
718,2025-04-25,Deborah Baker,Karaj,Books,Machine Learning,2,80,160
719,2024-12-08,Patricia Campos,Rasht,Home Appliances,Microwave,3,220,660
720,2024-06-28,Jeffrey Moore,Mashhad,Home Appliances,Microwave,5,220,1100
721,2024-09-30,Lisa Castillo,Isfahan,Home Appliances,Air Conditioner,1,2000,2000
722,2025-05-12,Autumn Clark,Shiraz,Home Appliances,Refrigerator,2,1800,3600
723,2025-04-07,Jean Marsh,Ahvaz,Electronics,Smartphone,5,800,4000
724,2025-03-03,Martha Marks,Mashhad,Electronics,Smartphone,1,800,800
725,2024-11-13,Howard Williams,Tehran,Electronics,Laptop,3,1200,3600
726,2025-11-28,Dana Bauer,Ahvaz,Books,Python Programming,3,45,135
727,2024-08-30,Heidi Gray,Mashhad,Sports,Basketball,1,35,35
728,2024-12-07,Christopher Hensley,Isfahan,Sports,Football,3,30,90
729,2025-12-20,Leslie Johnson,Qom,Sports,Basketball,5,35,175
730,2025-08-27,Melissa Watson,Mashhad,Sports,Football,2,30,60
731,2025-06-12,Julian Griffin,Tehran,Home Appliances,Refrigerator,5,1800,9000
732,2025-05-12,Roger Taylor,Kermanshah,Sports,Football,1,30,30
733,2025-06-14,Lisa Garza,Kermanshah,Sports,Tennis Racket,4,180,720
734,2025-01-17,Tina Reed,Tabriz,Books,Algorithms,1,70,70
735,2024-09-06,Mrs. Andrea Mcconnell MD,Isfahan,Home Appliances,Microwave,3,220,660
736,2025-11-15,Brian Roman,Isfahan,Electronics,Headphones,3,150,450
737,2025-11-12,Lisa Watson,Mashhad,Sports,Tennis Racket,2,180,360
738,2025-11-17,Mary Maldonado,Karaj,Electronics,Smart Watch,3,250,750
739,2025-05-30,Charles Garcia,Tabriz,Sports,Football,4,30,120
740,2025-09-17,Brenda Jackson,Isfahan,Books,Machine Learning,5,80,400
741,2024-08-07,Leslie Frost,Ahvaz,Home Appliances,Washing Machine,2,1500,3000
742,2025-05-02,Abigail Fields,Karaj,Sports,Tennis Racket,5,180,900
743,2024-12-29,Albert Green,Rasht,Books,Data Science Handbook,4,60,240
744,2025-01-09,Kelsey Cummings,Shiraz,Electronics,Smartphone,1,800,800
745,2024-03-18,Lisa Jackson,Rasht,Home Appliances,Air Conditioner,2,2000,4000
746,2025-01-16,Denise Alexander,Kermanshah,Sports,Basketball,3,35,105
747,2024-07-31,Timothy Owens,Tabriz,Home Appliances,Vacuum Cleaner,3,300,900
748,2025-07-27,Nancy Olson,Qom,Books,Clean Code,5,55,275
749,2025-10-16,Ms. Wendy Sparks,Karaj,Sports,Tennis Racket,5,180,900
750,2024-02-15,Christina Porter,Isfahan,Electronics,Smart Watch,4,250,1000
751,2024-06-22,Tammy Lewis,Shiraz,Sports,Basketball,3,35,105
752,2025-10-26,Megan Marks,Qom,Books,Machine Learning,5,80,400
753,2024-09-23,Lydia Ramirez,Tabriz,Electronics,Smartphone,3,800,2400
754,2025-01-02,Jose Haynes,Tabriz,Books,Data Science Handbook,3,60,180
755,2024-03-10,Judy Carter,Isfahan,Sports,Basketball,1,35,35
756,2025-01-06,Dan Howell,Kermanshah,Sports,Running Shoes,1,120,120
757,2024-11-09,Amanda Lewis,Karaj,Electronics,Headphones,1,150,150
758,2025-06-19,Christina Hopkins,Tabriz,Books,Python Programming,4,45,180
759,2025-12-26,Theresa Sanchez,Rasht,Sports,Football,3,30,90
760,2024-03-03,Eileen Romero,Ahvaz,Home Appliances,Microwave,1,220,220
761,2025-05-14,Jorge Tran,Tabriz,Home Appliances,Washing Machine,5,1500,7500
762,2025-09-06,Caitlyn Sosa,Qom,Books,Data Science Handbook,3,60,180
763,2025-07-14,Barbara Johnson,Tehran,Home Appliances,Microwave,5,220,1100
764,2025-08-13,Andrea Lambert,Qom,Home Appliances,Refrigerator,5,1800,9000
765,2024-02-19,Karen Sosa,Rasht,Books,Data Science Handbook,2,60,120
766,2024-04-02,David Barnett MD,Tabriz,Sports,Tennis Racket,5,180,900
767,2024-06-27,David Maldonado,Kermanshah,Home Appliances,Microwave,5,220,1100
768,2025-03-28,Stephanie Bell,Isfahan,Books,Clean Code,3,55,165
769,2025-04-27,Dorothy Dorsey,Rasht,Books,Algorithms,5,70,350
770,2025-05-14,Jackson Knight,Kermanshah,Books,Machine Learning,4,80,320
771,2024-10-16,Matthew Baldwin,Mashhad,Sports,Football,5,30,150
772,2024-09-26,David Morgan,Karaj,Electronics,Smartphone,2,800,1600
773,2024-01-29,Michelle Williams,Shiraz,Home Appliances,Refrigerator,2,1800,3600
774,2025-04-23,Joseph Ramos,Ahvaz,Electronics,Headphones,5,150,750
775,2025-05-12,Kristin Lloyd,Tehran,Sports,Tennis Racket,1,180,180
776,2025-09-27,Nicole Peterson,Shiraz,Home Appliances,Air Conditioner,4,2000,8000
777,2024-07-05,Eric Preston,Tehran,Books,Clean Code,3,55,165
778,2025-04-10,Eddie Hernandez,Ahvaz,Electronics,Headphones,2,150,300
779,2024-11-24,Jacqueline Paul,Shiraz,Electronics,Smartphone,3,800,2400
780,2024-09-25,Denise Browning,Rasht,Home Appliances,Washing Machine,4,1500,6000
781,2025-06-01,Marcus Robinson,Karaj,Electronics,Smartphone,2,800,1600
782,2024-03-01,Lori Williams,Isfahan,Electronics,Laptop,1,1200,1200
783,2024-07-28,Troy Mcintyre,Kermanshah,Sports,Fitness Band,5,90,450
784,2024-03-04,Lisa Cunningham,Ahvaz,Home Appliances,Air Conditioner,4,2000,8000
785,2024-08-13,Elizabeth Dean,Tabriz,Home Appliances,Microwave,2,220,440
786,2024-06-22,Jessica Hardin,Qom,Electronics,Headphones,1,150,150
787,2024-06-03,Megan Patterson,Tabriz,Electronics,Smartphone,3,800,2400
788,2024-01-25,Colleen Dunn,Tehran,Home Appliances,Refrigerator,5,1800,9000
789,2024-05-18,Patricia Wang,Ahvaz,Electronics,Smartphone,2,800,1600
790,2024-05-25,Tara Lindsey,Tehran,Electronics,Tablet,2,500,1000
791,2025-05-08,Matthew Cook,Isfahan,Books,Python Programming,5,45,225
792,2025-12-11,Justin Martinez,Tehran,Books,Python Programming,3,45,135
793,2024-02-25,Deborah Lopez,Isfahan,Sports,Football,5,30,150
794,2024-06-08,Anna Lawrence,Shiraz,Home Appliances,Vacuum Cleaner,4,300,1200
795,2025-07-15,Hannah Snyder,Shiraz,Sports,Fitness Band,5,90,450
796,2024-01-27,Tonya Martin,Tabriz,Sports,Running Shoes,4,120,480
797,2024-05-19,Mr. Ryan Cooley,Isfahan,Home Appliances,Refrigerator,3,1800,5400
798,2025-03-28,Wendy Thomas,Isfahan,Home Appliances,Microwave,4,220,880
799,2025-04-23,William Solis,Isfahan,Electronics,Smart Watch,2,250,500
800,2025-03-09,Lori Huber,Kermanshah,Home Appliances,Microwave,3,220,660
801,2025-08-01,Dana Stevenson,Mashhad,Home Appliances,Air Conditioner,5,2000,10000
802,2025-07-14,Matthew Hobbs,Rasht,Books,Data Science Handbook,2,60,120
803,2025-05-07,Kaitlyn Bowen,Ahvaz,Electronics,Smart Watch,4,250,1000
804,2025-09-20,Valerie Brown,Tehran,Home Appliances,Refrigerator,5,1800,9000
805,2024-03-08,Joseph Douglas,Shiraz,Sports,Football,4,30,120
806,2025-10-07,Bruce Brown,Karaj,Home Appliances,Refrigerator,2,1800,3600
807,2025-11-18,Laurie Lawson,Karaj,Electronics,Laptop,4,1200,4800
808,2024-02-06,Richard Crane,Tehran,Sports,Tennis Racket,3,180,540
809,2024-01-22,John Moore,Tabriz,Sports,Running Shoes,3,120,360
810,2025-01-31,Nancy Mcgrath,Rasht,Electronics,Smartphone,3,800,2400
811,2025-09-19,Cynthia Alvarado,Tehran,Sports,Basketball,3,35,105
812,2024-11-15,Parker Zamora,Isfahan,Home Appliances,Microwave,1,220,220
813,2025-09-29,Barbara Benson,Isfahan,Sports,Fitness Band,2,90,180
814,2025-08-09,Evan Fitzgerald,Qom,Home Appliances,Vacuum Cleaner,2,300,600
815,2025-07-18,Krista Peterson,Ahvaz,Books,Data Science Handbook,1,60,60
816,2025-08-31,Megan Diaz,Kermanshah,Home Appliances,Washing Machine,1,1500,1500
817,2024-05-29,Michael Johnston,Isfahan,Electronics,Tablet,4,500,2000
818,2025-11-09,Martha Obrien,Kermanshah,Electronics,Headphones,2,150,300
819,2025-12-07,Jeremy Winters,Kermanshah,Home Appliances,Microwave,3,220,660
820,2024-04-19,Mrs. Carolyn Fowler DDS,Mashhad,Books,Data Science Handbook,3,60,180
821,2025-12-10,Brittany Tate,Qom,Sports,Football,4,30,120
822,2024-02-14,Tristan Hernandez,Rasht,Books,Algorithms,1,70,70
823,2025-03-29,Jeremy Bailey,Karaj,Electronics,Smart Watch,2,250,500
824,2025-06-25,Annette Jimenez,Isfahan,Sports,Running Shoes,1,120,120
825,2024-12-09,Carrie Livingston,Isfahan,Sports,Football,2,30,60
826,2025-01-20,Dr. Lisa Duncan,Ahvaz,Electronics,Tablet,5,500,2500
827,2024-09-08,Donna Smith,Mashhad,Home Appliances,Microwave,5,220,1100
828,2024-08-22,Jorge Kim,Tehran,Books,Python Programming,4,45,180
829,2025-11-29,Mary Lee,Isfahan,Electronics,Smartphone,4,800,3200
830,2025-07-27,Joseph Nixon,Karaj,Books,Machine Learning,4,80,320
831,2025-04-28,Christopher Ayala,Ahvaz,Electronics,Tablet,3,500,1500
832,2025-04-13,Timothy Cunningham,Mashhad,Books,Data Science Handbook,3,60,180
833,2024-07-07,Mr. Ricky Whitney MD,Tehran,Home Appliances,Microwave,2,220,440
834,2024-03-09,Kimberly Jackson,Kermanshah,Sports,Fitness Band,2,90,180
835,2025-10-29,Douglas Franklin,Ahvaz,Home Appliances,Refrigerator,1,1800,1800
836,2025-02-18,Mary Reynolds MD,Tabriz,Sports,Running Shoes,1,120,120
837,2025-08-17,Laura Potts,Tabriz,Home Appliances,Refrigerator,2,1800,3600
838,2024-06-25,Brandi Chase,Isfahan,Home Appliances,Air Conditioner,1,2000,2000
839,2024-01-20,Steven Mata,Ahvaz,Sports,Tennis Racket,4,180,720
840,2024-09-13,Cheryl Jackson,Isfahan,Books,Python Programming,1,45,45
841,2024-02-01,Leslie Roach,Shiraz,Sports,Basketball,2,35,70
842,2024-04-13,Jessica Shannon,Kermanshah,Home Appliances,Microwave,3,220,660
843,2024-08-26,Jesse Garcia,Isfahan,Sports,Football,3,30,90
844,2025-08-03,Linda Ward,Qom,Books,Clean Code,4,55,220
845,2025-11-29,Amanda Brennan,Shiraz,Home Appliances,Washing Machine,4,1500,6000
846,2025-07-18,Nathan Harrington,Shiraz,Sports,Basketball,2,35,70
847,2024-05-10,Christopher Harris,Mashhad,Books,Algorithms,5,70,350
848,2024-01-25,Jose Mendez,Rasht,Sports,Football,2,30,60
849,2025-06-08,Cristian Dennis,Qom,Sports,Tennis Racket,1,180,180
850,2025-09-17,Patricia Stevenson,Mashhad,Home Appliances,Vacuum Cleaner,1,300,300
851,2025-05-23,Sarah Wilson,Qom,Sports,Running Shoes,2,120,240
852,2024-02-12,Craig Erickson,Mashhad,Sports,Fitness Band,2,90,180
853,2025-05-12,Katie Doyle DVM,Tehran,Sports,Running Shoes,2,120,240
854,2024-11-20,Shelby Cox,Isfahan,Electronics,Smartphone,5,800,4000
855,2024-04-23,Benjamin Lewis,Karaj,Sports,Basketball,5,35,175
856,2024-04-08,Joshua Hanna,Rasht,Home Appliances,Microwave,4,220,880
857,2025-07-13,Jill Cooke,Shiraz,Home Appliances,Vacuum Cleaner,3,300,900
858,2024-11-25,Derek Miller,Qom,Electronics,Smartphone,3,800,2400
859,2024-04-27,Jeremy Rush,Mashhad,Home Appliances,Air Conditioner,5,2000,10000
860,2024-12-29,Jennifer Cohen,Mashhad,Sports,Fitness Band,5,90,450
861,2024-12-04,Karen Munoz,Tehran,Home Appliances,Washing Machine,5,1500,7500
862,2025-01-16,Kelli Hoover,Karaj,Electronics,Smart Watch,3,250,750
863,2025-04-17,Michael Delgado,Isfahan,Books,Algorithms,2,70,140
864,2024-05-22,James Johnson,Tehran,Sports,Running Shoes,2,120,240
865,2025-08-01,Elizabeth Thomas,Mashhad,Home Appliances,Air Conditioner,1,2000,2000
866,2024-01-02,Kayla Fernandez,Ahvaz,Sports,Tennis Racket,4,180,720
867,2024-07-10,Jennifer Swanson,Shiraz,Home Appliances,Vacuum Cleaner,3,300,900
868,2025-08-01,Nathaniel Gonzalez,Karaj,Books,Algorithms,4,70,280
869,2024-08-12,Pamela Evans,Qom,Sports,Basketball,4,35,140
870,2025-06-15,Rachel Huff,Rasht,Home Appliances,Air Conditioner,3,2000,6000
871,2025-12-13,Patrick Mason,Mashhad,Home Appliances,Microwave,2,220,440
872,2025-01-02,David Gilmore,Isfahan,Sports,Basketball,3,35,105
873,2025-12-27,Jennifer Cortez,Karaj,Electronics,Smart Watch,2,250,500
874,2025-08-06,Christian Buchanan,Karaj,Home Appliances,Refrigerator,3,1800,5400
875,2024-08-13,Lori Morton DVM,Kermanshah,Sports,Running Shoes,4,120,480
876,2024-04-06,Brooke Hansen,Tabriz,Sports,Football,3,30,90
877,2024-04-01,Mathew Carroll,Kermanshah,Home Appliances,Refrigerator,5,1800,9000
878,2025-05-03,Danielle Rose,Tehran,Home Appliances,Refrigerator,4,1800,7200
879,2025-07-16,Nicholas Baird,Rasht,Home Appliances,Air Conditioner,2,2000,4000
880,2024-06-21,Marcus Fernandez,Karaj,Home Appliances,Microwave,4,220,880
881,2024-11-19,Edwin Hall,Ahvaz,Books,Algorithms,4,70,280
882,2025-12-27,Jennifer Collins,Shiraz,Home Appliances,Refrigerator,3,1800,5400
883,2025-02-21,Krista Turner,Mashhad,Home Appliances,Microwave,3,220,660
884,2024-01-01,Karen Jones,Ahvaz,Sports,Fitness Band,2,90,180
885,2025-10-06,Alison Fields,Isfahan,Home Appliances,Air Conditioner,3,2000,6000
886,2024-03-08,Carlos Gonzalez,Ahvaz,Electronics,Tablet,1,500,500
887,2024-10-26,John Smith,Ahvaz,Books,Machine Learning,4,80,320
888,2024-07-29,Leroy Holder,Isfahan,Home Appliances,Refrigerator,5,1800,9000
889,2025-05-03,Joseph James,Qom,Home Appliances,Vacuum Cleaner,2,300,600
890,2025-01-22,Adrienne Fleming,Tehran,Sports,Football,2,30,60
891,2025-09-09,Devon Davis,Karaj,Home Appliances,Air Conditioner,4,2000,8000
892,2025-05-12,Jeffrey Watkins,Karaj,Sports,Running Shoes,5,120,600
893,2024-12-10,Tina Campbell,Tehran,Books,Clean Code,1,55,55
894,2024-11-15,Latoya Mckinney,Rasht,Books,Python Programming,1,45,45
895,2025-11-12,Kristen Guerrero,Tabriz,Electronics,Smartphone,2,800,1600
896,2025-07-10,Charles Wood,Isfahan,Sports,Running Shoes,1,120,120
897,2024-06-20,Dustin Baker,Ahvaz,Home Appliances,Vacuum Cleaner,3,300,900
898,2024-03-22,Jacob Hendricks,Tehran,Sports,Running Shoes,3,120,360
899,2025-07-27,Paul Joyce,Tehran,Books,Data Science Handbook,1,60,60
900,2024-07-24,Richard Robinson,Rasht,Books,Data Science Handbook,1,60,60
901,2025-03-06,Christina Foster,Shiraz,Sports,Fitness Band,1,90,90
902,2024-12-23,Kimberly Ayers,Qom,Books,Machine Learning,3,80,240
903,2025-01-27,Christina Roberts,Tabriz,Books,Python Programming,2,45,90
904,2024-12-02,Edward Hooper,Kermanshah,Books,Data Science Handbook,3,60,180
905,2025-09-09,Joshua Jones,Isfahan,Electronics,Smartphone,2,800,1600
906,2024-07-26,Kirsten Turner,Isfahan,Books,Data Science Handbook,3,60,180
907,2024-11-06,Patrick Lee,Tabriz,Electronics,Tablet,2,500,1000
908,2025-11-29,Carrie Williams,Shiraz,Books,Algorithms,1,70,70
909,2025-02-14,David Morris,Mashhad,Home Appliances,Washing Machine,4,1500,6000
910,2025-07-24,Samuel Wilkins,Ahvaz,Sports,Fitness Band,3,90,270
911,2024-01-13,John Freeman,Karaj,Home Appliances,Microwave,1,220,220
912,2024-11-22,Brad Johnson,Qom,Electronics,Smartphone,3,800,2400
913,2025-03-20,Ryan Sawyer,Rasht,Sports,Basketball,4,35,140
914,2025-07-16,Craig Hill,Shiraz,Home Appliances,Washing Machine,4,1500,6000
915,2025-01-01,Thomas Moore,Rasht,Home Appliances,Refrigerator,1,1800,1800
916,2024-10-15,Sharon Fisher,Kermanshah,Sports,Basketball,5,35,175
917,2025-01-06,Matthew Baker,Tabriz,Home Appliances,Air Conditioner,5,2000,10000
918,2025-08-24,Julie Miller,Isfahan,Home Appliances,Microwave,2,220,440
919,2025-05-11,David Goodman,Karaj,Sports,Running Shoes,5,120,600
920,2025-12-18,John Smith,Tehran,Sports,Football,3,30,90
921,2025-02-19,Matthew Young,Isfahan,Electronics,Smartphone,4,800,3200
922,2025-12-06,Latoya Anderson,Qom,Home Appliances,Vacuum Cleaner,5,300,1500
923,2025-01-30,Kathleen Davis,Shiraz,Books,Python Programming,4,45,180
924,2024-06-11,Victoria Williams,Shiraz,Sports,Running Shoes,4,120,480
925,2025-03-04,Thomas Joseph,Rasht,Home Appliances,Refrigerator,5,1800,9000
926,2024-08-19,Emily Collier,Shiraz,Electronics,Smartphone,1,800,800
927,2024-05-13,Roger Maxwell,Tehran,Books,Clean Code,2,55,110
928,2025-02-19,Anne Berger,Isfahan,Sports,Basketball,2,35,70
929,2024-04-24,Patrick Myers,Shiraz,Books,Clean Code,4,55,220
930,2024-07-25,Stacey Richards,Tehran,Home Appliances,Washing Machine,3,1500,4500
931,2024-04-01,Jennifer Vaughn,Rasht,Home Appliances,Washing Machine,4,1500,6000
932,2024-09-27,William Peterson,Rasht,Sports,Basketball,4,35,140
933,2025-10-01,Brooke Gomez,Mashhad,Home Appliances,Air Conditioner,1,2000,2000
934,2024-12-03,Catherine Spencer,Rasht,Sports,Fitness Band,1,90,90
935,2025-12-06,Dylan Logan,Mashhad,Sports,Tennis Racket,4,180,720
936,2025-02-20,Laurie Daniels,Shiraz,Electronics,Smartphone,3,800,2400
937,2025-07-25,Gary Martinez,Shiraz,Home Appliances,Refrigerator,1,1800,1800
938,2025-02-11,Deborah Colon,Tabriz,Home Appliances,Refrigerator,5,1800,9000
939,2024-07-02,Gabriel Cherry,Karaj,Electronics,Tablet,2,500,1000
940,2025-09-25,Alexander Ramos,Mashhad,Books,Data Science Handbook,4,60,240
941,2025-03-31,Casey Hensley,Isfahan,Home Appliances,Refrigerator,3,1800,5400
942,2024-03-06,Terry Watkins,Qom,Books,Algorithms,4,70,280
943,2025-11-11,John Woodard,Qom,Electronics,Laptop,4,1200,4800
944,2024-10-11,Richard Bailey,Ahvaz,Home Appliances,Refrigerator,4,1800,7200
945,2025-07-26,Steve Garrett,Shiraz,Electronics,Headphones,2,150,300
946,2025-09-05,George Reid,Kermanshah,Electronics,Headphones,3,150,450
947,2024-01-30,Brittany Lopez,Ahvaz,Books,Machine Learning,4,80,320
948,2025-12-03,Jessica Barber,Ahvaz,Home Appliances,Microwave,2,220,440
949,2025-10-14,Gabrielle Solis,Shiraz,Books,Clean Code,1,55,55
950,2025-05-30,David Johnson,Qom,Books,Data Science Handbook,1,60,60
951,2025-05-10,Kenneth Hernandez,Tabriz,Books,Clean Code,3,55,165
952,2025-02-04,Joan Williamson,Ahvaz,Home Appliances,Refrigerator,3,1800,5400
953,2024-03-14,Veronica Johnson,Tehran,Sports,Football,1,30,30
954,2024-09-27,Mario Dominguez,Mashhad,Sports,Basketball,4,35,140
955,2024-04-08,Marc Gonzales,Qom,Books,Algorithms,2,70,140
956,2025-06-06,Mr. Mark Evans,Karaj,Books,Clean Code,5,55,275
957,2024-05-28,Christopher Ruiz,Tehran,Home Appliances,Air Conditioner,1,2000,2000
958,2024-08-21,Carl Walker,Ahvaz,Sports,Basketball,3,35,105
959,2024-12-20,Diane Robinson,Qom,Electronics,Tablet,5,500,2500
960,2024-12-28,Derrick Brown,Ahvaz,Sports,Fitness Band,4,90,360
961,2025-05-19,Alicia Shepard,Karaj,Sports,Running Shoes,4,120,480
962,2025-05-03,Frank Mann DDS,Karaj,Electronics,Tablet,4,500,2000
963,2025-11-01,Anthony Hayes,Mashhad,Home Appliances,Vacuum Cleaner,1,300,300
964,2025-12-24,Jennifer Anderson,Tehran,Electronics,Headphones,4,150,600
965,2024-10-18,Michael Lewis,Karaj,Books,Clean Code,1,55,55
966,2025-10-14,Robyn Anderson,Mashhad,Books,Clean Code,1,55,55
967,2025-02-08,Kevin Walsh,Karaj,Home Appliances,Air Conditioner,1,2000,2000
968,2025-12-13,Denise Kemp,Ahvaz,Books,Python Programming,2,45,90
969,2025-10-27,Jennifer Martinez,Ahvaz,Electronics,Smartphone,5,800,4000
970,2025-02-26,Terri Williams,Isfahan,Sports,Tennis Racket,4,180,720
971,2024-12-10,Emily Schmidt,Karaj,Books,Python Programming,5,45,225
972,2024-10-04,Jared Page,Qom,Books,Clean Code,5,55,275
973,2025-11-12,Matthew Miller,Shiraz,Home Appliances,Microwave,1,220,220
974,2025-05-21,Francisco Lynch,Tabriz,Sports,Football,1,30,30
975,2024-04-07,Andrea Wright,Ahvaz,Sports,Tennis Racket,4,180,720
976,2024-03-15,Jessica Fry,Mashhad,Books,Python Programming,4,45,180
977,2025-11-04,Steven Thomas,Ahvaz,Books,Algorithms,2,70,140
978,2025-03-07,Cheryl Leonard,Ahvaz,Home Appliances,Vacuum Cleaner,2,300,600
979,2024-05-29,Zachary Lindsey,Tehran,Electronics,Smartphone,5,800,4000
980,2024-03-21,Donald Burnett,Tabriz,Home Appliances,Refrigerator,1,1800,1800
981,2025-04-25,Anna Lee,Kermanshah,Sports,Tennis Racket,4,180,720
982,2024-05-04,Mckenzie Spencer,Mashhad,Electronics,Laptop,3,1200,3600
983,2024-03-30,Robert Gibbs,Ahvaz,Books,Data Science Handbook,1,60,60
984,2025-05-06,Tyler Martin,Isfahan,Electronics,Smartphone,4,800,3200
985,2024-09-17,Jessica Rodriguez PhD,Kermanshah,Home Appliances,Washing Machine,3,1500,4500
986,2025-11-07,Laura Williams,Tehran,Books,Machine Learning,2,80,160
987,2025-07-28,Ann Snow,Tehran,Home Appliances,Refrigerator,1,1800,1800
988,2024-07-24,Tara Sexton,Shiraz,Home Appliances,Washing Machine,4,1500,6000
989,2024-07-22,Pedro Harvey,Shiraz,Books,Data Science Handbook,2,60,120
990,2025-04-19,Terry Lewis,Karaj,Sports,Basketball,4,35,140
991,2025-09-06,Sean Poole,Isfahan,Books,Python Programming,4,45,180
992,2025-02-24,Christopher Cox,Ahvaz,Sports,Football,3,30,90
993,2024-08-03,Brooke Hobbs,Ahvaz,Sports,Running Shoes,2,120,240
994,2025-04-09,Katherine Hubbard,Ahvaz,Home Appliances,Vacuum Cleaner,1,300,300
995,2025-01-03,Ralph Carr,Mashhad,Home Appliances,Refrigerator,5,1800,9000
996,2024-11-16,Deborah Houston,Shiraz,Home Appliances,Air Conditioner,4,2000,8000
997,2024-05-16,William Montoya,Tehran,Home Appliances,Air Conditioner,3,2000,6000
998,2024-03-09,Daniel Rodriguez,Kermanshah,Sports,Basketball,4,35,140
999,2025-08-28,Jeffrey Davis,Rasht,Books,Python Programming,5,45,225
1000,2024-01-03,Amy Johnson,Tabriz,Electronics,Laptop,5,1200,6000
1001,2024-08-04,William Greene,Mashhad,Electronics,Smartphone,5,800,4000
1002,2025-06-27,Deanna Gonzalez,Rasht,Sports,Running Shoes,4,120,480
1003,2025-05-13,Melissa Boyer,Ahvaz,Electronics,Tablet,4,500,2000
1004,2025-10-28,Sarah Johnson,Rasht,Books,Python Programming,3,45,135
1005,2025-04-03,Jason Ray,Isfahan,Home Appliances,Vacuum Cleaner,3,300,900
1006,2024-10-28,Darryl Jacobs,Isfahan,Electronics,Headphones,5,150,750
1007,2025-11-07,Andre Miller,Tehran,Books,Machine Learning,2,80,160
1008,2025-12-25,Mr. Victor Price,Mashhad,Electronics,Smart Watch,2,250,500
1009,2024-12-02,Patricia Webster,Ahvaz,Electronics,Tablet,4,500,2000
1010,2024-06-03,Bridget Hernandez,Ahvaz,Home Appliances,Washing Machine,3,1500,4500
1011,2025-01-06,Emily Bean,Tabriz,Electronics,Laptop,3,1200,3600
1012,2025-01-22,Michael Curtis,Qom,Books,Machine Learning,1,80,80
1013,2025-07-17,Nicole Ingram,Karaj,Electronics,Headphones,1,150,150
1014,2024-09-22,Garrett Robinson,Ahvaz,Electronics,Tablet,4,500,2000
1015,2024-05-03,Anthony Gomez,Tabriz,Electronics,Laptop,3,1200,3600
1016,2024-08-24,Rhonda Petty MD,Tehran,Sports,Football,2,30,60
1017,2024-10-08,Jennifer Nelson,Tehran,Electronics,Smart Watch,5,250,1250
1018,2025-09-30,Lindsay Macdonald,Tabriz,Books,Clean Code,5,55,275
1019,2025-07-08,Larry Carrillo,Qom,Books,Data Science Handbook,4,60,240
1020,2025-08-19,Jessica Christensen MD,Mashhad,Books,Clean Code,1,55,55
1021,2024-01-25,Derek Conrad,Qom,Books,Clean Code,4,55,220
1022,2024-07-03,Bonnie Reeves,Isfahan,Books,Python Programming,2,45,90
1023,2025-09-11,Kathleen Sampson,Tabriz,Electronics,Smartphone,4,800,3200
1024,2024-12-06,Paul Jackson,Shiraz,Home Appliances,Washing Machine,2,1500,3000
1025,2024-04-03,Stephanie Matthews,Qom,Electronics,Smart Watch,3,250,750
1026,2025-02-28,Jesse Villanueva,Qom,Electronics,Laptop,2,1200,2400
1027,2024-07-07,Rachel Parker,Tehran,Sports,Fitness Band,5,90,450
1028,2025-11-23,Amy Harris,Rasht,Books,Algorithms,4,70,280
1029,2024-10-31,Robyn Smith,Rasht,Electronics,Headphones,1,150,150
1030,2025-08-19,Vanessa Curtis,Tabriz,Sports,Running Shoes,2,120,240
1031,2024-08-05,Melanie White,Qom,Electronics,Smart Watch,2,250,500
1032,2025-10-22,William Scott,Ahvaz,Electronics,Smart Watch,1,250,250
1033,2024-02-21,Jenny Richardson,Tehran,Books,Algorithms,1,70,70
1034,2024-09-25,Tiffany Guerrero,Tehran,Books,Python Programming,4,45,180
1035,2024-09-25,Courtney Santana,Qom,Sports,Tennis Racket,1,180,180
1036,2025-08-12,Stephanie Patrick,Mashhad,Electronics,Smart Watch,3,250,750
1037,2025-08-22,Bradley Landry,Tehran,Sports,Running Shoes,2,120,240
1038,2025-09-26,Carl Bryant,Karaj,Books,Clean Code,5,55,275
1039,2024-04-02,Michael Humphrey,Tabriz,Sports,Tennis Racket,1,180,180
1040,2025-10-26,Thomas Poole,Tehran,Sports,Running Shoes,4,120,480
1041,2025-01-14,Jorge Coleman,Shiraz,Electronics,Laptop,2,1200,2400
1042,2024-06-22,Deborah Morris,Ahvaz,Books,Python Programming,1,45,45
1043,2024-05-02,Sarah Davis,Qom,Books,Python Programming,1,45,45
1044,2025-08-20,Ryan Brown,Tehran,Home Appliances,Refrigerator,4,1800,7200
1045,2024-05-02,Guy Barker,Rasht,Electronics,Laptop,5,1200,6000
1046,2025-09-22,Cameron Rogers,Rasht,Home Appliances,Air Conditioner,3,2000,6000
1047,2025-12-05,Paula Perry,Karaj,Books,Machine Learning,3,80,240
1048,2025-03-12,Heather Robinson,Kermanshah,Sports,Tennis Racket,1,180,180
1049,2024-05-11,Keith Miller,Tehran,Electronics,Laptop,2,1200,2400
1050,2024-09-15,Lynn Becker,Kermanshah,Home Appliances,Air Conditioner,2,2000,4000
1051,2024-06-08,Pamela Preston,Tabriz,Electronics,Tablet,2,500,1000
1052,2025-05-18,Jared Cook,Rasht,Home Appliances,Microwave,4,220,880
1053,2025-06-22,Helen Kent,Tehran,Home Appliances,Air Conditioner,4,2000,8000
1054,2024-11-02,Stephanie Price,Ahvaz,Books,Python Programming,3,45,135
1055,2025-04-22,David Walker,Rasht,Sports,Basketball,3,35,105
1056,2025-02-16,Wendy Jones,Qom,Electronics,Smart Watch,4,250,1000
1057,2025-06-05,Donna Moody,Shiraz,Home Appliances,Vacuum Cleaner,1,300,300
1058,2025-05-12,Elizabeth Stewart,Karaj,Books,Machine Learning,3,80,240
1059,2025-07-11,Nicole Harris,Tabriz,Home Appliances,Washing Machine,1,1500,1500
1060,2025-04-22,Lisa Hanson,Karaj,Electronics,Laptop,4,1200,4800
1061,2025-10-01,Amy Wilkins,Tabriz,Books,Algorithms,5,70,350
1062,2024-10-17,Kyle Mack,Tehran,Home Appliances,Air Conditioner,5,2000,10000
1063,2025-07-05,Lisa Hale,Tehran,Home Appliances,Washing Machine,4,1500,6000
1064,2025-05-04,Matthew Drake,Shiraz,Sports,Basketball,3,35,105
1065,2025-08-17,Sara Vaughan,Qom,Books,Python Programming,5,45,225
1066,2025-08-06,Joy Stewart,Kermanshah,Sports,Tennis Racket,3,180,540
1067,2025-03-14,Jonathon Tucker,Qom,Electronics,Smartphone,4,800,3200
1068,2024-06-27,Heather Pollard,Rasht,Home Appliances,Air Conditioner,1,2000,2000
1069,2025-09-23,Jessica Smith,Shiraz,Sports,Running Shoes,5,120,600
1070,2024-01-03,Amber Shaw,Mashhad,Books,Python Programming,2,45,90
1071,2024-02-13,Jeremy Harris,Qom,Books,Machine Learning,2,80,160
1072,2025-08-27,Denise Johnson,Ahvaz,Sports,Running Shoes,1,120,120
1073,2025-11-08,Kristopher Rogers,Karaj,Electronics,Tablet,1,500,500
1074,2025-07-23,Aaron Smith,Isfahan,Electronics,Smart Watch,5,250,1250
1075,2024-02-24,Kelly Schultz,Qom,Electronics,Laptop,5,1200,6000
1076,2025-04-18,Charles Roach,Tabriz,Home Appliances,Microwave,4,220,880
1077,2024-05-14,Timothy Miller,Shiraz,Books,Algorithms,4,70,280
1078,2024-04-20,Alvin Ramsey,Karaj,Books,Python Programming,1,45,45
1079,2024-06-25,Katrina Hopkins,Tehran,Books,Python Programming,2,45,90
1080,2024-11-09,Eric Duncan,Ahvaz,Home Appliances,Microwave,2,220,440
1081,2025-10-13,Jessica Fritz,Qom,Electronics,Smartphone,3,800,2400
1082,2024-04-18,Annette Jennings,Kermanshah,Books,Algorithms,3,70,210
1083,2024-04-01,Anthony Compton,Qom,Sports,Tennis Racket,5,180,900
1084,2024-10-28,Shane Lynch,Qom,Electronics,Laptop,1,1200,1200
1085,2024-10-27,David Green,Tehran,Home Appliances,Vacuum Cleaner,2,300,600
1086,2024-06-28,Kelly Burns DVM,Tehran,Sports,Tennis Racket,4,180,720
1087,2025-11-01,Richard Garcia,Ahvaz,Electronics,Laptop,2,1200,2400
1088,2024-05-20,Dr. William Smith,Shiraz,Electronics,Smartphone,3,800,2400
1089,2025-10-20,Terri Baird,Kermanshah,Home Appliances,Washing Machine,2,1500,3000
1090,2024-01-31,Megan Munoz,Kermanshah,Home Appliances,Washing Machine,5,1500,7500
1091,2024-05-17,Mr. Stephen Clark,Kermanshah,Books,Python Programming,2,45,90
1092,2025-05-01,Nicole Daugherty,Tabriz,Home Appliances,Air Conditioner,4,2000,8000
1093,2025-02-28,Jonathan Brennan,Kermanshah,Books,Clean Code,5,55,275
1094,2024-08-03,Larry Herrera,Shiraz,Sports,Basketball,2,35,70
1095,2025-06-12,Jamie Quinn,Tehran,Home Appliances,Vacuum Cleaner,4,300,1200
1096,2025-04-09,Andrew Martin,Tehran,Books,Machine Learning,5,80,400
1097,2024-09-06,Samantha Decker,Mashhad,Electronics,Headphones,3,150,450
1098,2025-09-16,Samantha Valdez,Karaj,Electronics,Laptop,5,1200,6000
1099,2025-03-15,Caleb Mclean,Tehran,Electronics,Tablet,1,500,500
1100,2024-06-26,Timothy Erickson,Shiraz,Home Appliances,Vacuum Cleaner,1,300,300
1101,2025-03-25,Rachel Carrillo,Kermanshah,Sports,Basketball,1,35,35
1102,2024-08-23,Susan Griffin,Shiraz,Sports,Running Shoes,5,120,600
1103,2024-05-18,John Meyer,Qom,Sports,Fitness Band,5,90,450
1104,2025-01-25,Kimberly Gutierrez,Qom,Sports,Tennis Racket,4,180,720
1105,2024-07-11,Joshua Johnson,Mashhad,Electronics,Headphones,4,150,600
1106,2025-04-15,Ronnie Joseph,Tehran,Electronics,Smartphone,4,800,3200
1107,2025-03-11,Gabriella Tanner,Tabriz,Electronics,Headphones,5,150,750
1108,2024-12-12,Timothy Steele,Rasht,Electronics,Headphones,4,150,600
1109,2024-05-06,Diane Mendoza MD,Tabriz,Home Appliances,Microwave,1,220,220
1110,2025-01-06,Sandy Edwards,Kermanshah,Books,Python Programming,4,45,180
1111,2024-09-29,Alicia Chavez,Kermanshah,Books,Data Science Handbook,4,60,240
1112,2025-01-27,Alexandra Lee,Shiraz,Sports,Basketball,1,35,35
1113,2024-12-25,Shannon Jones,Rasht,Home Appliances,Air Conditioner,3,2000,6000
1114,2025-09-25,Steven Miller,Shiraz,Home Appliances,Vacuum Cleaner,4,300,1200
1115,2025-08-16,Gloria Harrison,Tabriz,Books,Data Science Handbook,2,60,120
1116,2025-09-17,Natalie Harris,Shiraz,Electronics,Smartphone,5,800,4000
1117,2025-03-19,Carol Martin,Shiraz,Electronics,Headphones,3,150,450
1118,2025-10-20,Lauren Dyer,Rasht,Books,Algorithms,4,70,280
1119,2024-05-20,Tracy Shepard,Tehran,Home Appliances,Refrigerator,3,1800,5400
1120,2025-01-21,Betty Wolf,Ahvaz,Home Appliances,Washing Machine,5,1500,7500
1121,2025-03-09,Cynthia Jones,Ahvaz,Electronics,Smartphone,5,800,4000
1122,2024-10-12,Dr. Michael Gonzalez DVM,Shiraz,Sports,Football,5,30,150
1123,2025-02-19,Laura Barry,Tehran,Sports,Fitness Band,1,90,90
1124,2025-04-11,Kyle Brown,Qom,Sports,Football,2,30,60
1125,2024-12-06,Richard Patton,Rasht,Home Appliances,Microwave,2,220,440
1126,2025-03-06,Ashley Gardner,Mashhad,Books,Python Programming,4,45,180
1127,2024-01-19,Mallory Rhodes,Qom,Electronics,Tablet,2,500,1000
1128,2025-05-15,Lisa Schmitt,Rasht,Home Appliances,Refrigerator,2,1800,3600
1129,2024-11-09,David Allen,Tabriz,Electronics,Laptop,2,1200,2400
1130,2024-12-24,Laura Moore,Qom,Home Appliances,Air Conditioner,3,2000,6000
1131,2024-10-13,Jennifer Hernandez,Rasht,Sports,Running Shoes,5,120,600
1132,2025-10-09,Tyler Schneider,Tabriz,Home Appliances,Washing Machine,3,1500,4500
1133,2025-09-19,Shawn Thomas,Ahvaz,Home Appliances,Air Conditioner,2,2000,4000
1134,2024-02-10,Michael Duffy,Shiraz,Electronics,Laptop,4,1200,4800
1135,2024-03-15,John Meyers,Qom,Sports,Football,5,30,150
1136,2024-04-22,Christian Bowman,Rasht,Sports,Tennis Racket,3,180,540
1137,2024-03-20,Brenda Chaney,Rasht,Electronics,Smart Watch,4,250,1000
1138,2025-03-03,Patricia Dyer,Karaj,Books,Clean Code,3,55,165
1139,2025-03-25,Donald Medina,Karaj,Books,Data Science Handbook,1,60,60
1140,2024-04-27,Kenneth Carr,Kermanshah,Sports,Basketball,5,35,175
1141,2025-07-18,Jennifer Johnston,Ahvaz,Books,Machine Learning,3,80,240
1142,2024-04-09,Mark Rodriguez,Tehran,Sports,Fitness Band,3,90,270
1143,2025-08-09,Robin Hudson,Ahvaz,Sports,Football,5,30,150
1144,2025-11-14,Leslie Trujillo,Karaj,Home Appliances,Air Conditioner,3,2000,6000
1145,2025-09-24,Lance Brown,Karaj,Electronics,Headphones,2,150,300
1146,2025-11-03,Joel Velasquez,Karaj,Electronics,Laptop,1,1200,1200
1147,2025-08-24,Daniel Wilson,Karaj,Sports,Basketball,4,35,140
1148,2024-05-29,Joshua Wells,Shiraz,Books,Python Programming,2,45,90
1149,2024-02-22,Linda Acevedo,Karaj,Home Appliances,Washing Machine,3,1500,4500
1150,2024-11-09,Larry Diaz,Tehran,Home Appliances,Vacuum Cleaner,4,300,1200
1151,2025-02-10,Judy Jenkins,Karaj,Electronics,Headphones,1,150,150
1152,2024-10-29,Michelle Pratt,Shiraz,Books,Machine Learning,5,80,400
1153,2025-06-04,Paul Miller,Karaj,Electronics,Laptop,4,1200,4800
1154,2024-09-05,Margaret Vaughan,Tabriz,Books,Algorithms,2,70,140
1155,2024-04-25,Paige Atkins,Mashhad,Sports,Running Shoes,2,120,240
1156,2025-10-13,Leslie Johnson,Mashhad,Home Appliances,Air Conditioner,3,2000,6000
1157,2025-06-11,Susan Contreras,Shiraz,Books,Clean Code,4,55,220
1158,2025-03-05,Kristin Turner,Shiraz,Home Appliances,Microwave,4,220,880
1159,2025-01-09,Heather Johnson,Shiraz,Sports,Running Shoes,2,120,240
1160,2025-07-01,Michael Williamson,Rasht,Books,Data Science Handbook,3,60,180
1161,2025-02-20,Jeanne Hogan,Shiraz,Books,Data Science Handbook,3,60,180
1162,2025-06-10,Richard Lin,Rasht,Home Appliances,Vacuum Cleaner,3,300,900
1163,2025-05-02,Emily Powell,Ahvaz,Books,Data Science Handbook,4,60,240
1164,2025-05-27,Betty Mason,Qom,Home Appliances,Air Conditioner,4,2000,8000
1165,2024-02-16,Melissa Wilkinson,Shiraz,Electronics,Tablet,4,500,2000
1166,2025-03-10,Erica Kramer,Rasht,Books,Clean Code,5,55,275
1167,2024-01-24,Jonathan Hahn,Shiraz,Books,Algorithms,4,70,280
1168,2025-08-23,Michael Ortiz,Tehran,Books,Data Science Handbook,4,60,240
1169,2024-11-18,Kathleen Smith,Shiraz,Home Appliances,Microwave,5,220,1100
1170,2025-04-15,Kevin Reilly,Ahvaz,Electronics,Headphones,1,150,150
1171,2024-06-11,Elizabeth Smith,Tehran,Books,Clean Code,1,55,55
1172,2025-03-27,Heather Horne,Qom,Books,Algorithms,3,70,210
1173,2024-07-04,Patty Moreno,Qom,Books,Machine Learning,5,80,400
1174,2024-06-02,Michael Green,Kermanshah,Electronics,Tablet,4,500,2000
1175,2025-10-10,Jeremy Cisneros,Isfahan,Sports,Fitness Band,1,90,90
1176,2025-09-17,Stephen George,Karaj,Sports,Running Shoes,4,120,480
1177,2024-08-16,Thomas Lewis,Tabriz,Sports,Football,3,30,90
1178,2025-01-06,Beth Douglas,Karaj,Electronics,Tablet,3,500,1500
1179,2025-06-05,Ronald Russell,Qom,Books,Algorithms,1,70,70
1180,2025-08-28,Lorraine Walker,Mashhad,Electronics,Tablet,2,500,1000
1181,2025-10-15,Joseph Gonzalez,Kermanshah,Books,Data Science Handbook,1,60,60
1182,2024-03-11,Kelly Dunn,Mashhad,Electronics,Smartphone,4,800,3200
1183,2025-11-07,Christine Reyes,Qom,Electronics,Tablet,4,500,2000
1184,2024-08-23,Eric Liu,Karaj,Books,Clean Code,3,55,165
1185,2024-06-23,Samantha Harrington,Isfahan,Books,Data Science Handbook,3,60,180
1186,2025-08-03,Michelle Stewart,Isfahan,Home Appliances,Microwave,4,220,880
1187,2024-10-27,Jordan Green,Shiraz,Sports,Running Shoes,5,120,600
1188,2025-09-17,Hunter White,Rasht,Books,Data Science Handbook,3,60,180
1189,2025-01-08,Taylor Roberson,Tabriz,Sports,Fitness Band,3,90,270
1190,2025-06-07,Tami Leach,Karaj,Electronics,Tablet,4,500,2000
1191,2024-01-16,Terry Tate,Mashhad,Home Appliances,Microwave,4,220,880
1192,2025-10-16,Jon Moore,Qom,Electronics,Headphones,2,150,300
1193,2024-07-22,Jennifer Jones,Tabriz,Home Appliances,Air Conditioner,4,2000,8000
1194,2025-11-18,Jesse Jackson,Karaj,Home Appliances,Vacuum Cleaner,3,300,900
1195,2024-11-03,Jeff Willis,Qom,Home Appliances,Air Conditioner,4,2000,8000
1196,2025-05-13,David Perry,Tehran,Electronics,Laptop,2,1200,2400
1197,2025-07-18,Amanda Bailey,Karaj,Sports,Fitness Band,2,90,180
1198,2025-04-05,James Colon,Tehran,Books,Data Science Handbook,5,60,300
1199,2025-03-28,Steven Wright,Isfahan,Books,Data Science Handbook,2,60,120
1200,2024-11-10,Samantha Aguilar,Kermanshah,Books,Python Programming,1,45,45
1201,2025-03-03,Samantha Adams,Kermanshah,Sports,Basketball,3,35,105
1202,2025-03-10,David Silva,Shiraz,Sports,Tennis Racket,2,180,360
1203,2025-05-14,Danielle Hughes,Tehran,Books,Clean Code,4,55,220
1204,2025-01-29,Kristen Burns,Ahvaz,Sports,Fitness Band,2,90,180
1205,2024-03-04,Christine Medina,Rasht,Books,Python Programming,1,45,45
1206,2025-11-30,Willie Austin,Karaj,Electronics,Smartphone,4,800,3200
1207,2025-01-15,Jennifer Garcia,Tabriz,Electronics,Smart Watch,2,250,500
1208,2025-04-20,Matthew Bryant,Qom,Books,Algorithms,2,70,140
1209,2025-04-21,Debra Sanchez,Qom,Books,Python Programming,4,45,180
1210,2025-03-20,Charles Turner,Qom,Sports,Running Shoes,4,120,480
1211,2024-03-19,Cynthia Stevens,Ahvaz,Home Appliances,Air Conditioner,2,2000,4000
1212,2024-05-20,Tony Anderson,Rasht,Electronics,Headphones,5,150,750
1213,2025-11-26,Shane Ruiz,Ahvaz,Books,Machine Learning,5,80,400
1214,2025-03-16,Amanda Gould,Rasht,Home Appliances,Refrigerator,2,1800,3600
1215,2025-06-05,Marisa Herman,Karaj,Electronics,Laptop,1,1200,1200
1216,2025-12-29,Connie Williams,Karaj,Books,Clean Code,4,55,220
1217,2025-05-16,Richard Diaz,Rasht,Sports,Running Shoes,3,120,360
1218,2024-01-31,Christina Jones,Ahvaz,Electronics,Tablet,5,500,2500
1219,2024-12-30,Elijah Stafford,Tabriz,Home Appliances,Washing Machine,5,1500,7500
1220,2024-09-16,Samuel Herrera,Karaj,Electronics,Smartphone,5,800,4000
1221,2024-07-08,Daniel Scott,Qom,Sports,Football,5,30,150
1222,2024-08-23,Joshua Baker,Shiraz,Home Appliances,Refrigerator,4,1800,7200
1223,2024-04-12,Samantha White,Isfahan,Home Appliances,Air Conditioner,2,2000,4000
1224,2025-06-18,Anne Bush,Karaj,Books,Machine Learning,5,80,400
1225,2024-10-14,Danielle Cooper,Ahvaz,Books,Clean Code,2,55,110
1226,2024-11-18,Rebecca Parsons,Qom,Sports,Running Shoes,4,120,480
1227,2024-04-27,Felicia Brooks,Karaj,Electronics,Headphones,4,150,600
1228,2024-10-15,Jackie Nichols DDS,Kermanshah,Sports,Tennis Racket,2,180,360
1229,2025-12-19,Kristopher Bennett,Kermanshah,Sports,Basketball,4,35,140
1230,2024-08-14,Collin Mullins,Kermanshah,Electronics,Laptop,3,1200,3600
1231,2024-05-08,Melissa Fowler,Karaj,Electronics,Smartphone,1,800,800
1232,2025-01-05,Kristina Bishop,Tabriz,Sports,Running Shoes,4,120,480
1233,2024-11-09,Laura Smith,Kermanshah,Books,Algorithms,2,70,140
1234,2024-04-14,Stephanie Davis,Ahvaz,Sports,Tennis Racket,2,180,360
1235,2025-07-29,Michael Williams,Shiraz,Sports,Tennis Racket,2,180,360
1236,2024-06-30,Douglas Page,Qom,Electronics,Smart Watch,5,250,1250
1237,2024-09-27,Katie Franklin,Shiraz,Home Appliances,Refrigerator,2,1800,3600
1238,2025-08-13,Grant Williams,Kermanshah,Sports,Fitness Band,1,90,90
1239,2024-08-17,Melissa Peters,Karaj,Home Appliances,Washing Machine,2,1500,3000
1240,2025-12-27,Katherine Woodward,Rasht,Home Appliances,Vacuum Cleaner,1,300,300
1241,2025-02-07,Rachel Stewart,Mashhad,Electronics,Laptop,5,1200,6000
1242,2025-04-04,James Contreras,Tabriz,Sports,Basketball,4,35,140
1243,2025-07-24,Christopher Velez,Mashhad,Home Appliances,Vacuum Cleaner,2,300,600
1244,2024-04-22,Brian Bernard,Rasht,Home Appliances,Air Conditioner,2,2000,4000
1245,2025-10-22,Johnny Evans,Ahvaz,Home Appliances,Refrigerator,2,1800,3600
1246,2025-02-08,James Young,Mashhad,Sports,Running Shoes,4,120,480
1247,2024-09-01,Ronald Wilson,Ahvaz,Books,Clean Code,4,55,220
1248,2024-02-23,Maria Johnson,Rasht,Books,Machine Learning,3,80,240
1249,2025-10-24,Keith Robbins,Ahvaz,Sports,Tennis Racket,2,180,360
1250,2024-10-26,Casey Matthews,Kermanshah,Home Appliances,Refrigerator,4,1800,7200
1251,2025-12-27,Angela Hart,Tehran,Home Appliances,Vacuum Cleaner,1,300,300
1252,2025-09-19,Antonio Spencer,Tabriz,Books,Algorithms,4,70,280
1253,2024-12-05,Kathryn Carroll,Mashhad,Electronics,Smartphone,5,800,4000
1254,2024-04-03,Cesar Thomas,Ahvaz,Electronics,Tablet,2,500,1000
1255,2025-11-16,Sandra Lara,Shiraz,Books,Algorithms,5,70,350
1256,2025-01-27,Arthur Green,Karaj,Home Appliances,Microwave,3,220,660
1257,2025-05-02,Robert Huber,Rasht,Home Appliances,Washing Machine,2,1500,3000
1258,2024-09-21,Jenna Marshall,Tabriz,Sports,Tennis Racket,2,180,360
1259,2024-10-20,Lacey Williams,Rasht,Books,Python Programming,2,45,90
1260,2025-10-11,Richard Morales,Kermanshah,Electronics,Laptop,5,1200,6000
1261,2024-11-05,Nicholas Cooper,Tabriz,Electronics,Headphones,3,150,450
1262,2025-08-12,Edward Maldonado,Qom,Home Appliances,Air Conditioner,5,2000,10000
1263,2024-09-21,Christina Arnold,Ahvaz,Electronics,Smartphone,5,800,4000
1264,2025-02-21,Arthur Murphy,Mashhad,Electronics,Headphones,1,150,150
1265,2024-05-10,Zachary Sanchez,Tabriz,Home Appliances,Washing Machine,5,1500,7500
1266,2024-02-02,Tanner Pacheco,Mashhad,Home Appliances,Microwave,1,220,220
1267,2025-12-21,Debra Riley,Qom,Home Appliances,Microwave,1,220,220
1268,2024-11-14,Jesse Nunez,Tabriz,Home Appliances,Microwave,3,220,660
1269,2025-09-30,Hunter Fuentes,Karaj,Sports,Football,2,30,60
1270,2024-08-09,Dr. Samantha Everett,Isfahan,Books,Clean Code,5,55,275
1271,2024-10-19,Sandy Lynch,Karaj,Sports,Fitness Band,5,90,450
1272,2024-07-07,Monique Marshall,Mashhad,Electronics,Laptop,3,1200,3600
1273,2024-11-09,Scott Coleman,Isfahan,Home Appliances,Refrigerator,1,1800,1800
1274,2024-05-25,Mark West,Mashhad,Home Appliances,Vacuum Cleaner,2,300,600
1275,2024-04-03,Mark Bennett,Tehran,Electronics,Headphones,1,150,150
1276,2024-10-07,Ryan Franco,Tehran,Home Appliances,Refrigerator,1,1800,1800
1277,2024-04-02,Michael Small,Tehran,Home Appliances,Air Conditioner,4,2000,8000
1278,2025-08-02,Maria Becker,Karaj,Sports,Fitness Band,2,90,180
1279,2025-01-30,Andrew Young MD,Qom,Home Appliances,Refrigerator,5,1800,9000
1280,2025-04-13,Tina Jenkins,Qom,Home Appliances,Washing Machine,2,1500,3000
1281,2025-01-01,Cameron Pacheco,Rasht,Books,Data Science Handbook,1,60,60
1282,2025-09-20,Jose Martin,Tabriz,Electronics,Headphones,1,150,150
1283,2025-10-06,Rebecca Nichols,Qom,Sports,Fitness Band,2,90,180
1284,2025-10-29,Krista Ortiz,Tehran,Home Appliances,Vacuum Cleaner,4,300,1200
1285,2025-11-30,Scott Webster,Rasht,Books,Data Science Handbook,5,60,300
1286,2024-08-02,Michele Thomas,Ahvaz,Books,Algorithms,3,70,210
1287,2025-03-31,Hector Cherry,Kermanshah,Home Appliances,Microwave,2,220,440
1288,2025-02-13,Garrett Hudson,Isfahan,Sports,Tennis Racket,1,180,180
1289,2025-07-01,Justin Bell,Rasht,Home Appliances,Air Conditioner,1,2000,2000
1290,2025-10-30,Paul Jacobs,Karaj,Books,Clean Code,1,55,55
1291,2024-03-20,Nathan Reeves,Mashhad,Sports,Basketball,5,35,175
1292,2025-06-19,Melissa Cohen,Mashhad,Books,Clean Code,1,55,55
1293,2024-02-07,Shaun Welch,Rasht,Home Appliances,Vacuum Cleaner,5,300,1500
1294,2025-12-20,Danny Reid,Rasht,Home Appliances,Washing Machine,1,1500,1500
1295,2025-01-02,Mike Palmer,Kermanshah,Electronics,Smart Watch,1,250,250
1296,2025-04-15,Melissa Baker,Kermanshah,Home Appliances,Vacuum Cleaner,5,300,1500
1297,2024-01-08,Angela Taylor,Kermanshah,Home Appliances,Vacuum Cleaner,5,300,1500
1298,2024-08-20,William Braun,Rasht,Electronics,Tablet,3,500,1500
1299,2024-09-20,Taylor Garcia,Isfahan,Books,Clean Code,5,55,275
1300,2025-11-08,Kathryn Washington,Tehran,Electronics,Smartphone,4,800,3200
1301,2024-03-24,Erin Valdez,Tabriz,Sports,Basketball,2,35,70
1302,2025-09-25,Elizabeth Hoffman,Tabriz,Sports,Basketball,1,35,35
1303,2024-08-18,Kerry Gilbert,Karaj,Home Appliances,Refrigerator,3,1800,5400
1304,2024-02-11,Rebekah Smith,Karaj,Sports,Football,5,30,150
1305,2025-02-24,Whitney Howard,Qom,Home Appliances,Microwave,4,220,880
1306,2025-06-10,Mr. Austin Mosley,Rasht,Electronics,Tablet,4,500,2000
1307,2024-11-02,Isabel Salazar,Kermanshah,Books,Python Programming,1,45,45
1308,2024-06-16,Jessica Bradshaw,Tehran,Books,Machine Learning,2,80,160
1309,2024-08-25,Edward Bonilla,Qom,Books,Algorithms,4,70,280
1310,2025-12-04,Christopher Johnson,Tehran,Sports,Running Shoes,5,120,600
1311,2025-09-25,Ralph Hahn,Rasht,Books,Data Science Handbook,3,60,180
1312,2025-02-05,Jeffrey Young,Karaj,Electronics,Smartphone,4,800,3200
1313,2024-10-03,Manuel Adams,Kermanshah,Books,Algorithms,1,70,70
1314,2024-01-04,Cody Norris,Ahvaz,Electronics,Smart Watch,1,250,250
1315,2024-05-17,Dr. Matthew Gonzales,Kermanshah,Books,Data Science Handbook,2,60,120
1316,2024-12-16,Jessica Robinson,Tehran,Sports,Fitness Band,4,90,360
1317,2024-10-29,Jennifer Graham,Karaj,Home Appliances,Washing Machine,5,1500,7500
1318,2025-05-01,Gary Griffin,Ahvaz,Books,Python Programming,4,45,180
1319,2024-03-22,Keith Evans DVM,Kermanshah,Sports,Fitness Band,5,90,450
1320,2024-11-09,Linda Robertson,Tehran,Sports,Tennis Racket,3,180,540
1321,2024-08-21,Christopher Keith,Qom,Electronics,Smart Watch,2,250,500
1322,2025-11-23,Jerry Baker,Karaj,Home Appliances,Vacuum Cleaner,2,300,600
1323,2024-08-31,Robert Boyd,Kermanshah,Electronics,Tablet,4,500,2000
1324,2024-05-19,Maria Hartman,Ahvaz,Books,Python Programming,3,45,135
1325,2025-11-14,Douglas Graham,Isfahan,Sports,Fitness Band,3,90,270
1326,2025-09-17,Paul Mckee,Tehran,Home Appliances,Air Conditioner,4,2000,8000
1327,2025-03-10,Brandon Burns,Mashhad,Electronics,Laptop,3,1200,3600
1328,2024-12-20,Ryan Douglas,Shiraz,Home Appliances,Refrigerator,4,1800,7200
1329,2024-02-06,Christopher Rhodes,Tehran,Home Appliances,Air Conditioner,5,2000,10000
1330,2025-02-15,Dr. David Miller DDS,Rasht,Books,Clean Code,1,55,55
1331,2025-07-04,David Harper,Shiraz,Sports,Basketball,1,35,35
1332,2025-01-29,Vincent Hall,Mashhad,Home Appliances,Microwave,2,220,440
1333,2024-04-26,Derek Morgan,Isfahan,Books,Algorithms,4,70,280
1334,2025-06-19,Tracy French DVM,Tabriz,Books,Data Science Handbook,1,60,60
1335,2025-04-12,Tyler Smith,Isfahan,Books,Machine Learning,3,80,240
1336,2025-07-08,James Kennedy,Tehran,Sports,Tennis Racket,4,180,720
1337,2025-08-20,Aaron Hughes,Kermanshah,Electronics,Laptop,5,1200,6000
1338,2024-08-08,Caleb Gordon,Tehran,Electronics,Laptop,1,1200,1200
1339,2024-04-02,Kelly Caldwell,Tabriz,Home Appliances,Refrigerator,5,1800,9000
1340,2024-06-04,Kyle Bryant,Kermanshah,Books,Data Science Handbook,3,60,180
1341,2024-05-12,Erin Acevedo,Ahvaz,Electronics,Tablet,2,500,1000
1342,2025-10-02,James Weeks,Tabriz,Books,Machine Learning,5,80,400
1343,2025-07-08,Diana Wong,Shiraz,Books,Python Programming,2,45,90
1344,2024-07-05,Jason Hatfield,Shiraz,Home Appliances,Vacuum Cleaner,3,300,900
1345,2024-09-14,Stephanie Watson,Karaj,Sports,Basketball,1,35,35
1346,2024-01-30,Brandi Cox,Kermanshah,Books,Clean Code,4,55,220
1347,2025-10-24,Randall Vance,Tehran,Electronics,Smart Watch,4,250,1000
1348,2024-06-10,Crystal Myers,Tehran,Books,Clean Code,4,55,220
1349,2024-04-25,Sarah Johnson,Shiraz,Home Appliances,Refrigerator,1,1800,1800
1350,2024-07-08,Robin Lyons,Rasht,Books,Algorithms,5,70,350
1351,2025-02-05,Karl Decker,Isfahan,Electronics,Smartphone,1,800,800
1352,2024-06-12,Dr. Oscar Villarreal MD,Karaj,Sports,Running Shoes,2,120,240
1353,2025-11-22,Logan Rodriguez,Ahvaz,Books,Algorithms,2,70,140
1354,2024-06-27,John Mills,Shiraz,Electronics,Laptop,3,1200,3600
1355,2025-02-12,John Orozco,Tehran,Home Appliances,Microwave,4,220,880
1356,2024-11-21,Scott Ramos,Ahvaz,Electronics,Laptop,4,1200,4800
1357,2025-11-06,Dennis Baker,Karaj,Home Appliances,Washing Machine,5,1500,7500
1358,2024-08-01,William Jackson,Isfahan,Home Appliances,Air Conditioner,4,2000,8000
1359,2024-01-24,Natalie Oneill,Isfahan,Books,Python Programming,5,45,225
1360,2024-04-11,Catherine Jacobs,Tabriz,Electronics,Smartphone,2,800,1600
1361,2025-05-05,Allison Davis,Rasht,Books,Clean Code,4,55,220
1362,2024-07-09,Dale Mason,Mashhad,Electronics,Tablet,4,500,2000
1363,2025-07-11,Marc Johnson,Rasht,Electronics,Tablet,4,500,2000
1364,2024-01-08,Sabrina Gonzales,Isfahan,Books,Data Science Handbook,3,60,180
1365,2025-04-15,Elaine Lynch,Tabriz,Home Appliances,Air Conditioner,4,2000,8000
1366,2025-04-03,Brett Young,Kermanshah,Electronics,Tablet,4,500,2000
1367,2024-10-04,Krista Hernandez,Isfahan,Electronics,Smart Watch,2,250,500
1368,2025-07-28,Ashley Jones,Karaj,Home Appliances,Vacuum Cleaner,3,300,900
1369,2024-02-10,Elizabeth Mckinney,Mashhad,Sports,Basketball,3,35,105
1370,2024-07-12,Brenda Reyes,Kermanshah,Electronics,Smartphone,4,800,3200
1371,2025-07-12,Rachel Lynn,Rasht,Books,Algorithms,1,70,70
1372,2025-11-21,Richard Johnson,Qom,Electronics,Headphones,5,150,750
1373,2024-07-27,Jessica Robinson,Isfahan,Books,Algorithms,5,70,350
1374,2024-05-03,Monique Hill,Qom,Home Appliances,Vacuum Cleaner,2,300,600
1375,2024-09-19,Michael Chang,Kermanshah,Electronics,Headphones,3,150,450
1376,2025-04-01,Nicole Wagner,Shiraz,Electronics,Smartphone,2,800,1600
1377,2024-10-07,Karen Dickerson,Qom,Sports,Running Shoes,2,120,240
1378,2025-06-01,Amanda Fischer,Tabriz,Sports,Football,4,30,120
1379,2024-02-16,James Wagner,Karaj,Books,Machine Learning,4,80,320
1380,2024-06-03,William Maddox,Karaj,Electronics,Smart Watch,4,250,1000
1381,2025-03-24,Juan Davis,Qom,Sports,Fitness Band,1,90,90
1382,2024-05-14,Lisa Thompson,Shiraz,Books,Python Programming,5,45,225
1383,2025-11-27,Rebecca Fisher,Qom,Electronics,Headphones,2,150,300
1384,2024-08-24,Brandi Waller,Ahvaz,Electronics,Laptop,5,1200,6000
1385,2025-12-12,Maria Quinn,Isfahan,Sports,Running Shoes,4,120,480
1386,2024-07-28,Cassie Frost,Shiraz,Sports,Basketball,5,35,175
1387,2025-10-06,Keith Walsh,Shiraz,Books,Data Science Handbook,1,60,60
1388,2025-05-04,Alison Weaver,Kermanshah,Books,Clean Code,1,55,55
1389,2025-05-16,Mr. Mark Anderson,Ahvaz,Home Appliances,Vacuum Cleaner,5,300,1500
1390,2024-02-20,Jeffrey Flynn,Qom,Home Appliances,Air Conditioner,3,2000,6000
1391,2024-01-31,Rebecca Brown,Shiraz,Books,Python Programming,3,45,135
1392,2024-11-25,Annette Best,Mashhad,Books,Python Programming,1,45,45
1393,2024-06-25,Frederick Richards,Mashhad,Electronics,Tablet,1,500,500
1394,2024-08-01,Tara Jones,Ahvaz,Home Appliances,Washing Machine,2,1500,3000
1395,2024-05-24,Richard Ross,Qom,Home Appliances,Microwave,2,220,440
1396,2024-03-19,Alexandra Henry,Mashhad,Sports,Football,2,30,60
1397,2025-08-03,Victoria Martinez,Tehran,Sports,Running Shoes,1,120,120
1398,2025-02-14,Samantha Howell,Rasht,Electronics,Smart Watch,4,250,1000
1399,2025-07-13,Wendy Perez,Ahvaz,Books,Algorithms,3,70,210
1400,2025-06-07,John Clay,Shiraz,Electronics,Laptop,4,1200,4800
1401,2025-03-15,Michael Thompson,Kermanshah,Books,Data Science Handbook,3,60,180
1402,2024-04-25,Gary Cole,Karaj,Electronics,Smartphone,1,800,800
1403,2025-03-02,Tiffany Ramos,Ahvaz,Home Appliances,Refrigerator,1,1800,1800
1404,2024-11-10,David Mendez,Ahvaz,Sports,Basketball,4,35,140
1405,2024-04-20,Stephen Christensen,Ahvaz,Home Appliances,Refrigerator,2,1800,3600
1406,2024-06-15,Margaret Peterson,Mashhad,Electronics,Smartphone,1,800,800
1407,2024-10-29,Todd Smith,Rasht,Home Appliances,Refrigerator,5,1800,9000
1408,2024-04-19,Laura Ward,Mashhad,Books,Clean Code,5,55,275
1409,2024-04-30,Kimberly Hanna,Ahvaz,Sports,Fitness Band,5,90,450
1410,2024-01-12,Jessica Diaz,Qom,Books,Data Science Handbook,4,60,240
1411,2025-12-04,Diane Norris,Qom,Electronics,Headphones,1,150,150
1412,2024-12-23,Jasmine Davis,Karaj,Home Appliances,Washing Machine,5,1500,7500
1413,2024-05-16,Mark Vasquez,Ahvaz,Books,Python Programming,2,45,90
1414,2025-07-26,Emily Richardson,Mashhad,Home Appliances,Washing Machine,1,1500,1500
1415,2024-09-18,Ashley Petty,Isfahan,Sports,Football,3,30,90
1416,2025-11-21,Deborah Jenkins,Tabriz,Electronics,Tablet,5,500,2500
1417,2024-06-09,Tracy Edwards,Ahvaz,Sports,Basketball,5,35,175
1418,2025-12-25,Mark Woods,Kermanshah,Electronics,Tablet,1,500,500
1419,2025-03-23,Alyssa Brown,Mashhad,Home Appliances,Microwave,1,220,220
1420,2025-07-29,Gregory Velez,Qom,Electronics,Headphones,3,150,450
1421,2024-01-19,Andrea Dennis,Ahvaz,Sports,Basketball,4,35,140
1422,2024-07-23,Joseph Hunt,Qom,Sports,Football,5,30,150
1423,2025-02-21,Joshua Smith,Tehran,Sports,Basketball,5,35,175
1424,2024-08-24,William Smith,Kermanshah,Electronics,Smartphone,2,800,1600
1425,2025-08-21,Dakota Mathews,Qom,Home Appliances,Vacuum Cleaner,1,300,300
1426,2024-02-09,Mallory Delgado,Kermanshah,Home Appliances,Air Conditioner,4,2000,8000
1427,2025-03-29,Tina Nelson,Kermanshah,Books,Clean Code,1,55,55
1428,2024-08-03,Rachel Lucas,Tabriz,Electronics,Headphones,2,150,300
1429,2024-01-01,Annette Woodard,Tehran,Books,Machine Learning,5,80,400
1430,2025-05-24,Kimberly Stephenson,Rasht,Sports,Fitness Band,3,90,270
1431,2024-12-14,Robin Wright,Rasht,Books,Python Programming,4,45,180
1432,2024-03-31,Robyn Miller,Ahvaz,Sports,Fitness Band,4,90,360
1433,2024-01-17,Joshua Brandt,Karaj,Sports,Football,4,30,120
1434,2025-11-09,Cassidy Williams,Mashhad,Books,Clean Code,2,55,110
1435,2025-06-03,Amanda Martinez,Mashhad,Sports,Football,2,30,60
1436,2025-11-11,Cynthia Miller,Mashhad,Sports,Tennis Racket,4,180,720
1437,2025-04-18,Teresa Rice,Ahvaz,Electronics,Smartphone,3,800,2400
1438,2025-07-21,Kyle Miller,Karaj,Sports,Running Shoes,3,120,360
1439,2024-12-26,Alexandra Scott,Karaj,Books,Clean Code,2,55,110
1440,2025-03-05,Taylor Navarro,Qom,Home Appliances,Microwave,5,220,1100
1441,2024-04-26,Meghan Silva,Rasht,Electronics,Headphones,2,150,300
1442,2024-06-15,Laura Gonzalez,Isfahan,Home Appliances,Microwave,4,220,880
1443,2025-10-21,Teresa Harris,Karaj,Books,Clean Code,1,55,55
1444,2024-08-23,Gregory Mccullough,Qom,Sports,Fitness Band,1,90,90
1445,2025-04-05,Brad Barrett,Ahvaz,Home Appliances,Microwave,5,220,1100
1446,2025-10-12,Susan Moore,Mashhad,Home Appliances,Microwave,4,220,880
1447,2024-03-09,Sara Vaughan,Rasht,Electronics,Tablet,4,500,2000
1448,2025-10-05,John Bennett,Qom,Sports,Running Shoes,5,120,600
1449,2024-04-11,Eileen Brown,Karaj,Electronics,Smartphone,1,800,800
1450,2025-09-08,Rhonda Garcia,Karaj,Sports,Running Shoes,4,120,480
1451,2025-05-13,Walter Chapman,Karaj,Electronics,Headphones,5,150,750
1452,2024-07-21,Melinda Conrad,Tabriz,Home Appliances,Refrigerator,1,1800,1800
1453,2024-03-21,Deborah Andrews,Isfahan,Sports,Football,4,30,120
1454,2025-06-21,Megan Barrera,Ahvaz,Sports,Football,4,30,120
1455,2025-05-30,Christopher Branch,Tabriz,Electronics,Smart Watch,2,250,500
1456,2025-04-03,Marcus Patel,Ahvaz,Electronics,Smartphone,4,800,3200
1457,2025-11-06,Melanie Smith,Mashhad,Home Appliances,Microwave,4,220,880
1458,2025-08-22,Jose Jimenez,Isfahan,Home Appliances,Refrigerator,1,1800,1800
1459,2025-11-15,Christina Rice,Qom,Sports,Tennis Racket,3,180,540
1460,2024-11-05,Luis Torres,Karaj,Home Appliances,Air Conditioner,3,2000,6000
1461,2024-03-14,Nicholas Delgado,Shiraz,Books,Algorithms,1,70,70
1462,2025-11-16,Kimberly Morgan,Karaj,Electronics,Laptop,2,1200,2400
1463,2024-11-04,Kelly Glover,Qom,Electronics,Tablet,1,500,500
1464,2025-04-17,Brenda Nelson,Karaj,Sports,Basketball,4,35,140
1465,2025-06-16,Steve Jimenez,Tehran,Home Appliances,Vacuum Cleaner,5,300,1500
1466,2025-03-02,Haley Miller DDS,Ahvaz,Electronics,Headphones,4,150,600
1467,2024-05-24,Sue Harris,Isfahan,Electronics,Smartphone,4,800,3200
1468,2024-04-20,Scott Castaneda,Mashhad,Books,Data Science Handbook,5,60,300
1469,2025-10-24,Mackenzie Brown,Mashhad,Electronics,Headphones,3,150,450
1470,2025-10-04,Jason Carpenter,Ahvaz,Electronics,Headphones,2,150,300
1471,2025-09-27,Tracey Jones,Shiraz,Sports,Football,1,30,30
1472,2024-05-19,Susan Phillips,Rasht,Sports,Football,5,30,150
1473,2024-08-30,Carl Owens,Mashhad,Electronics,Smartphone,5,800,4000
1474,2025-04-06,Angela Newman,Kermanshah,Sports,Basketball,4,35,140
1475,2025-09-21,Mrs. Kelly Rogers,Qom,Books,Machine Learning,4,80,320
1476,2024-03-19,Joshua Thompson,Isfahan,Electronics,Tablet,2,500,1000
1477,2024-05-14,Jaime Johnson,Kermanshah,Sports,Running Shoes,4,120,480
1478,2025-03-28,Dennis Nguyen,Ahvaz,Electronics,Laptop,1,1200,1200
1479,2025-11-17,Michael Anderson,Mashhad,Books,Machine Learning,3,80,240
1480,2025-08-30,Amber Love,Kermanshah,Home Appliances,Refrigerator,2,1800,3600
1481,2025-12-20,James Burns,Mashhad,Books,Clean Code,3,55,165
1482,2025-01-01,Jesus Dudley,Isfahan,Books,Clean Code,1,55,55
1483,2024-04-25,Kim Hale,Qom,Electronics,Laptop,5,1200,6000
1484,2024-09-07,Sean Stanley,Ahvaz,Electronics,Tablet,2,500,1000
1485,2024-09-25,James Pineda,Tehran,Electronics,Tablet,1,500,500
1486,2024-04-27,Gregory Sanchez,Mashhad,Home Appliances,Washing Machine,4,1500,6000
1487,2025-09-05,Amber Blair,Tehran,Sports,Tennis Racket,3,180,540
1488,2024-01-24,Rhonda Henson,Shiraz,Sports,Fitness Band,5,90,450
1489,2025-08-25,Jonathan Wood,Tehran,Sports,Basketball,5,35,175
1490,2025-02-24,Bobby Thomas,Tehran,Electronics,Laptop,1,1200,1200
1491,2025-05-01,Carla Suarez,Shiraz,Electronics,Tablet,2,500,1000
1492,2024-01-18,Kimberly Craig,Isfahan,Sports,Running Shoes,1,120,120
1493,2025-02-17,Troy Russell,Isfahan,Home Appliances,Microwave,2,220,440
1494,2024-11-19,John Smith,Tabriz,Books,Algorithms,2,70,140
1495,2025-11-20,Brianna King,Tabriz,Books,Data Science Handbook,5,60,300
1496,2025-04-10,Matthew Boyd,Mashhad,Books,Data Science Handbook,2,60,120
1497,2025-05-17,Jorge Jackson,Kermanshah,Books,Python Programming,3,45,135
1498,2024-08-02,Brandon Warren,Shiraz,Books,Python Programming,4,45,180
1499,2024-10-12,Kathleen Cherry,Kermanshah,Electronics,Laptop,1,1200,1200
1500,2025-04-19,Lawrence Gutierrez,Ahvaz,Home Appliances,Vacuum Cleaner,4,300,1200
1501,2025-09-11,Joseph Thompson,Kermanshah,Sports,Football,5,30,150
1502,2024-02-13,John Hudson,Mashhad,Sports,Basketball,4,35,140
1503,2025-03-28,Jody Williams,Shiraz,Electronics,Smart Watch,1,250,250
1504,2024-02-19,Taylor Mitchell,Tehran,Home Appliances,Air Conditioner,5,2000,10000
1505,2024-12-10,Kimberly Perkins,Rasht,Electronics,Headphones,5,150,750
1506,2024-01-05,Ricky Lopez,Isfahan,Books,Data Science Handbook,1,60,60
1507,2025-07-07,Eileen Ross,Qom,Electronics,Smartphone,5,800,4000
1508,2025-09-15,Deborah Sanchez,Shiraz,Sports,Fitness Band,3,90,270
1509,2024-09-24,Karen Stark,Mashhad,Home Appliances,Refrigerator,4,1800,7200
1510,2025-02-13,Todd Long,Karaj,Home Appliances,Vacuum Cleaner,3,300,900
1511,2025-09-10,Barbara Martinez,Qom,Sports,Fitness Band,3,90,270
1512,2024-09-12,Robert Conrad,Mashhad,Books,Algorithms,4,70,280
1513,2025-04-04,Jamie Mccann,Kermanshah,Sports,Tennis Racket,5,180,900
1514,2025-06-26,Nathan Peterson,Tabriz,Home Appliances,Air Conditioner,2,2000,4000
1515,2024-06-26,Christopher Matthews,Tabriz,Books,Algorithms,4,70,280
1516,2024-04-10,Dominic Hudson,Rasht,Sports,Basketball,5,35,175
1517,2024-07-31,Michelle Fitzgerald,Tehran,Home Appliances,Refrigerator,4,1800,7200
1518,2024-07-20,Beth Whitney,Isfahan,Books,Machine Learning,2,80,160
1519,2024-01-30,Ronald Brown,Tabriz,Books,Machine Learning,3,80,240
1520,2024-02-08,Kathy Johnson,Tehran,Books,Algorithms,4,70,280
1521,2024-10-13,Stephanie Bryan,Karaj,Electronics,Headphones,5,150,750
1522,2025-07-14,Lisa Mullins,Tabriz,Books,Clean Code,2,55,110
1523,2025-10-15,Mia Robles,Shiraz,Books,Data Science Handbook,2,60,120
1524,2024-11-30,Jessica Cowan,Tabriz,Home Appliances,Air Conditioner,3,2000,6000
1525,2024-01-01,John Burns,Mashhad,Electronics,Smart Watch,3,250,750
1526,2025-04-10,Richard Martinez,Qom,Home Appliances,Refrigerator,1,1800,1800
1527,2025-05-22,Teresa Smith,Shiraz,Sports,Running Shoes,4,120,480
1528,2025-12-14,Mitchell Crawford,Tehran,Home Appliances,Air Conditioner,3,2000,6000
1529,2025-06-14,Dawn Gordon,Ahvaz,Books,Data Science Handbook,4,60,240
1530,2024-11-05,Daniel Golden,Rasht,Electronics,Smartphone,2,800,1600
1531,2024-08-24,Dr. Jill Butler,Karaj,Home Appliances,Microwave,1,220,220
1532,2024-06-06,Brenda Vasquez,Mashhad,Books,Python Programming,4,45,180
1533,2025-05-08,Leslie Cooper,Kermanshah,Home Appliances,Refrigerator,1,1800,1800
1534,2025-04-20,Donna Smith,Isfahan,Sports,Tennis Racket,4,180,720
1535,2024-08-17,Joseph Reid,Shiraz,Home Appliances,Washing Machine,4,1500,6000
1536,2024-11-23,Diane Scott,Rasht,Sports,Tennis Racket,1,180,180
1537,2025-07-06,Jonathan Hale,Mashhad,Home Appliances,Vacuum Cleaner,2,300,600
1538,2025-11-17,Scott Dean,Rasht,Sports,Fitness Band,4,90,360
1539,2025-11-21,Samuel Watkins,Mashhad,Books,Clean Code,5,55,275
1540,2024-01-04,Brian Garcia,Ahvaz,Books,Python Programming,1,45,45
1541,2024-11-14,Melissa Harding,Rasht,Sports,Running Shoes,2,120,240
1542,2025-05-23,Jessica Mitchell,Tabriz,Home Appliances,Microwave,5,220,1100
1543,2024-06-23,David Cain,Karaj,Electronics,Headphones,3,150,450
1544,2024-01-24,Daniel Glover,Shiraz,Books,Machine Learning,2,80,160
1545,2024-12-12,Robin Webster,Kermanshah,Home Appliances,Microwave,4,220,880
1546,2025-09-18,Kimberly Richards,Ahvaz,Books,Algorithms,3,70,210
1547,2025-09-12,Molly Franklin,Mashhad,Home Appliances,Air Conditioner,4,2000,8000
1548,2024-12-30,Julie Walker,Isfahan,Books,Clean Code,4,55,220
1549,2024-01-26,Michaela Wood,Tehran,Electronics,Smartphone,5,800,4000
1550,2025-11-30,Vicki Harrison,Isfahan,Home Appliances,Refrigerator,3,1800,5400
1551,2025-05-18,Timothy Lee,Shiraz,Electronics,Headphones,2,150,300
1552,2024-04-03,Scott Levine,Tehran,Electronics,Smart Watch,4,250,1000
1553,2024-01-06,Danielle Jordan,Tehran,Electronics,Headphones,1,150,150
1554,2024-01-28,Tonya Carter,Karaj,Electronics,Smartphone,3,800,2400
1555,2024-01-26,Christopher Moore DVM,Shiraz,Sports,Football,4,30,120
1556,2024-01-13,Joseph Calderon,Shiraz,Books,Python Programming,2,45,90
1557,2024-03-30,Katherine Torres,Karaj,Sports,Basketball,4,35,140
1558,2024-05-28,Miss April Elliott MD,Karaj,Books,Clean Code,1,55,55
1559,2024-03-28,Brian Ballard,Tehran,Home Appliances,Refrigerator,4,1800,7200
1560,2024-03-10,Tracey Burns,Tabriz,Sports,Fitness Band,2,90,180
1561,2025-07-17,Amy Howell,Ahvaz,Electronics,Smart Watch,5,250,1250
1562,2025-11-08,Michael Krause,Karaj,Electronics,Smartphone,1,800,800
1563,2024-02-03,Cheryl Burke,Rasht,Home Appliances,Washing Machine,5,1500,7500
1564,2025-11-17,Lacey Richards,Isfahan,Electronics,Laptop,2,1200,2400
1565,2024-01-18,Lori Smith,Tehran,Home Appliances,Air Conditioner,1,2000,2000
1566,2024-05-20,Jeremy Garrett,Rasht,Sports,Running Shoes,1,120,120
1567,2024-01-12,Deborah Brewer,Kermanshah,Electronics,Tablet,3,500,1500
1568,2025-11-07,Misty Martinez,Qom,Books,Python Programming,4,45,180
1569,2025-03-02,Tracey Bennett,Mashhad,Electronics,Smart Watch,3,250,750
1570,2024-05-25,Robert Brown,Karaj,Sports,Football,5,30,150
1571,2025-01-20,Michelle Kirk,Ahvaz,Home Appliances,Vacuum Cleaner,4,300,1200
1572,2024-03-13,Johnny Salinas,Tehran,Home Appliances,Microwave,4,220,880
1573,2024-11-27,Diane Evans,Qom,Home Appliances,Refrigerator,1,1800,1800
1574,2024-07-03,Tamara Haley,Rasht,Home Appliances,Refrigerator,3,1800,5400
1575,2025-10-28,James Dominguez,Tabriz,Home Appliances,Vacuum Cleaner,1,300,300
1576,2025-04-13,David Hays,Rasht,Sports,Basketball,5,35,175
1577,2025-11-06,Andrew Espinoza,Qom,Electronics,Smartphone,3,800,2400
1578,2025-02-28,John Obrien,Isfahan,Books,Data Science Handbook,5,60,300
1579,2025-12-05,Lauren Landry,Qom,Books,Python Programming,4,45,180
1580,2025-02-23,Mary Mitchell,Tabriz,Sports,Football,4,30,120
1581,2025-09-18,Emma Flores,Rasht,Books,Python Programming,1,45,45
1582,2025-12-26,Mary Schneider,Tehran,Electronics,Headphones,4,150,600
1583,2025-10-31,Nicole Watts,Tabriz,Home Appliances,Vacuum Cleaner,1,300,300
1584,2025-02-08,Greg Wagner,Qom,Sports,Running Shoes,2,120,240
1585,2024-09-03,Thomas Lamb,Rasht,Books,Python Programming,3,45,135
1586,2024-04-11,Dominic Mcdonald,Tabriz,Home Appliances,Air Conditioner,1,2000,2000
1587,2025-08-23,Kimberly Salinas DVM,Shiraz,Books,Machine Learning,2,80,160
1588,2024-10-02,Regina Webb,Rasht,Sports,Basketball,1,35,35
1589,2024-05-13,Jennifer Cain,Isfahan,Sports,Running Shoes,4,120,480
1590,2025-06-12,Haley Mejia,Qom,Books,Python Programming,4,45,180
1591,2024-10-03,Lori Hunter,Isfahan,Electronics,Smart Watch,4,250,1000
1592,2025-11-13,Kelly Nichols,Tabriz,Books,Clean Code,5,55,275
1593,2024-03-24,Christopher Mullins,Mashhad,Books,Clean Code,5,55,275
1594,2024-08-24,Elizabeth Smith,Tabriz,Books,Algorithms,5,70,350
1595,2024-06-23,Sonya Huang,Kermanshah,Sports,Football,2,30,60
1596,2025-07-02,Frank Dillon,Ahvaz,Home Appliances,Microwave,4,220,880
1597,2025-05-30,Rachel Lopez,Mashhad,Home Appliances,Refrigerator,1,1800,1800
1598,2025-09-18,Kevin Garner,Ahvaz,Home Appliances,Washing Machine,4,1500,6000
1599,2024-12-08,Rachel Green,Kermanshah,Books,Clean Code,1,55,55
1600,2024-11-25,Jimmy Levy,Rasht,Sports,Fitness Band,5,90,450
1601,2025-08-21,Robin Moore,Karaj,Home Appliances,Refrigerator,4,1800,7200
1602,2024-01-14,Michael Anderson,Shiraz,Books,Python Programming,3,45,135
1603,2024-08-06,Christopher Hale,Kermanshah,Sports,Football,2,30,60
1604,2025-10-12,Carl Hunter,Ahvaz,Electronics,Headphones,3,150,450
1605,2024-04-19,Chelsey Rice,Tehran,Sports,Running Shoes,5,120,600
1606,2024-12-14,Dustin Thomas,Rasht,Sports,Football,2,30,60
1607,2024-12-26,Amanda Conrad,Tehran,Books,Algorithms,5,70,350
1608,2025-12-10,Teresa Webb,Mashhad,Home Appliances,Microwave,4,220,880
1609,2024-04-21,Sandra Davis,Tehran,Sports,Tennis Racket,4,180,720
1610,2024-08-25,Thomas Graham,Qom,Electronics,Smart Watch,2,250,500
1611,2024-02-11,Michael Evans,Rasht,Electronics,Headphones,2,150,300
1612,2024-02-11,Stacy Levy,Karaj,Electronics,Smartphone,4,800,3200
1613,2025-02-04,Abigail Keith,Karaj,Sports,Fitness Band,3,90,270
1614,2024-10-23,Michelle Hudson,Kermanshah,Home Appliances,Air Conditioner,1,2000,2000
1615,2024-09-08,Kimberly Colon,Qom,Sports,Running Shoes,5,120,600
1616,2025-12-07,Amy Fox,Ahvaz,Electronics,Headphones,5,150,750
1617,2025-05-07,Shaun Wells,Kermanshah,Home Appliances,Washing Machine,5,1500,7500
1618,2024-01-01,Walter Mclaughlin,Mashhad,Sports,Football,1,30,30
1619,2025-09-19,Steven Wiley,Shiraz,Sports,Fitness Band,2,90,180
1620,2024-10-21,Amanda Mccormick,Tehran,Electronics,Smart Watch,3,250,750
1621,2025-04-02,Sarah Green,Tabriz,Home Appliances,Refrigerator,2,1800,3600
1622,2025-03-06,Antonio Munoz,Shiraz,Sports,Running Shoes,4,120,480
1623,2024-03-21,Kelly Rodriguez,Qom,Sports,Tennis Racket,5,180,900
1624,2025-04-27,Yolanda Sanchez,Tehran,Books,Data Science Handbook,4,60,240
1625,2025-05-08,Kyle Roman,Tehran,Home Appliances,Vacuum Cleaner,2,300,600
1626,2024-05-24,Doris Scott,Ahvaz,Sports,Football,3,30,90
1627,2024-02-23,Ashlee Taylor,Karaj,Books,Machine Learning,5,80,400
1628,2025-02-24,Sandy Barr,Mashhad,Sports,Football,2,30,60
1629,2025-10-26,Gary Dillon,Kermanshah,Sports,Fitness Band,2,90,180
1630,2024-05-23,Julia Elliott,Karaj,Electronics,Headphones,4,150,600
1631,2025-12-20,Sandra Sandoval,Mashhad,Electronics,Headphones,5,150,750
1632,2024-04-15,Philip Williams,Ahvaz,Books,Clean Code,4,55,220
1633,2025-11-05,Lorraine Atkinson,Rasht,Electronics,Laptop,5,1200,6000
1634,2025-04-25,Austin Dalton,Isfahan,Home Appliances,Washing Machine,1,1500,1500
1635,2024-04-11,Laura Smith,Ahvaz,Books,Algorithms,4,70,280
1636,2024-12-31,Jaime Goodwin,Kermanshah,Home Appliances,Refrigerator,2,1800,3600
1637,2024-05-06,Brianna Harrison,Ahvaz,Books,Data Science Handbook,4,60,240
1638,2025-03-07,Henry Jimenez,Karaj,Home Appliances,Refrigerator,5,1800,9000
1639,2025-07-02,Jasmine George,Tehran,Electronics,Smartphone,3,800,2400
1640,2024-10-21,Lisa Barber,Isfahan,Electronics,Smartphone,2,800,1600
1641,2025-06-12,Erica Meyer,Mashhad,Sports,Basketball,4,35,140
1642,2025-07-01,William Ford,Tabriz,Home Appliances,Washing Machine,3,1500,4500
1643,2024-09-15,Nathan Chandler,Rasht,Books,Python Programming,3,45,135
1644,2024-01-11,Christopher Harrell,Karaj,Sports,Basketball,3,35,105
1645,2024-02-17,Steven White,Karaj,Sports,Tennis Racket,4,180,720
1646,2025-03-06,Tiffany Wood,Isfahan,Sports,Tennis Racket,5,180,900
1647,2025-12-29,Donald Ross,Isfahan,Home Appliances,Washing Machine,4,1500,6000
1648,2024-11-22,Tyler Martinez,Qom,Electronics,Laptop,3,1200,3600
1649,2024-05-26,Andrea Dawson,Ahvaz,Home Appliances,Refrigerator,2,1800,3600
1650,2025-05-23,Justin Wood,Kermanshah,Books,Data Science Handbook,1,60,60
1651,2024-04-09,Amy Ortega,Mashhad,Books,Machine Learning,1,80,80
1652,2024-03-08,James Hester,Isfahan,Electronics,Smartphone,1,800,800
1653,2024-04-04,Charles Giles,Karaj,Electronics,Tablet,2,500,1000
1654,2024-04-06,Michael Anderson,Tehran,Home Appliances,Air Conditioner,1,2000,2000
1655,2024-11-12,Brian Baker,Tehran,Electronics,Tablet,1,500,500
1656,2024-12-13,Kathleen Smith,Tehran,Books,Machine Learning,5,80,400
1657,2025-02-08,Richard Brown,Tehran,Home Appliances,Washing Machine,2,1500,3000
1658,2025-11-15,Tamara Warren,Ahvaz,Books,Algorithms,4,70,280
1659,2024-03-31,William Williams,Isfahan,Electronics,Laptop,1,1200,1200
1660,2024-06-17,Joshua Lewis,Kermanshah,Books,Clean Code,1,55,55
1661,2025-10-29,Jake Davis,Ahvaz,Home Appliances,Refrigerator,4,1800,7200
1662,2025-03-04,Angelica Smith,Qom,Electronics,Headphones,3,150,450
1663,2024-12-24,Lauren Lynch,Shiraz,Electronics,Smartphone,4,800,3200
1664,2025-02-12,Wendy Bailey,Ahvaz,Books,Machine Learning,1,80,80
1665,2024-07-10,Anna Clark,Tabriz,Books,Algorithms,3,70,210
1666,2025-03-22,Andrew Garcia,Rasht,Sports,Fitness Band,4,90,360
1667,2025-01-28,Kelly Hunt,Ahvaz,Sports,Tennis Racket,3,180,540
1668,2024-01-01,Angel Wright,Rasht,Electronics,Laptop,3,1200,3600
1669,2024-11-25,Jennifer Sanford,Tehran,Electronics,Smartphone,1,800,800
1670,2024-04-25,Bobby Lee,Tehran,Sports,Football,1,30,30
1671,2025-05-21,Mr. Adrian Kaufman Jr.,Isfahan,Electronics,Smart Watch,1,250,250
1672,2025-10-05,Marcus Clarke,Isfahan,Home Appliances,Air Conditioner,5,2000,10000
1673,2025-02-03,Rita Potter,Rasht,Sports,Fitness Band,3,90,270
1674,2024-09-28,James Hess,Kermanshah,Electronics,Tablet,5,500,2500
1675,2024-11-11,Robert Smith,Kermanshah,Sports,Running Shoes,3,120,360
1676,2024-07-09,Danielle Dominguez,Karaj,Books,Clean Code,1,55,55
1677,2024-03-07,Amber Gutierrez,Qom,Books,Algorithms,4,70,280
1678,2024-12-11,Jeremy Moore,Shiraz,Electronics,Tablet,1,500,500
1679,2025-08-23,Kayla Francis,Shiraz,Electronics,Laptop,1,1200,1200
1680,2025-01-25,Brittany Smith,Rasht,Home Appliances,Microwave,4,220,880
1681,2024-05-26,Stanley Solis,Shiraz,Electronics,Tablet,2,500,1000
1682,2025-08-01,Tina Richardson,Kermanshah,Home Appliances,Vacuum Cleaner,5,300,1500
1683,2024-03-19,Laura Ford,Tehran,Books,Clean Code,5,55,275
1684,2024-04-09,Christian Grant,Mashhad,Electronics,Headphones,5,150,750
1685,2025-09-11,Christian Roberson,Kermanshah,Electronics,Smartphone,4,800,3200
1686,2024-12-16,Marilyn Perry,Qom,Sports,Football,2,30,60
1687,2025-02-17,Rachel Weaver,Mashhad,Books,Clean Code,4,55,220
1688,2025-06-18,Vanessa Adams,Kermanshah,Electronics,Smartphone,2,800,1600
1689,2025-05-05,Scott Jones,Rasht,Sports,Tennis Racket,4,180,720
1690,2025-08-13,Maria Heath,Rasht,Sports,Tennis Racket,4,180,720
1691,2025-10-16,Christopher Kline,Mashhad,Home Appliances,Vacuum Cleaner,4,300,1200
1692,2024-06-28,Susan Parks,Shiraz,Books,Python Programming,2,45,90
1693,2025-01-20,Alyssa Wright,Mashhad,Sports,Football,3,30,90
1694,2025-07-31,Scott Hall,Isfahan,Sports,Running Shoes,5,120,600
1695,2024-02-21,Ashley Dunn,Kermanshah,Sports,Tennis Racket,1,180,180
1696,2024-06-09,Angela Salazar,Mashhad,Electronics,Headphones,2,150,300
1697,2024-12-10,William Hernandez,Rasht,Electronics,Smartphone,1,800,800
1698,2024-11-08,Courtney Cooper,Shiraz,Books,Clean Code,2,55,110
1699,2025-01-04,Melissa Johnson,Mashhad,Home Appliances,Washing Machine,2,1500,3000
1700,2025-01-24,Patricia Johnston,Rasht,Sports,Football,3,30,90
1701,2024-01-18,Matthew Mccoy,Mashhad,Electronics,Smart Watch,3,250,750
1702,2025-12-10,Shannon Hall,Tehran,Sports,Football,4,30,120
1703,2025-12-14,Margaret Anthony,Shiraz,Books,Machine Learning,4,80,320
1704,2024-04-16,Norma Wall,Tehran,Home Appliances,Refrigerator,5,1800,9000
1705,2024-03-12,Paul Mccarthy,Rasht,Sports,Running Shoes,5,120,600
1706,2024-05-01,Jamie Sellers,Qom,Home Appliances,Air Conditioner,4,2000,8000
1707,2025-12-27,Devin Phillips,Isfahan,Sports,Running Shoes,5,120,600
1708,2025-04-12,Kelly Henson,Shiraz,Electronics,Smartphone,4,800,3200
1709,2025-02-21,Krystal Gibbs,Mashhad,Electronics,Smartphone,2,800,1600
1710,2024-09-01,Zachary Wilson,Karaj,Sports,Fitness Band,2,90,180
1711,2024-01-19,David Jones,Ahvaz,Home Appliances,Vacuum Cleaner,5,300,1500
1712,2024-03-24,Jason Hall,Tabriz,Home Appliances,Vacuum Cleaner,1,300,300
1713,2025-09-14,Cody Fisher,Ahvaz,Home Appliances,Washing Machine,1,1500,1500
1714,2024-08-29,Amanda Meyers,Isfahan,Electronics,Tablet,4,500,2000
1715,2025-05-11,Jennifer Holloway,Kermanshah,Home Appliances,Refrigerator,2,1800,3600
1716,2024-04-10,April Stanley,Tabriz,Electronics,Laptop,2,1200,2400
1717,2024-04-15,John Torres,Tehran,Sports,Tennis Racket,1,180,180
1718,2025-03-05,Nicholas Thomas,Ahvaz,Home Appliances,Washing Machine,4,1500,6000
1719,2025-07-14,Ashley Hamilton,Ahvaz,Books,Python Programming,2,45,90
1720,2025-03-12,Katherine Holland,Shiraz,Electronics,Laptop,1,1200,1200
1721,2024-04-30,Bryce Rivers,Isfahan,Sports,Fitness Band,4,90,360
1722,2025-11-04,Brittany Sanchez,Ahvaz,Home Appliances,Washing Machine,4,1500,6000
1723,2024-12-25,Heather Coleman,Karaj,Books,Algorithms,4,70,280
1724,2025-11-22,Carl Tran,Mashhad,Home Appliances,Refrigerator,4,1800,7200
1725,2024-06-02,Richard Blair,Tabriz,Electronics,Headphones,5,150,750
1726,2025-10-11,John Ramos,Mashhad,Sports,Running Shoes,4,120,480
1727,2024-07-22,Xavier Bowman,Ahvaz,Books,Data Science Handbook,1,60,60
1728,2024-12-06,Kimberly Graham,Isfahan,Home Appliances,Washing Machine,5,1500,7500
1729,2024-07-24,Jennifer Torres,Shiraz,Home Appliances,Washing Machine,1,1500,1500
1730,2025-04-26,Kyle Russell,Tehran,Home Appliances,Air Conditioner,2,2000,4000
1731,2025-07-07,Sarah Pope,Tabriz,Home Appliances,Air Conditioner,1,2000,2000
1732,2024-12-10,Kelly Peterson,Ahvaz,Electronics,Smartphone,5,800,4000
1733,2025-07-10,Susan Wolf,Ahvaz,Home Appliances,Microwave,3,220,660
1734,2024-04-23,Julia Morales,Tehran,Sports,Tennis Racket,1,180,180
1735,2024-08-04,Laura Garcia,Rasht,Home Appliances,Microwave,1,220,220
1736,2025-11-13,William Ramirez,Rasht,Sports,Tennis Racket,1,180,180
1737,2025-06-10,Tonya Freeman,Qom,Home Appliances,Vacuum Cleaner,4,300,1200
1738,2024-08-17,Jessica Solis,Kermanshah,Electronics,Tablet,3,500,1500
1739,2024-09-18,Ashley Smith,Ahvaz,Books,Python Programming,4,45,180
1740,2025-08-10,Daniel Nielsen,Mashhad,Home Appliances,Microwave,1,220,220
1741,2025-03-05,Lisa Shaw,Tehran,Home Appliances,Vacuum Cleaner,5,300,1500
1742,2024-10-23,Jordan Leonard,Karaj,Electronics,Smart Watch,4,250,1000
1743,2024-08-04,Gwendolyn Willis,Ahvaz,Home Appliances,Air Conditioner,3,2000,6000
1744,2025-04-10,Jessica Newton,Shiraz,Books,Algorithms,1,70,70
1745,2024-03-24,Paul Trujillo,Mashhad,Books,Clean Code,4,55,220
1746,2024-02-22,Whitney Mcgee,Mashhad,Electronics,Laptop,2,1200,2400
1747,2025-07-19,Wayne Olsen,Qom,Electronics,Laptop,5,1200,6000
1748,2024-07-03,Jason Martin,Tabriz,Home Appliances,Refrigerator,2,1800,3600
1749,2025-07-31,Haley Gilbert,Qom,Sports,Running Shoes,1,120,120
1750,2024-04-11,Mary Thompson,Ahvaz,Electronics,Headphones,4,150,600
1751,2024-02-24,Jordan Tran,Rasht,Electronics,Headphones,5,150,750
1752,2025-01-18,Haley Fernandez,Tehran,Electronics,Tablet,5,500,2500
1753,2024-12-22,Donald Tran,Isfahan,Books,Machine Learning,4,80,320
1754,2025-12-14,Lee Bautista,Mashhad,Home Appliances,Refrigerator,1,1800,1800
1755,2024-07-26,James Smith,Tabriz,Books,Algorithms,2,70,140
1756,2025-04-24,Charles Blackwell,Mashhad,Sports,Tennis Racket,4,180,720
1757,2024-11-25,Amanda Johnson,Qom,Home Appliances,Refrigerator,1,1800,1800
1758,2025-02-09,Patricia Russo,Kermanshah,Sports,Running Shoes,5,120,600
1759,2024-06-22,Ralph Hunt,Kermanshah,Electronics,Smartphone,4,800,3200
1760,2024-11-16,Brian Cruz,Qom,Electronics,Laptop,3,1200,3600
1761,2024-01-22,Judy Bennett,Kermanshah,Home Appliances,Refrigerator,4,1800,7200
1762,2024-01-19,Kayla Foster,Shiraz,Books,Data Science Handbook,5,60,300
1763,2024-09-14,David Carson,Qom,Books,Data Science Handbook,3,60,180
1764,2024-09-22,Juan Nunez,Karaj,Electronics,Tablet,3,500,1500
1765,2025-08-02,Douglas Mitchell,Mashhad,Books,Algorithms,1,70,70
1766,2025-12-08,Jill Petty,Mashhad,Home Appliances,Refrigerator,4,1800,7200
1767,2024-10-08,Logan Henry,Rasht,Sports,Fitness Band,2,90,180
1768,2025-09-14,Mia Taylor,Shiraz,Electronics,Laptop,4,1200,4800
1769,2025-10-15,Alexandra Robinson,Kermanshah,Sports,Football,3,30,90
1770,2025-02-22,Jesse Hoffman,Isfahan,Books,Data Science Handbook,4,60,240
1771,2024-07-28,Erika Flowers,Kermanshah,Home Appliances,Microwave,5,220,1100
1772,2024-11-20,Alison Dyer,Karaj,Books,Clean Code,4,55,220
1773,2024-01-17,Christopher Howard,Mashhad,Electronics,Laptop,3,1200,3600
1774,2025-10-18,Richard Thompson,Tehran,Books,Data Science Handbook,4,60,240
1775,2025-12-15,Ana Robertson,Tehran,Sports,Basketball,1,35,35
1776,2024-04-15,Dawn Mclean,Isfahan,Sports,Tennis Racket,4,180,720
1777,2024-12-29,Lauren Phillips,Kermanshah,Sports,Tennis Racket,4,180,720
1778,2024-01-31,Dean Williams,Tabriz,Books,Data Science Handbook,2,60,120
1779,2025-05-08,Jacob Clark,Tabriz,Sports,Basketball,3,35,105
1780,2025-11-17,Jacob Benson,Ahvaz,Electronics,Headphones,5,150,750
1781,2024-05-18,Victoria Miller,Kermanshah,Books,Data Science Handbook,3,60,180
1782,2025-05-15,Holly Anderson,Karaj,Home Appliances,Refrigerator,5,1800,9000
1783,2025-07-05,Jordan Garcia,Qom,Sports,Fitness Band,5,90,450
1784,2025-10-27,Matthew Mcgee,Tabriz,Sports,Football,5,30,150
1785,2024-09-05,Ryan David,Kermanshah,Electronics,Smartphone,2,800,1600
1786,2025-05-30,Kevin Taylor,Kermanshah,Electronics,Smart Watch,5,250,1250
1787,2025-09-22,James Thompson,Kermanshah,Electronics,Laptop,4,1200,4800
1788,2024-11-16,Timothy Huber,Qom,Books,Python Programming,3,45,135
1789,2025-05-30,Melissa Collins,Rasht,Home Appliances,Washing Machine,1,1500,1500
1790,2025-01-04,Jeremy Holden,Rasht,Home Appliances,Washing Machine,3,1500,4500
1791,2024-04-04,Brian Bowman,Shiraz,Books,Python Programming,3,45,135
1792,2025-10-02,Jody Thompson,Tabriz,Sports,Running Shoes,2,120,240
1793,2025-07-06,Travis Bradshaw,Ahvaz,Books,Algorithms,3,70,210
1794,2024-10-02,Kevin Anderson,Tehran,Sports,Running Shoes,4,120,480
1795,2024-10-09,Sonya Campbell,Mashhad,Books,Machine Learning,3,80,240
1796,2024-04-07,Roy Donaldson,Isfahan,Home Appliances,Washing Machine,4,1500,6000
1797,2024-05-01,Ian Stuart,Karaj,Home Appliances,Refrigerator,2,1800,3600
1798,2025-12-30,Daniel Jones,Kermanshah,Sports,Running Shoes,3,120,360
1799,2024-06-09,Jasmine Anderson,Tehran,Home Appliances,Microwave,2,220,440
1800,2024-09-28,Natasha Fritz,Kermanshah,Home Appliances,Air Conditioner,5,2000,10000
1801,2025-12-16,Michael Smith,Qom,Home Appliances,Air Conditioner,5,2000,10000
1802,2025-01-19,Jessica Long,Ahvaz,Books,Algorithms,4,70,280
1803,2024-07-24,Elizabeth Rodriguez,Rasht,Sports,Fitness Band,4,90,360
1804,2024-11-12,Matthew Donaldson,Tabriz,Books,Algorithms,5,70,350
1805,2024-03-06,Jorge Garza,Tehran,Home Appliances,Air Conditioner,2,2000,4000
1806,2024-09-10,Monique Torres,Isfahan,Books,Machine Learning,3,80,240
1807,2025-03-07,Patricia Graham,Isfahan,Home Appliances,Vacuum Cleaner,2,300,600
1808,2025-10-20,Brendan Cooper,Karaj,Books,Data Science Handbook,3,60,180
1809,2025-10-21,Max Green,Kermanshah,Books,Clean Code,1,55,55
1810,2024-03-19,Justin Williamson,Ahvaz,Sports,Tennis Racket,1,180,180
1811,2024-11-03,Tyler Hall,Isfahan,Books,Python Programming,5,45,225
1812,2024-06-16,Scott Johnson,Shiraz,Books,Algorithms,3,70,210
1813,2024-04-08,Morgan Davis,Rasht,Home Appliances,Washing Machine,3,1500,4500
1814,2024-06-25,Jennifer Marks,Tehran,Electronics,Tablet,4,500,2000
1815,2024-12-30,Julie King,Isfahan,Home Appliances,Refrigerator,5,1800,9000
1816,2024-06-27,Tabitha Bradley,Shiraz,Electronics,Tablet,5,500,2500
1817,2024-07-31,Mary Sandoval,Tabriz,Electronics,Headphones,3,150,450
1818,2025-11-30,David Lawson,Rasht,Books,Python Programming,3,45,135
1819,2024-11-29,Victoria Phelps,Ahvaz,Electronics,Tablet,4,500,2000
1820,2025-02-14,Taylor Nichols,Ahvaz,Home Appliances,Refrigerator,4,1800,7200
1821,2025-03-01,Thomas Molina,Shiraz,Books,Machine Learning,2,80,160
1822,2025-11-08,Ashley Trujillo,Rasht,Electronics,Laptop,4,1200,4800
1823,2025-03-20,Mrs. Diana Anderson,Rasht,Sports,Football,2,30,60
1824,2025-01-01,John Velez,Kermanshah,Sports,Football,2,30,60
1825,2024-09-01,Jasmine Romero,Tehran,Books,Python Programming,2,45,90
1826,2024-03-08,George Parsons,Qom,Books,Algorithms,2,70,140
1827,2024-08-24,Kevin Lambert,Isfahan,Sports,Running Shoes,3,120,360
1828,2024-06-17,Melissa Burke,Rasht,Home Appliances,Air Conditioner,5,2000,10000
1829,2024-10-14,Jacob Foley,Ahvaz,Books,Python Programming,5,45,225
1830,2025-05-02,Debra Thornton,Isfahan,Sports,Fitness Band,3,90,270
1831,2024-03-18,Melissa Allen,Ahvaz,Books,Algorithms,5,70,350
1832,2025-09-12,Patricia Taylor,Tabriz,Home Appliances,Vacuum Cleaner,1,300,300
1833,2024-07-14,Wanda Thompson,Karaj,Home Appliances,Refrigerator,5,1800,9000
1834,2024-04-10,Shannon Murray,Ahvaz,Sports,Running Shoes,2,120,240
1835,2024-10-31,Chris Patel,Tabriz,Sports,Running Shoes,3,120,360
1836,2025-06-01,Robert Rose,Karaj,Sports,Football,4,30,120
1837,2024-07-17,Pamela Todd,Shiraz,Books,Machine Learning,1,80,80
1838,2024-12-20,Manuel Hernandez,Qom,Sports,Football,5,30,150
1839,2025-09-04,Brenda Martinez,Shiraz,Sports,Running Shoes,3,120,360
1840,2024-05-19,Jaclyn Howe,Kermanshah,Sports,Running Shoes,5,120,600
1841,2025-01-03,Karen Gray,Rasht,Books,Data Science Handbook,1,60,60
1842,2024-10-08,Jeremy Clark,Ahvaz,Sports,Fitness Band,2,90,180
1843,2025-07-19,John Diaz,Mashhad,Books,Algorithms,5,70,350
1844,2024-06-20,Stephen Gonzales,Isfahan,Electronics,Laptop,4,1200,4800
1845,2024-07-05,Chris Gonzalez,Tehran,Books,Machine Learning,3,80,240
1846,2025-01-04,Adam Melton,Qom,Books,Machine Learning,5,80,400
1847,2025-04-29,Carolyn Delacruz,Kermanshah,Home Appliances,Refrigerator,4,1800,7200
1848,2025-08-24,Joseph Bryant,Ahvaz,Books,Algorithms,2,70,140
1849,2025-11-01,Amber Smith,Tehran,Home Appliances,Air Conditioner,1,2000,2000
1850,2024-10-24,Dr. David Bailey,Karaj,Books,Python Programming,4,45,180
1851,2025-04-17,Kimberly Johnson,Qom,Books,Clean Code,4,55,220
1852,2025-08-11,Crystal Cole,Isfahan,Home Appliances,Air Conditioner,4,2000,8000
1853,2024-11-18,Colleen Lopez,Kermanshah,Books,Python Programming,4,45,180
1854,2024-12-07,Judy Gonzalez,Rasht,Electronics,Smart Watch,4,250,1000
1855,2025-04-06,Kevin Smith,Ahvaz,Sports,Football,4,30,120
1856,2025-11-26,Maria Lee,Karaj,Sports,Basketball,4,35,140
1857,2024-09-17,Peter Mcgee,Mashhad,Home Appliances,Microwave,5,220,1100
1858,2025-05-23,Christina Holden,Isfahan,Books,Clean Code,5,55,275
1859,2024-07-30,Julia Bowman,Qom,Electronics,Laptop,3,1200,3600
1860,2024-12-21,Frances Haley,Rasht,Home Appliances,Microwave,2,220,440
1861,2025-12-01,Sylvia Myers,Rasht,Books,Data Science Handbook,1,60,60
1862,2025-05-01,Carol Mason,Mashhad,Home Appliances,Refrigerator,5,1800,9000
1863,2025-06-02,Sharon Rodriguez,Tabriz,Sports,Fitness Band,4,90,360
1864,2024-08-03,John Johnson,Tehran,Electronics,Headphones,5,150,750
1865,2024-02-11,Cole Obrien,Mashhad,Sports,Running Shoes,5,120,600
1866,2024-11-22,Toni Brewer,Isfahan,Books,Python Programming,4,45,180
1867,2025-10-16,Jennifer Maddox,Rasht,Electronics,Smartphone,4,800,3200
1868,2025-12-08,George Young,Rasht,Sports,Running Shoes,4,120,480
1869,2024-06-07,Kevin Smith,Karaj,Electronics,Tablet,4,500,2000
1870,2025-04-05,Jason Jackson,Shiraz,Home Appliances,Microwave,5,220,1100
1871,2025-09-24,Jennifer Russell,Karaj,Home Appliances,Vacuum Cleaner,2,300,600
1872,2024-04-18,Tamara Erickson,Ahvaz,Home Appliances,Washing Machine,1,1500,1500
1873,2025-06-03,Megan Martin,Tabriz,Electronics,Smartphone,3,800,2400
1874,2025-12-22,Zachary Horn,Tabriz,Books,Data Science Handbook,1,60,60
1875,2024-12-03,Mark Mckinney,Karaj,Sports,Running Shoes,1,120,120
1876,2024-07-01,Melissa Miller,Kermanshah,Sports,Football,4,30,120
1877,2024-05-20,Nathaniel Stewart,Tehran,Sports,Tennis Racket,3,180,540
1878,2025-06-08,Sherri Mack,Shiraz,Books,Clean Code,2,55,110
1879,2025-09-02,Stephanie Collins,Tabriz,Electronics,Smart Watch,4,250,1000
1880,2024-03-23,Jesus Duran,Rasht,Electronics,Headphones,5,150,750
1881,2025-10-06,William Bryant,Tehran,Electronics,Tablet,5,500,2500
1882,2024-08-10,Kristen Johnson,Shiraz,Electronics,Headphones,3,150,450
1883,2025-12-18,Gabrielle Casey,Shiraz,Home Appliances,Air Conditioner,1,2000,2000
1884,2024-05-20,Christopher Harmon,Rasht,Books,Machine Learning,5,80,400
1885,2024-06-03,Christopher Montgomery,Mashhad,Books,Python Programming,4,45,180
1886,2025-06-21,Derek Good,Qom,Home Appliances,Air Conditioner,4,2000,8000
1887,2024-07-26,Larry Johnson,Rasht,Books,Data Science Handbook,4,60,240
1888,2025-03-18,Zachary Gonzalez,Karaj,Home Appliances,Air Conditioner,1,2000,2000
1889,2024-01-16,William Mitchell,Mashhad,Books,Algorithms,1,70,70
1890,2024-02-13,Edward Cook,Shiraz,Books,Data Science Handbook,2,60,120
1891,2024-08-23,Daniel Hernandez,Mashhad,Home Appliances,Microwave,4,220,880
1892,2024-04-03,Lisa Hawkins,Ahvaz,Sports,Tennis Racket,1,180,180
1893,2025-06-10,Sarah Perez,Qom,Electronics,Headphones,4,150,600
1894,2025-03-20,Austin Peterson,Qom,Home Appliances,Microwave,4,220,880
1895,2024-02-21,Erin Hines,Isfahan,Electronics,Tablet,2,500,1000
1896,2025-12-04,Stephanie Perez,Tehran,Sports,Running Shoes,1,120,120
1897,2024-05-26,Alexander Cooley,Qom,Home Appliances,Refrigerator,1,1800,1800
1898,2024-01-03,Angela Hubbard,Rasht,Sports,Fitness Band,4,90,360
1899,2025-10-15,Laura Lopez,Mashhad,Electronics,Tablet,2,500,1000
1900,2025-03-20,Jessica Brown,Mashhad,Electronics,Headphones,2,150,300
1901,2025-01-17,James Ashley,Shiraz,Books,Python Programming,1,45,45
1902,2024-05-22,Barbara Miller,Kermanshah,Electronics,Tablet,5,500,2500
1903,2025-08-12,Cameron Davis,Mashhad,Home Appliances,Refrigerator,1,1800,1800
1904,2024-09-03,Stephanie Wheeler,Tehran,Home Appliances,Air Conditioner,3,2000,6000
1905,2025-10-30,Jessica Adams,Qom,Books,Clean Code,2,55,110
1906,2024-04-07,Rebekah Casey,Shiraz,Home Appliances,Washing Machine,5,1500,7500
1907,2024-10-24,Laura Miller,Kermanshah,Sports,Football,5,30,150
1908,2025-03-19,Aaron Black,Kermanshah,Electronics,Headphones,1,150,150
1909,2024-08-17,Christopher Case,Mashhad,Sports,Basketball,1,35,35
1910,2025-03-31,Ashley Harrison,Ahvaz,Home Appliances,Vacuum Cleaner,4,300,1200
1911,2025-12-13,Dalton Burton,Mashhad,Electronics,Headphones,5,150,750
1912,2024-03-24,Robert Hull,Isfahan,Sports,Football,4,30,120
1913,2025-10-20,Bradley Johnson,Karaj,Sports,Fitness Band,3,90,270
1914,2025-11-02,Mark Moody,Karaj,Books,Algorithms,4,70,280
1915,2025-05-11,Sara Nelson,Ahvaz,Home Appliances,Microwave,3,220,660
1916,2025-04-17,Samuel Anderson PhD,Isfahan,Home Appliances,Refrigerator,4,1800,7200
1917,2024-10-20,James Howell,Tehran,Electronics,Tablet,3,500,1500
1918,2025-05-14,Ashley Tucker,Karaj,Sports,Fitness Band,4,90,360
1919,2025-03-24,Tammy Weaver,Ahvaz,Electronics,Headphones,4,150,600
1920,2025-09-27,Charles Martinez,Kermanshah,Sports,Football,3,30,90
1921,2024-05-15,Jeffrey Roman,Qom,Books,Python Programming,1,45,45
1922,2025-11-28,Cassandra Hunt,Shiraz,Electronics,Headphones,4,150,600
1923,2025-06-21,Kelly Gentry,Isfahan,Sports,Tennis Racket,5,180,900
1924,2024-04-15,Catherine Rangel,Qom,Home Appliances,Washing Machine,2,1500,3000
1925,2025-11-11,Chelsea Black,Mashhad,Electronics,Tablet,4,500,2000
1926,2025-12-09,Thomas Carter,Kermanshah,Books,Python Programming,1,45,45
1927,2024-02-09,Cole Gutierrez,Ahvaz,Books,Python Programming,3,45,135
1928,2024-06-27,Emily Gardner,Ahvaz,Books,Machine Learning,2,80,160
1929,2024-05-27,Dwayne Crawford,Tabriz,Sports,Tennis Racket,2,180,360
1930,2024-02-26,Michael Sims,Karaj,Books,Algorithms,3,70,210
1931,2025-07-22,Christopher Chen,Tabriz,Sports,Running Shoes,5,120,600
1932,2025-10-28,Karl Rojas,Tehran,Home Appliances,Air Conditioner,2,2000,4000
1933,2024-08-13,Daniel Boyle,Qom,Electronics,Tablet,4,500,2000
1934,2024-11-20,Ann Cain,Isfahan,Sports,Football,4,30,120
1935,2025-02-28,Angela Murray,Tabriz,Electronics,Laptop,4,1200,4800
1936,2024-02-25,Nicholas Marsh,Kermanshah,Electronics,Tablet,5,500,2500
1937,2025-06-26,Meagan Patterson,Kermanshah,Sports,Fitness Band,2,90,180
1938,2024-05-17,Brandon Smith,Shiraz,Books,Machine Learning,2,80,160
1939,2024-11-23,Sean Smith,Qom,Books,Python Programming,1,45,45
1940,2025-08-12,Keith Smith,Tabriz,Sports,Fitness Band,4,90,360
1941,2024-10-31,Richard Rodriguez,Rasht,Electronics,Smartphone,3,800,2400
1942,2025-12-19,Robert Garcia,Tehran,Books,Clean Code,2,55,110
1943,2025-07-30,Daniel Allison,Kermanshah,Electronics,Smart Watch,3,250,750
1944,2025-02-10,Deanna Mcclure,Qom,Electronics,Smartphone,3,800,2400
1945,2025-10-27,Alison Reid,Qom,Electronics,Smart Watch,4,250,1000
1946,2025-08-03,William Wilson,Rasht,Sports,Tennis Racket,4,180,720
1947,2024-12-02,Charles Fuentes,Tehran,Books,Python Programming,5,45,225
1948,2025-10-18,Lisa Castro,Tehran,Electronics,Headphones,2,150,300
1949,2024-08-01,Erin Howard,Isfahan,Electronics,Smart Watch,5,250,1250
1950,2024-11-02,George Wells,Ahvaz,Home Appliances,Refrigerator,1,1800,1800
1951,2025-02-05,Adam Pruitt,Tabriz,Books,Python Programming,2,45,90
1952,2024-11-11,Joshua Brown,Kermanshah,Home Appliances,Air Conditioner,4,2000,8000
1953,2024-07-15,Tina Green,Shiraz,Home Appliances,Washing Machine,5,1500,7500
1954,2025-01-24,James Esparza,Mashhad,Sports,Tennis Racket,1,180,180
1955,2025-05-19,Paul Gray,Qom,Electronics,Smartphone,2,800,1600
1956,2025-03-30,Tamara Smith,Shiraz,Sports,Running Shoes,3,120,360
1957,2024-01-20,Kimberly Crawford,Tehran,Books,Algorithms,1,70,70
1958,2024-07-15,Timothy Durham,Tabriz,Books,Clean Code,4,55,220
1959,2025-11-26,Claire Marshall,Shiraz,Books,Algorithms,1,70,70
1960,2024-04-19,Sarah Deleon,Isfahan,Sports,Running Shoes,4,120,480
1961,2024-05-08,Roy Hanson,Kermanshah,Sports,Football,3,30,90
1962,2024-07-11,Eric Love,Rasht,Books,Machine Learning,2,80,160
1963,2024-10-12,Linda Morgan,Kermanshah,Electronics,Headphones,5,150,750
1964,2025-08-22,Molly Castro,Qom,Books,Algorithms,5,70,350
1965,2024-11-27,Jodi Mccarty,Tabriz,Books,Data Science Handbook,4,60,240
1966,2025-07-02,Renee Lawrence,Rasht,Sports,Tennis Racket,5,180,900
1967,2025-04-01,Nancy Bailey,Tehran,Electronics,Laptop,1,1200,1200
1968,2024-01-11,Kyle Allen,Qom,Sports,Basketball,4,35,140
1969,2025-09-04,Robert Hunter,Kermanshah,Sports,Running Shoes,2,120,240
1970,2024-07-21,Tyler Nunez,Rasht,Books,Algorithms,5,70,350
1971,2025-04-11,Kaitlyn Gibbs,Kermanshah,Books,Machine Learning,2,80,160
1972,2025-10-07,Laurie Reynolds,Qom,Sports,Tennis Racket,3,180,540
1973,2025-12-17,Christian Brown,Rasht,Sports,Fitness Band,3,90,270
1974,2024-11-16,Joshua Lopez,Rasht,Books,Machine Learning,3,80,240
1975,2025-03-07,Daniel Hernandez,Ahvaz,Books,Clean Code,3,55,165
1976,2025-10-21,Michele Dixon,Tabriz,Home Appliances,Air Conditioner,2,2000,4000
1977,2024-07-23,Ralph Bryant,Isfahan,Home Appliances,Vacuum Cleaner,5,300,1500
1978,2024-05-12,Robert Welch,Qom,Sports,Running Shoes,5,120,600
1979,2025-09-06,Michelle Brown,Tehran,Home Appliances,Air Conditioner,5,2000,10000
1980,2025-04-25,Danielle Robertson,Qom,Sports,Fitness Band,1,90,90
1981,2024-04-10,Scott Flores,Isfahan,Books,Python Programming,4,45,180
1982,2024-07-12,Thomas Lewis,Mashhad,Books,Machine Learning,4,80,320
1983,2024-12-08,George Hanna,Mashhad,Electronics,Smartphone,4,800,3200
1984,2025-06-14,John Meza,Shiraz,Electronics,Smartphone,5,800,4000
1985,2024-05-25,Kathryn Carter,Karaj,Home Appliances,Microwave,5,220,1100
1986,2024-07-14,David Cervantes,Qom,Electronics,Tablet,1,500,500
1987,2024-04-09,Tiffany Williamson,Mashhad,Electronics,Smart Watch,3,250,750
1988,2024-04-05,Kimberly Cabrera,Rasht,Sports,Football,5,30,150
1989,2024-12-11,Nicholas Gardner,Rasht,Home Appliances,Vacuum Cleaner,3,300,900
1990,2024-09-28,Nicholas Nixon,Karaj,Books,Clean Code,2,55,110
1991,2024-12-19,Kimberly Haley,Kermanshah,Home Appliances,Refrigerator,2,1800,3600
1992,2024-05-18,Kelsey Terry,Isfahan,Electronics,Tablet,4,500,2000
1993,2024-07-03,Ms. Ellen Barber,Shiraz,Sports,Running Shoes,5,120,600
1994,2025-11-25,Jesse Perry,Tehran,Home Appliances,Washing Machine,5,1500,7500
1995,2024-08-01,Jennifer Holt,Isfahan,Home Appliances,Refrigerator,4,1800,7200
1996,2025-10-04,Chad Hayes,Karaj,Sports,Running Shoes,1,120,120
1997,2025-09-29,Michael Stein,Tabriz,Books,Python Programming,2,45,90
1998,2024-02-10,Megan Brown,Shiraz,Books,Python Programming,5,45,225
1999,2025-01-10,Amanda Tapia,Karaj,Electronics,Smartphone,4,800,3200
2000,2024-01-12,Michael Erickson,Ahvaz,Books,Algorithms,4,70,280
2001,2024-04-13,Jamie Carpenter,Mashhad,Sports,Fitness Band,3,90,270
2002,2025-10-05,Rebecca Gardner,Rasht,Home Appliances,Vacuum Cleaner,4,300,1200
2003,2025-10-16,Tyler Sanchez,Tehran,Sports,Basketball,1,35,35
2004,2025-03-31,Kathy Richardson,Shiraz,Sports,Tennis Racket,4,180,720
2005,2024-02-06,Rebecca Hart,Rasht,Sports,Tennis Racket,3,180,540
2006,2025-09-07,John Ramirez,Karaj,Sports,Running Shoes,4,120,480
2007,2024-05-20,Timothy Winters,Tabriz,Electronics,Tablet,4,500,2000
2008,2025-12-14,Jeffrey Perez,Tehran,Home Appliances,Vacuum Cleaner,5,300,1500
2009,2025-04-18,Amy Fuller,Qom,Electronics,Smart Watch,1,250,250
2010,2024-10-14,Michelle Salazar,Mashhad,Electronics,Smart Watch,5,250,1250
2011,2024-02-13,Sharon Trevino,Isfahan,Books,Data Science Handbook,4,60,240
2012,2025-05-22,Christopher Torres,Karaj,Sports,Tennis Racket,3,180,540
2013,2025-12-28,Darren Collins,Kermanshah,Books,Python Programming,5,45,225
2014,2025-02-13,Charles Clark,Ahvaz,Books,Python Programming,3,45,135
2015,2025-04-10,Mark English,Karaj,Home Appliances,Microwave,2,220,440
2016,2024-02-29,Christopher Haney,Kermanshah,Home Appliances,Air Conditioner,2,2000,4000
2017,2025-06-24,Michael George,Shiraz,Sports,Running Shoes,3,120,360
2018,2024-01-26,Nicole Robinson,Karaj,Books,Data Science Handbook,2,60,120
2019,2025-04-24,Linda Miller,Isfahan,Electronics,Tablet,4,500,2000
2020,2024-11-23,Michael Smith,Tabriz,Books,Machine Learning,4,80,320
2021,2025-03-18,Loretta Hamilton,Mashhad,Electronics,Laptop,1,1200,1200
2022,2024-12-15,Matthew Savage,Karaj,Sports,Fitness Band,5,90,450
2023,2025-04-19,Jesse Castillo PhD,Ahvaz,Electronics,Smartphone,1,800,800
2024,2025-10-04,Heather Williams,Shiraz,Books,Algorithms,1,70,70
2025,2024-11-12,Heather Curtis,Karaj,Home Appliances,Washing Machine,3,1500,4500
2026,2025-02-12,Jodi Baker,Shiraz,Books,Algorithms,5,70,350
2027,2025-06-14,Margaret Beasley,Qom,Electronics,Tablet,1,500,500
2028,2024-01-12,Bobby Rojas,Qom,Electronics,Laptop,2,1200,2400
2029,2024-10-10,Dr. Eric Hughes,Isfahan,Home Appliances,Refrigerator,4,1800,7200
2030,2024-06-18,Eric Perry,Rasht,Sports,Tennis Racket,3,180,540
2031,2025-10-04,Christopher Grant,Mashhad,Home Appliances,Air Conditioner,2,2000,4000
2032,2024-06-18,Casey Vargas,Kermanshah,Electronics,Headphones,5,150,750
2033,2025-09-27,Stacey Gonzalez,Rasht,Home Appliances,Refrigerator,3,1800,5400
2034,2025-06-27,Ronald Curry,Qom,Books,Data Science Handbook,3,60,180
2035,2025-11-29,Jessica Hill,Qom,Electronics,Smart Watch,2,250,500
2036,2024-03-03,Amy Cohen,Ahvaz,Sports,Basketball,1,35,35
2037,2025-10-14,Mark Taylor,Qom,Books,Machine Learning,2,80,160
2038,2024-01-13,Julian Hernandez,Kermanshah,Sports,Football,3,30,90
2039,2024-04-28,Lisa Hart,Shiraz,Home Appliances,Vacuum Cleaner,5,300,1500
2040,2025-03-19,Terry Aguilar,Karaj,Sports,Tennis Racket,5,180,900
2041,2024-05-07,Jesse Blair,Ahvaz,Sports,Football,1,30,30
2042,2024-09-23,Keith Martinez MD,Tabriz,Books,Clean Code,3,55,165
2043,2024-05-18,Keith Heath,Qom,Electronics,Smart Watch,2,250,500
2044,2025-08-06,Bruce Simpson,Karaj,Electronics,Smartphone,3,800,2400
2045,2025-08-18,Charles Barber,Tabriz,Home Appliances,Vacuum Cleaner,3,300,900
2046,2025-07-18,Steven Pruitt,Qom,Home Appliances,Vacuum Cleaner,1,300,300
2047,2025-06-13,Calvin Mckinney,Isfahan,Home Appliances,Refrigerator,4,1800,7200
2048,2024-09-13,Sydney Hernandez MD,Kermanshah,Home Appliances,Refrigerator,3,1800,5400
2049,2024-10-09,Jeremy Carter,Rasht,Books,Algorithms,2,70,140
2050,2025-06-16,Daniel Thomas,Tehran,Books,Algorithms,2,70,140
2051,2025-07-10,Diane Rubio,Ahvaz,Home Appliances,Washing Machine,3,1500,4500
2052,2024-10-13,Mr. Robert Powers,Qom,Sports,Tennis Racket,2,180,360
2053,2025-06-28,Todd Gonzalez,Karaj,Books,Clean Code,5,55,275
2054,2024-08-19,Brett Chaney,Qom,Sports,Tennis Racket,4,180,720
2055,2025-02-23,Linda Anderson,Qom,Sports,Fitness Band,5,90,450
2056,2024-09-07,Christopher Ward,Qom,Home Appliances,Washing Machine,3,1500,4500
2057,2024-09-17,Jennifer Huerta,Kermanshah,Books,Machine Learning,2,80,160
2058,2024-12-21,James Miller,Rasht,Home Appliances,Refrigerator,1,1800,1800
2059,2025-02-17,Rebecca Rodriguez,Qom,Electronics,Tablet,3,500,1500
2060,2024-12-14,Thomas Sanchez,Karaj,Electronics,Smart Watch,2,250,500
2061,2024-09-06,John Gordon,Qom,Home Appliances,Washing Machine,1,1500,1500
2062,2024-09-20,Mark English,Karaj,Sports,Football,4,30,120
2063,2024-04-24,Craig Miller,Tabriz,Books,Algorithms,5,70,350
2064,2024-03-21,Steven Juarez,Rasht,Electronics,Smart Watch,5,250,1250
2065,2025-01-16,Laura Dickson,Kermanshah,Books,Data Science Handbook,1,60,60
2066,2024-05-21,Marie Miller,Ahvaz,Electronics,Laptop,3,1200,3600
2067,2024-11-24,Darren Dixon,Tehran,Books,Algorithms,3,70,210
2068,2024-10-08,Patrick Bell,Qom,Sports,Football,5,30,150
2069,2024-02-14,Brian Reilly,Karaj,Sports,Basketball,5,35,175
2070,2024-04-08,Daniel Galvan,Mashhad,Electronics,Smartphone,4,800,3200
2071,2024-05-22,Jeremy Harris,Karaj,Books,Data Science Handbook,1,60,60
2072,2025-02-23,Mrs. Brittany Johnson,Qom,Electronics,Laptop,1,1200,1200
2073,2024-09-13,Valerie Taylor,Shiraz,Home Appliances,Microwave,4,220,880
2074,2025-12-21,Clarence Tucker,Rasht,Electronics,Laptop,3,1200,3600
2075,2024-03-03,Matthew Ray,Qom,Books,Clean Code,3,55,165
2076,2025-02-23,Andre James,Kermanshah,Electronics,Headphones,5,150,750
2077,2025-12-17,Don Bennett,Karaj,Electronics,Smart Watch,1,250,250
2078,2025-09-13,Tyler Martin,Shiraz,Books,Data Science Handbook,5,60,300
2079,2024-07-13,Gina Maynard,Isfahan,Books,Algorithms,3,70,210
2080,2024-10-16,Sherri Smith,Kermanshah,Electronics,Laptop,2,1200,2400
2081,2024-04-25,Daniel Murphy,Shiraz,Sports,Tennis Racket,1,180,180
2082,2025-10-04,Eric Davis,Mashhad,Sports,Tennis Racket,2,180,360
2083,2024-03-31,Howard Roberts,Tehran,Electronics,Tablet,4,500,2000
2084,2024-05-26,Kirk Wilson,Kermanshah,Books,Python Programming,4,45,180
2085,2024-09-23,Stephen Ramos,Isfahan,Sports,Football,2,30,60
2086,2024-04-15,Brittany Lopez,Karaj,Home Appliances,Washing Machine,4,1500,6000
2087,2024-09-20,Maria Baker,Tabriz,Books,Algorithms,5,70,350
2088,2025-07-13,Courtney Gomez,Shiraz,Sports,Football,1,30,30
2089,2024-10-13,Heather Odom,Qom,Books,Data Science Handbook,5,60,300
2090,2024-03-01,James Taylor,Karaj,Sports,Basketball,4,35,140
2091,2024-02-26,Peter Johnson,Shiraz,Sports,Football,3,30,90
2092,2024-11-03,Cindy English,Kermanshah,Home Appliances,Microwave,1,220,220
2093,2025-11-26,Terry Riley,Ahvaz,Electronics,Headphones,1,150,150
2094,2025-01-17,Joseph Ward,Karaj,Home Appliances,Refrigerator,4,1800,7200
2095,2025-06-17,Samantha Avila,Tehran,Sports,Football,4,30,120
2096,2025-12-14,Pamela Terrell,Kermanshah,Books,Data Science Handbook,5,60,300
2097,2025-12-26,James Manning,Rasht,Sports,Running Shoes,1,120,120
2098,2024-11-11,Richard Williams,Isfahan,Home Appliances,Microwave,1,220,220
2099,2024-08-04,Jason Long,Rasht,Books,Machine Learning,5,80,400
2100,2025-04-15,Jessica Washington,Shiraz,Sports,Running Shoes,5,120,600
2101,2025-09-20,Wendy Dominguez,Kermanshah,Sports,Tennis Racket,2,180,360
2102,2024-12-14,Kimberly Marquez,Tehran,Books,Algorithms,3,70,210
2103,2025-02-17,Maurice Lopez,Isfahan,Electronics,Tablet,3,500,1500
2104,2024-06-06,Allison Wolfe,Karaj,Electronics,Headphones,1,150,150
2105,2025-05-24,Justin Robinson,Ahvaz,Sports,Tennis Racket,3,180,540
2106,2024-11-05,Edwin Jordan,Karaj,Electronics,Smart Watch,5,250,1250
2107,2025-05-30,David Nelson,Tehran,Sports,Fitness Band,5,90,450
2108,2024-09-06,Eric Wilson,Mashhad,Electronics,Laptop,4,1200,4800
2109,2025-11-15,Michael Hartman,Ahvaz,Books,Algorithms,1,70,70
2110,2025-07-12,Kylie Jones,Tehran,Books,Algorithms,4,70,280
2111,2025-03-28,Patricia Austin,Rasht,Sports,Basketball,1,35,35
2112,2025-04-28,Linda Riley,Kermanshah,Sports,Tennis Racket,1,180,180
2113,2024-11-22,Michelle Thomas,Tabriz,Sports,Football,4,30,120
2114,2024-08-12,Kimberly Hart,Kermanshah,Books,Data Science Handbook,1,60,60
2115,2024-12-05,Nancy Sanders,Mashhad,Home Appliances,Microwave,4,220,880
2116,2024-06-20,Lisa Jackson,Tehran,Sports,Tennis Racket,1,180,180
2117,2025-10-19,Thomas Wright,Shiraz,Sports,Fitness Band,1,90,90
2118,2024-08-12,James Sanchez,Kermanshah,Books,Python Programming,4,45,180
2119,2024-02-16,Andrew Daniel,Rasht,Books,Python Programming,5,45,225
2120,2024-03-23,Kimberly Fritz,Ahvaz,Sports,Running Shoes,4,120,480
2121,2024-09-03,Jennifer Richardson,Mashhad,Home Appliances,Microwave,3,220,660
2122,2025-01-04,Brenda Brown,Mashhad,Home Appliances,Refrigerator,5,1800,9000
2123,2025-06-03,Matthew Harris,Shiraz,Electronics,Smart Watch,3,250,750
2124,2025-07-08,Alexander Orozco,Tabriz,Sports,Running Shoes,2,120,240
2125,2025-04-14,Calvin Garrett,Tehran,Sports,Tennis Racket,3,180,540
2126,2024-05-12,Bethany Wood,Rasht,Home Appliances,Washing Machine,1,1500,1500
2127,2024-02-21,David Franklin,Rasht,Home Appliances,Microwave,1,220,220
2128,2025-03-10,Caleb Moore,Isfahan,Sports,Tennis Racket,5,180,900
2129,2024-10-14,David Howard,Tabriz,Electronics,Smart Watch,4,250,1000
2130,2024-08-11,Michael Giles,Ahvaz,Sports,Football,4,30,120
2131,2024-04-22,James Lee,Rasht,Electronics,Tablet,3,500,1500
2132,2024-03-11,Sarah Castro,Rasht,Sports,Tennis Racket,2,180,360
2133,2024-11-26,Judy Miller,Karaj,Electronics,Tablet,5,500,2500
2134,2024-06-07,Amy Gibson,Tabriz,Home Appliances,Refrigerator,4,1800,7200
2135,2024-03-14,Gail Gonzalez,Tabriz,Books,Data Science Handbook,1,60,60
2136,2024-02-12,Steve Byrd,Rasht,Home Appliances,Washing Machine,2,1500,3000
2137,2025-09-13,Wayne Mccullough,Rasht,Sports,Fitness Band,2,90,180
2138,2024-05-09,Lauren Maynard,Tabriz,Sports,Running Shoes,1,120,120
2139,2024-11-21,Tina Washington,Ahvaz,Home Appliances,Microwave,2,220,440
2140,2024-07-01,Tina Solis,Tabriz,Sports,Running Shoes,1,120,120
2141,2024-09-12,Angela Wiggins,Kermanshah,Electronics,Smartphone,3,800,2400
2142,2025-03-13,Jeremy Munoz,Tabriz,Sports,Tennis Racket,5,180,900
2143,2024-02-16,Andrea Nolan,Karaj,Electronics,Headphones,5,150,750
2144,2025-03-04,Joseph Harris,Qom,Books,Algorithms,1,70,70
2145,2024-10-31,Carly Spence,Mashhad,Books,Data Science Handbook,2,60,120
2146,2024-12-01,Matthew White,Tabriz,Home Appliances,Microwave,4,220,880
2147,2024-03-21,Kimberly Cook,Isfahan,Home Appliances,Air Conditioner,4,2000,8000
2148,2024-05-04,Edward Davis,Tabriz,Home Appliances,Vacuum Cleaner,3,300,900
2149,2024-05-13,Charles Davenport,Ahvaz,Home Appliances,Vacuum Cleaner,5,300,1500
2150,2025-05-11,Thomas Taylor,Qom,Electronics,Headphones,5,150,750
2151,2024-03-03,Christopher Rasmussen,Tabriz,Home Appliances,Washing Machine,2,1500,3000
2152,2025-07-27,Michael Dodson,Ahvaz,Sports,Fitness Band,1,90,90
2153,2024-01-29,Jennifer Thomas,Ahvaz,Home Appliances,Air Conditioner,1,2000,2000
2154,2024-01-18,Gary Jefferson,Isfahan,Home Appliances,Vacuum Cleaner,5,300,1500
2155,2025-09-28,Walter Smith,Rasht,Sports,Fitness Band,3,90,270
2156,2024-11-03,Jerry Cox MD,Isfahan,Electronics,Laptop,2,1200,2400
2157,2025-12-02,Paul Hudson,Shiraz,Home Appliances,Vacuum Cleaner,3,300,900
2158,2025-11-17,Debra Wilson,Isfahan,Sports,Running Shoes,1,120,120
2159,2025-10-15,Philip Bray,Ahvaz,Books,Algorithms,3,70,210
2160,2025-07-27,Marcus Young,Karaj,Books,Machine Learning,5,80,400
2161,2024-10-29,Andrew Harris,Tabriz,Electronics,Headphones,2,150,300
2162,2025-06-09,Sara Hess,Rasht,Sports,Running Shoes,5,120,600
2163,2024-08-21,Thomas Smith,Isfahan,Books,Python Programming,2,45,90
2164,2024-06-09,Clinton Bishop,Tabriz,Sports,Football,2,30,60
2165,2024-08-03,Oscar Odom,Karaj,Home Appliances,Washing Machine,4,1500,6000
2166,2024-01-30,Melissa Gomez,Ahvaz,Electronics,Smartphone,2,800,1600
2167,2025-07-26,Tammy Gutierrez,Tabriz,Books,Data Science Handbook,4,60,240
2168,2025-11-19,Noah Mills,Karaj,Books,Machine Learning,2,80,160
2169,2025-06-20,Marissa Davis,Karaj,Home Appliances,Refrigerator,4,1800,7200
2170,2024-04-05,Joseph Strong,Tabriz,Electronics,Headphones,1,150,150
2171,2024-12-12,Timothy Gonzalez,Tehran,Books,Clean Code,4,55,220
2172,2025-04-28,Rodney Mitchell,Kermanshah,Electronics,Smart Watch,3,250,750
2173,2024-10-03,Dennis Pacheco,Rasht,Sports,Fitness Band,3,90,270
2174,2024-04-12,Kevin Hampton,Mashhad,Electronics,Tablet,4,500,2000
2175,2025-11-04,David Armstrong,Kermanshah,Electronics,Smartphone,3,800,2400
2176,2025-08-20,Peter Ross,Tabriz,Sports,Tennis Racket,5,180,900
2177,2025-07-10,Sherri Adams,Shiraz,Electronics,Smart Watch,3,250,750
2178,2024-02-17,Margaret Arnold,Kermanshah,Electronics,Smart Watch,1,250,250
2179,2024-01-29,Ms. Susan Miller,Qom,Electronics,Headphones,3,150,450
2180,2025-09-29,Wendy Green,Mashhad,Home Appliances,Washing Machine,5,1500,7500
2181,2025-05-09,Sara Marshall,Tabriz,Home Appliances,Microwave,1,220,220
2182,2024-10-01,Kristina Barton,Tehran,Home Appliances,Microwave,2,220,440
2183,2025-12-01,Jonathan Douglas,Shiraz,Books,Algorithms,1,70,70
2184,2024-01-18,Yolanda Rogers,Kermanshah,Home Appliances,Microwave,1,220,220
2185,2025-02-15,William Cross,Tabriz,Home Appliances,Microwave,1,220,220
2186,2025-04-10,Jeffrey Bender,Tabriz,Home Appliances,Refrigerator,3,1800,5400
2187,2025-01-09,Kimberly Graves,Rasht,Books,Clean Code,5,55,275
2188,2024-07-17,Lisa Hill,Qom,Books,Python Programming,2,45,90
2189,2025-01-06,Peter Burke,Karaj,Home Appliances,Microwave,1,220,220
2190,2025-11-01,Steven Smith,Rasht,Electronics,Smartphone,3,800,2400
2191,2024-05-11,Valerie Wright,Tehran,Sports,Running Shoes,3,120,360
2192,2024-06-03,Amy Morrow,Karaj,Sports,Basketball,4,35,140
2193,2024-01-13,Nathan Miller,Mashhad,Electronics,Smart Watch,5,250,1250
2194,2024-08-23,Heather Nixon,Kermanshah,Home Appliances,Vacuum Cleaner,3,300,900
2195,2024-07-02,Rachel Barnes,Karaj,Books,Data Science Handbook,5,60,300
2196,2024-12-02,Brian Olson,Isfahan,Electronics,Laptop,5,1200,6000
2197,2025-12-02,Brittany Spencer,Kermanshah,Electronics,Laptop,2,1200,2400
2198,2024-08-31,Frank Kemp,Ahvaz,Electronics,Smartphone,5,800,4000
2199,2024-01-06,Gina Hawkins,Tehran,Books,Machine Learning,2,80,160
2200,2025-11-12,Ronnie Thompson,Rasht,Electronics,Smartphone,2,800,1600
2201,2024-05-20,Mrs. Megan Rodriguez,Qom,Home Appliances,Air Conditioner,1,2000,2000
2202,2025-01-07,Joshua Johnson,Ahvaz,Sports,Football,1,30,30
2203,2025-07-29,Nathan Mccarthy,Karaj,Home Appliances,Air Conditioner,3,2000,6000
2204,2025-01-12,Billy Watkins,Rasht,Electronics,Tablet,3,500,1500
2205,2025-05-23,Hunter Fuller,Karaj,Sports,Fitness Band,5,90,450
2206,2025-11-06,Karen Simpson,Karaj,Electronics,Tablet,2,500,1000
2207,2025-05-23,Barbara Clark,Tehran,Electronics,Headphones,1,150,150
2208,2025-01-03,Danielle Robinson,Rasht,Home Appliances,Refrigerator,5,1800,9000
2209,2025-08-14,Beverly Salas,Rasht,Home Appliances,Washing Machine,4,1500,6000
2210,2025-06-19,David Brown,Shiraz,Sports,Running Shoes,4,120,480
2211,2024-01-03,Alicia Owen,Kermanshah,Books,Machine Learning,4,80,320
2212,2024-04-29,Todd Deleon,Qom,Sports,Running Shoes,3,120,360
2213,2024-04-08,Michael Bradley,Shiraz,Books,Machine Learning,5,80,400
2214,2024-03-02,Lori Jones,Kermanshah,Books,Data Science Handbook,2,60,120
2215,2024-03-19,Scott Mills,Shiraz,Electronics,Smartphone,5,800,4000
2216,2025-08-12,Paige Rios,Tehran,Sports,Tennis Racket,3,180,540
2217,2024-04-29,John Tanner,Shiraz,Sports,Tennis Racket,5,180,900
2218,2025-06-17,Terri Cunningham,Karaj,Electronics,Laptop,5,1200,6000
2219,2024-05-27,Rodney Estes,Ahvaz,Electronics,Smartphone,1,800,800
2220,2024-10-10,Crystal Sawyer,Shiraz,Books,Clean Code,5,55,275
2221,2024-05-17,James Howe,Rasht,Sports,Basketball,1,35,35
2222,2025-12-21,Antonio Hall,Tehran,Sports,Basketball,1,35,35
2223,2024-11-22,Shelley Bates,Rasht,Electronics,Smartphone,4,800,3200
2224,2025-02-06,Matthew Reyes,Ahvaz,Sports,Basketball,4,35,140
2225,2025-05-16,Danielle James,Shiraz,Electronics,Tablet,1,500,500
2226,2025-01-22,Meagan Morrison,Qom,Electronics,Headphones,4,150,600
2227,2025-06-26,Ernest Sullivan,Shiraz,Books,Python Programming,3,45,135
2228,2024-11-12,Vanessa Foster,Ahvaz,Electronics,Tablet,1,500,500
2229,2025-04-06,Douglas Knox,Mashhad,Books,Machine Learning,5,80,400
2230,2024-09-08,Ryan Fischer,Tehran,Home Appliances,Vacuum Cleaner,3,300,900
2231,2024-06-25,Jason Stark,Rasht,Books,Data Science Handbook,5,60,300
2232,2024-05-14,Michelle Ortiz,Karaj,Sports,Football,5,30,150
2233,2025-07-03,Brett Curtis,Ahvaz,Electronics,Tablet,4,500,2000
2234,2025-08-01,Lisa Reed,Kermanshah,Books,Python Programming,1,45,45
2235,2025-12-05,Debra Porter,Isfahan,Home Appliances,Vacuum Cleaner,4,300,1200
2236,2024-11-16,Sandra Mccoy,Mashhad,Home Appliances,Refrigerator,3,1800,5400
2237,2025-07-09,Aaron Harris,Tabriz,Sports,Basketball,3,35,105
2238,2025-05-21,Wesley Ortiz,Qom,Electronics,Smart Watch,1,250,250
2239,2025-12-08,Julia Fuller,Tabriz,Home Appliances,Washing Machine,4,1500,6000
2240,2025-11-26,Megan Cross,Karaj,Home Appliances,Microwave,2,220,440
2241,2024-10-07,Kurt Brown,Tehran,Electronics,Tablet,3,500,1500
2242,2024-01-13,Heather Cook,Shiraz,Home Appliances,Washing Machine,5,1500,7500
2243,2024-12-08,Bryan Morrison,Rasht,Books,Machine Learning,3,80,240
2244,2024-11-28,Christopher Smith,Qom,Home Appliances,Refrigerator,5,1800,9000
2245,2024-03-02,Anthony Ward,Mashhad,Home Appliances,Microwave,1,220,220
2246,2025-04-04,Kenneth Gomez,Tabriz,Electronics,Laptop,4,1200,4800
2247,2025-09-11,Peter Page,Tabriz,Electronics,Headphones,4,150,600
2248,2024-12-13,Tina Williams,Karaj,Books,Algorithms,1,70,70
2249,2024-06-01,Sarah Compton,Kermanshah,Books,Algorithms,5,70,350
2250,2024-07-31,Darrell Watson,Tabriz,Home Appliances,Microwave,3,220,660
2251,2025-05-04,Timothy Fernandez,Ahvaz,Sports,Basketball,5,35,175
2252,2024-05-17,Zachary Good,Karaj,Books,Data Science Handbook,5,60,300
2253,2024-01-13,Joshua Thompson,Karaj,Electronics,Headphones,2,150,300
2254,2024-10-13,Victor Scott,Shiraz,Sports,Football,3,30,90
2255,2024-12-31,Kelsey Reyes,Isfahan,Books,Machine Learning,2,80,160
2256,2025-09-08,Andrea Martin,Karaj,Home Appliances,Refrigerator,3,1800,5400
2257,2024-10-10,David Jefferson,Kermanshah,Books,Data Science Handbook,2,60,120
2258,2024-10-13,Randy Johnson,Tabriz,Books,Python Programming,2,45,90
2259,2025-10-13,Elizabeth Anderson,Isfahan,Sports,Football,2,30,60
2260,2025-06-01,Megan Fry,Isfahan,Electronics,Laptop,1,1200,1200
2261,2024-10-18,Samuel Franklin,Tehran,Electronics,Headphones,2,150,300
2262,2025-04-23,Michael Rios,Karaj,Books,Python Programming,4,45,180
2263,2025-10-10,Andrew Taylor,Qom,Sports,Tennis Racket,1,180,180
2264,2025-10-08,Cheryl Wilson,Isfahan,Home Appliances,Vacuum Cleaner,1,300,300
2265,2025-11-01,Marcus Nguyen,Tehran,Books,Machine Learning,4,80,320
2266,2024-07-02,Virginia Chavez,Karaj,Books,Python Programming,3,45,135
2267,2025-08-08,Chad Love MD,Rasht,Sports,Tennis Racket,4,180,720
2268,2025-01-22,Katrina Graham,Ahvaz,Books,Python Programming,2,45,90
2269,2024-07-11,Christine Lara,Kermanshah,Sports,Tennis Racket,3,180,540
2270,2025-12-09,Stephanie Williams,Karaj,Home Appliances,Microwave,5,220,1100
2271,2024-07-16,Rebecca Stevens,Rasht,Electronics,Smartphone,4,800,3200
2272,2024-09-05,Emily Maddox,Karaj,Sports,Basketball,4,35,140
2273,2024-02-01,Tracy Sanchez,Tabriz,Home Appliances,Vacuum Cleaner,4,300,1200
2274,2024-08-13,Justin Wells,Karaj,Home Appliances,Air Conditioner,4,2000,8000
2275,2024-05-18,Charles Jenkins,Qom,Sports,Running Shoes,3,120,360
2276,2024-05-22,Caitlyn Flores,Mashhad,Home Appliances,Air Conditioner,2,2000,4000
2277,2025-06-29,Ashlee Henry,Isfahan,Electronics,Tablet,1,500,500
2278,2024-04-10,Teresa Black,Isfahan,Sports,Basketball,1,35,35
2279,2024-05-13,Wanda Sanchez,Rasht,Books,Algorithms,4,70,280
2280,2024-11-30,Martin Baker,Mashhad,Electronics,Smartphone,3,800,2400
2281,2024-07-02,Michael Ramirez,Karaj,Books,Python Programming,1,45,45
2282,2025-05-01,Steve Kelley,Kermanshah,Books,Machine Learning,4,80,320
2283,2025-05-10,Jessica Stout,Tehran,Books,Python Programming,5,45,225
2284,2025-02-16,Lauren Lester,Qom,Home Appliances,Washing Machine,4,1500,6000
2285,2024-07-03,Rose Rogers,Qom,Home Appliances,Microwave,5,220,1100
2286,2025-03-17,Angela Caldwell,Isfahan,Books,Machine Learning,1,80,80
2287,2024-06-22,Robert Sanchez MD,Isfahan,Sports,Basketball,1,35,35
2288,2025-06-26,John Quinn,Tehran,Electronics,Smart Watch,3,250,750
2289,2025-02-13,Amanda Johnson,Ahvaz,Home Appliances,Vacuum Cleaner,4,300,1200
2290,2024-06-11,Nathan Baker,Isfahan,Books,Machine Learning,3,80,240
2291,2024-11-11,David Carlson,Isfahan,Home Appliances,Refrigerator,4,1800,7200
2292,2025-12-13,Brian Parker,Isfahan,Electronics,Smartphone,3,800,2400
2293,2025-12-20,Joy Alexander,Ahvaz,Home Appliances,Vacuum Cleaner,2,300,600
2294,2025-03-19,Adrian Hernandez,Rasht,Electronics,Smartphone,1,800,800
2295,2024-12-15,Phillip Gonzalez,Shiraz,Home Appliances,Washing Machine,1,1500,1500
2296,2024-03-06,Mrs. Sarah Ramirez,Isfahan,Electronics,Headphones,1,150,150
2297,2024-01-01,Craig Harrison,Shiraz,Electronics,Tablet,4,500,2000
2298,2025-08-31,Sara Munoz,Kermanshah,Electronics,Laptop,3,1200,3600
2299,2024-02-17,Kelsey Rivera,Tabriz,Books,Clean Code,3,55,165
2300,2024-09-02,Brett Rodriguez,Qom,Home Appliances,Microwave,1,220,220
2301,2025-08-16,Nancy Tucker,Ahvaz,Electronics,Tablet,3,500,1500
2302,2024-03-23,Anthony Jones,Mashhad,Books,Algorithms,4,70,280
2303,2024-09-24,Marcus Green,Ahvaz,Books,Data Science Handbook,1,60,60
2304,2025-06-24,Kimberly Crawford,Tabriz,Sports,Football,4,30,120
2305,2025-07-15,Kenneth Booker,Tabriz,Home Appliances,Washing Machine,3,1500,4500
2306,2024-04-18,Bradley Campbell,Tehran,Home Appliances,Air Conditioner,5,2000,10000
2307,2025-05-08,Kenneth Newton,Tehran,Electronics,Laptop,4,1200,4800
2308,2025-03-16,Dylan Lawrence,Ahvaz,Books,Algorithms,2,70,140
2309,2024-06-12,Jason Smith,Rasht,Books,Clean Code,5,55,275
2310,2025-12-25,Janet Yates,Rasht,Books,Data Science Handbook,4,60,240
2311,2025-11-11,Robert Vang,Ahvaz,Books,Python Programming,1,45,45
2312,2025-08-06,Shawn Wiley,Tehran,Electronics,Laptop,2,1200,2400
2313,2025-07-29,Nicole Gutierrez,Ahvaz,Electronics,Headphones,1,150,150
2314,2025-05-14,Robert Mills,Tabriz,Sports,Basketball,5,35,175
2315,2024-10-18,Alicia Miller,Isfahan,Books,Clean Code,4,55,220
2316,2025-01-06,Andrew Rivera,Rasht,Books,Machine Learning,1,80,80
2317,2024-03-03,Scott Hoffman,Kermanshah,Sports,Basketball,3,35,105
2318,2024-07-24,Jennifer Gomez,Isfahan,Home Appliances,Vacuum Cleaner,1,300,300
2319,2024-01-12,Jose Glenn,Isfahan,Electronics,Smart Watch,1,250,250
2320,2025-09-14,Kenneth Lopez,Kermanshah,Books,Python Programming,4,45,180
2321,2025-11-10,Colleen Cole,Shiraz,Electronics,Headphones,2,150,300
2322,2025-11-28,Alexander Levy,Isfahan,Home Appliances,Microwave,2,220,440
2323,2024-06-01,Cheryl Nelson,Ahvaz,Books,Algorithms,1,70,70
2324,2024-05-23,Joseph Thornton,Karaj,Sports,Football,4,30,120
2325,2025-03-14,Michelle Rodriguez,Qom,Electronics,Laptop,3,1200,3600
2326,2024-09-28,Frank Lin,Isfahan,Books,Machine Learning,2,80,160
2327,2024-12-26,Eric Johnson,Tehran,Sports,Tennis Racket,3,180,540
2328,2024-12-13,Amber Higgins,Karaj,Home Appliances,Air Conditioner,3,2000,6000
2329,2024-06-17,Samantha Smith DVM,Mashhad,Electronics,Laptop,3,1200,3600
2330,2024-03-02,George Turner,Shiraz,Books,Python Programming,2,45,90
2331,2024-10-29,Jennifer Pope,Mashhad,Electronics,Smartphone,3,800,2400
2332,2025-06-14,Krista Dunn,Isfahan,Sports,Fitness Band,4,90,360
2333,2024-09-27,Tara Hill,Kermanshah,Books,Machine Learning,3,80,240
2334,2024-09-22,Natasha Brewer,Shiraz,Electronics,Smart Watch,3,250,750
2335,2024-07-17,April Brooks,Shiraz,Books,Machine Learning,3,80,240
2336,2025-09-09,Joseph Huff,Ahvaz,Home Appliances,Microwave,5,220,1100
2337,2025-06-03,Ashley Peterson,Tehran,Books,Machine Learning,4,80,320
2338,2024-02-01,Robin Nixon,Tabriz,Electronics,Headphones,1,150,150
2339,2025-02-13,Crystal Rivas,Qom,Books,Clean Code,5,55,275
2340,2024-07-09,Michael Grant,Mashhad,Sports,Tennis Racket,4,180,720
2341,2024-09-13,Kristin Allen,Mashhad,Sports,Football,1,30,30
2342,2025-05-18,Brandy Wells,Mashhad,Sports,Basketball,4,35,140
2343,2024-10-12,Michael Williams,Mashhad,Electronics,Laptop,3,1200,3600
2344,2025-03-08,Alexandra Riley,Mashhad,Electronics,Smart Watch,3,250,750
2345,2025-11-12,Mark Holmes PhD,Rasht,Books,Python Programming,4,45,180
2346,2024-02-14,Karen Brown,Tabriz,Electronics,Tablet,3,500,1500
2347,2024-10-02,Vanessa Romero,Kermanshah,Home Appliances,Refrigerator,2,1800,3600
2348,2025-09-24,Matthew Curry,Isfahan,Sports,Basketball,2,35,70
2349,2025-12-24,Isaac Brown,Tabriz,Electronics,Laptop,5,1200,6000
2350,2025-12-13,Fernando Johnson,Mashhad,Books,Python Programming,2,45,90
2351,2025-12-08,Jesse Rodriguez,Ahvaz,Books,Machine Learning,2,80,160
2352,2024-01-27,Megan Boone,Tabriz,Books,Machine Learning,1,80,80
2353,2024-03-16,Lisa Allen,Ahvaz,Home Appliances,Refrigerator,2,1800,3600
2354,2025-06-17,Erica Huff,Tehran,Electronics,Smart Watch,1,250,250
2355,2025-11-07,Mary Potter,Ahvaz,Books,Machine Learning,4,80,320
2356,2024-03-26,Tracy Chavez,Tehran,Electronics,Tablet,4,500,2000
2357,2024-07-03,Emily Marks,Shiraz,Home Appliances,Air Conditioner,1,2000,2000
2358,2024-05-07,Courtney Chavez,Isfahan,Home Appliances,Refrigerator,1,1800,1800
2359,2024-12-16,Sharon Watkins,Isfahan,Books,Clean Code,1,55,55
2360,2025-03-18,Yolanda Harrell,Kermanshah,Books,Python Programming,5,45,225
2361,2025-05-31,Stacy Hall,Mashhad,Home Appliances,Refrigerator,4,1800,7200
2362,2024-10-07,Rachel Martin,Kermanshah,Electronics,Tablet,5,500,2500
2363,2025-06-13,Steven Flores,Shiraz,Home Appliances,Refrigerator,4,1800,7200
2364,2024-02-20,Julian Moore,Kermanshah,Home Appliances,Vacuum Cleaner,4,300,1200
2365,2024-07-14,Susan Reese,Tabriz,Sports,Tennis Racket,1,180,180
2366,2025-09-27,Meagan Colon,Kermanshah,Home Appliances,Vacuum Cleaner,5,300,1500
2367,2025-10-01,Megan Beck,Ahvaz,Electronics,Tablet,5,500,2500
2368,2024-03-02,Nancy Green,Ahvaz,Home Appliances,Microwave,2,220,440
2369,2025-03-05,Mindy Miller,Ahvaz,Books,Data Science Handbook,5,60,300
2370,2025-10-10,Tammy Orr,Isfahan,Home Appliances,Air Conditioner,5,2000,10000
2371,2025-03-22,Beth Bell,Shiraz,Home Appliances,Refrigerator,2,1800,3600
2372,2024-07-05,Marco Webster,Rasht,Home Appliances,Washing Machine,5,1500,7500
2373,2025-10-30,Brett Ali,Rasht,Books,Data Science Handbook,4,60,240
2374,2024-10-02,Brian Phillips,Rasht,Home Appliances,Air Conditioner,3,2000,6000
2375,2025-05-27,Kevin Hardin,Mashhad,Books,Machine Learning,2,80,160
2376,2025-11-15,Richard Hall,Shiraz,Electronics,Smart Watch,5,250,1250
2377,2025-01-17,Joseph Lang,Shiraz,Books,Python Programming,4,45,180
2378,2024-04-14,Patricia Morales,Tehran,Home Appliances,Vacuum Cleaner,4,300,1200
2379,2024-12-06,Erica Garcia,Tehran,Sports,Running Shoes,5,120,600
2380,2024-07-31,Christina Perez,Tabriz,Books,Python Programming,4,45,180
2381,2024-03-27,Megan Christensen,Rasht,Home Appliances,Vacuum Cleaner,4,300,1200
2382,2024-05-13,Jessica Miller,Mashhad,Books,Clean Code,3,55,165
2383,2025-05-27,Jennifer Hoffman,Tehran,Electronics,Tablet,4,500,2000
2384,2025-03-06,Samantha Owens,Kermanshah,Sports,Basketball,1,35,35
2385,2025-09-24,Lindsey Lane,Tabriz,Home Appliances,Refrigerator,3,1800,5400
2386,2024-12-13,Paige Love,Ahvaz,Sports,Tennis Racket,5,180,900
2387,2024-08-05,Ashlee Jones,Kermanshah,Sports,Football,1,30,30
2388,2025-03-13,Anne Wright,Qom,Electronics,Headphones,5,150,750
2389,2025-01-23,Martin Martin,Isfahan,Sports,Football,1,30,30
2390,2025-06-15,Travis Estes,Qom,Books,Python Programming,1,45,45
2391,2024-02-06,Rodney Johnson,Qom,Electronics,Headphones,2,150,300
2392,2025-05-21,Robert Proctor,Qom,Sports,Tennis Racket,4,180,720
2393,2024-05-29,Madison Bullock,Isfahan,Home Appliances,Air Conditioner,4,2000,8000
2394,2024-07-08,Michael Ellis,Isfahan,Home Appliances,Vacuum Cleaner,2,300,600
2395,2025-07-13,Victor Howard,Tehran,Home Appliances,Vacuum Cleaner,2,300,600
2396,2024-05-29,Sarah White,Kermanshah,Home Appliances,Refrigerator,1,1800,1800
2397,2025-08-12,Christopher Mitchell,Qom,Books,Python Programming,5,45,225
2398,2025-08-04,Michelle Rivera,Tehran,Home Appliances,Microwave,2,220,440
2399,2025-09-10,Steven Molina,Isfahan,Electronics,Tablet,1,500,500
2400,2025-10-22,Jennifer Harding,Karaj,Home Appliances,Washing Machine,5,1500,7500
2401,2024-04-17,Jason Case,Mashhad,Sports,Tennis Racket,4,180,720
2402,2024-01-04,James Wallace,Isfahan,Books,Python Programming,1,45,45
2403,2024-07-06,Christina Rodriguez,Karaj,Home Appliances,Air Conditioner,5,2000,10000
2404,2024-03-05,Jeffrey Huff,Karaj,Sports,Fitness Band,5,90,450
2405,2024-05-24,Samantha Carroll,Qom,Home Appliances,Air Conditioner,2,2000,4000
2406,2025-07-18,Susan Robinson,Tabriz,Books,Python Programming,2,45,90
2407,2024-09-18,Nathan Murphy,Karaj,Sports,Running Shoes,3,120,360
2408,2024-01-10,Nancy Robles,Mashhad,Sports,Basketball,1,35,35
2409,2024-03-19,Samuel Franklin,Tehran,Home Appliances,Vacuum Cleaner,1,300,300
2410,2025-07-29,Ms. Rebekah Fitzgerald,Shiraz,Sports,Basketball,5,35,175
2411,2024-02-25,Monica Hernandez,Rasht,Electronics,Laptop,3,1200,3600
2412,2024-04-05,Brittany Waller,Isfahan,Sports,Basketball,5,35,175
2413,2024-05-29,Victoria Sampson,Mashhad,Home Appliances,Air Conditioner,5,2000,10000
2414,2025-09-14,Ian Ellis,Tabriz,Home Appliances,Microwave,4,220,880
2415,2025-05-07,Richard Scott,Mashhad,Electronics,Smart Watch,4,250,1000
2416,2024-03-17,Heidi Cummings,Tehran,Home Appliances,Washing Machine,5,1500,7500
2417,2024-10-10,Matthew Becker,Rasht,Electronics,Laptop,1,1200,1200
2418,2025-04-20,Karen Floyd,Qom,Home Appliances,Refrigerator,4,1800,7200
2419,2025-01-07,Andrew Erickson,Karaj,Sports,Running Shoes,4,120,480
2420,2024-02-18,Joseph Thomas,Isfahan,Sports,Fitness Band,5,90,450
2421,2024-03-13,Christopher Spencer,Isfahan,Sports,Tennis Racket,2,180,360
2422,2024-08-29,Jasmine Yang,Tabriz,Books,Machine Learning,3,80,240
2423,2025-09-29,Joshua Wilson,Tabriz,Sports,Football,4,30,120
2424,2025-03-20,Kelly Trevino,Karaj,Electronics,Laptop,1,1200,1200
2425,2025-03-14,Brian Pitts,Shiraz,Home Appliances,Refrigerator,3,1800,5400
2426,2025-07-13,Stephen Newman,Kermanshah,Books,Algorithms,4,70,280
2427,2025-08-05,James Taylor,Mashhad,Home Appliances,Vacuum Cleaner,3,300,900
2428,2025-01-01,Cheryl Davis,Tehran,Books,Algorithms,2,70,140
2429,2025-07-20,Chase Lewis,Kermanshah,Home Appliances,Refrigerator,4,1800,7200
2430,2025-04-04,Edward Hoffman,Karaj,Books,Machine Learning,5,80,400
2431,2025-10-03,Rhonda Ward,Mashhad,Electronics,Headphones,1,150,150
2432,2024-06-24,Joe Pruitt,Kermanshah,Books,Machine Learning,1,80,80
2433,2024-05-15,Lauren Mora,Mashhad,Electronics,Headphones,5,150,750
2434,2025-07-29,Steven Duncan,Mashhad,Electronics,Tablet,3,500,1500
2435,2025-10-10,William Griffin,Ahvaz,Books,Machine Learning,3,80,240
2436,2025-01-17,Cody Rivera,Shiraz,Home Appliances,Vacuum Cleaner,2,300,600
2437,2024-12-13,Dennis Sanders,Tehran,Sports,Tennis Racket,5,180,900
2438,2024-01-15,Lisa Klein,Ahvaz,Electronics,Headphones,3,150,450
2439,2025-04-05,Alyssa Martin,Kermanshah,Home Appliances,Washing Machine,1,1500,1500
2440,2024-08-10,Angel King,Karaj,Electronics,Headphones,4,150,600
2441,2024-09-29,Kayla Fischer,Rasht,Home Appliances,Air Conditioner,5,2000,10000
2442,2025-02-16,Emily Hess,Karaj,Electronics,Headphones,2,150,300
2443,2025-11-04,Elizabeth Davis,Mashhad,Books,Algorithms,4,70,280
2444,2024-11-16,Anthony Obrien,Tehran,Sports,Basketball,1,35,35
2445,2025-02-04,James Johnston,Tabriz,Home Appliances,Microwave,2,220,440
2446,2025-04-27,David Weber,Shiraz,Sports,Basketball,3,35,105
2447,2025-07-15,Carol Curtis,Qom,Home Appliances,Microwave,3,220,660
2448,2024-08-01,Mark Bailey,Qom,Electronics,Laptop,5,1200,6000
2449,2025-05-25,John Lopez,Isfahan,Home Appliances,Microwave,3,220,660
2450,2024-05-27,Michael Wilkins,Ahvaz,Electronics,Laptop,3,1200,3600
2451,2024-01-27,Jeffrey Hodges,Mashhad,Sports,Football,4,30,120
2452,2025-12-09,Jonathan Williams,Isfahan,Home Appliances,Microwave,3,220,660
2453,2025-07-01,Laura Mason,Qom,Books,Python Programming,2,45,90
2454,2025-02-27,Amanda Smith,Kermanshah,Electronics,Smartphone,5,800,4000
2455,2025-08-05,Amanda Cook,Karaj,Books,Machine Learning,3,80,240
2456,2024-09-05,Andre Delgado,Karaj,Electronics,Smart Watch,3,250,750
2457,2025-08-04,Michael Gallegos,Ahvaz,Sports,Football,1,30,30
2458,2025-04-14,Mariah Palmer,Mashhad,Books,Machine Learning,3,80,240
2459,2024-10-30,Max Chavez,Shiraz,Books,Algorithms,4,70,280
2460,2025-11-01,Aaron Hogan,Ahvaz,Sports,Basketball,5,35,175
2461,2025-09-29,Michael Thompson,Shiraz,Books,Clean Code,2,55,110
2462,2024-12-22,Scott Walker,Qom,Sports,Football,2,30,60
2463,2025-11-26,Brandon Moore,Tabriz,Books,Data Science Handbook,3,60,180
2464,2025-07-06,Marie Perez,Tabriz,Books,Data Science Handbook,3,60,180
2465,2024-07-26,Miss Christine Hopkins,Rasht,Home Appliances,Air Conditioner,4,2000,8000
2466,2025-03-23,Jaclyn Moran,Tehran,Sports,Football,4,30,120
2467,2024-03-18,Laura Simmons,Tabriz,Home Appliances,Microwave,2,220,440
2468,2024-07-27,Nancy Lane,Tabriz,Electronics,Headphones,1,150,150
2469,2024-08-11,Becky White,Tabriz,Electronics,Smart Watch,4,250,1000
2470,2025-07-24,Scott Dudley,Rasht,Books,Clean Code,2,55,110
2471,2025-03-02,Jason Ball,Mashhad,Home Appliances,Microwave,1,220,220
2472,2024-06-29,Steven Mccann,Tehran,Books,Machine Learning,5,80,400
2473,2025-06-06,Joshua Hammond,Tehran,Home Appliances,Washing Machine,4,1500,6000
2474,2025-08-08,Michael Potter,Shiraz,Home Appliances,Washing Machine,4,1500,6000
2475,2024-10-03,Daniel York,Kermanshah,Sports,Basketball,4,35,140
2476,2025-10-17,Adam Mitchell,Isfahan,Home Appliances,Microwave,2,220,440
2477,2024-07-09,Christopher Woods,Mashhad,Books,Algorithms,1,70,70
2478,2024-03-10,Derek Ochoa,Tabriz,Sports,Football,3,30,90
2479,2024-01-30,Mathew Frye,Karaj,Electronics,Laptop,3,1200,3600
2480,2024-07-22,Benjamin Miles,Tabriz,Electronics,Headphones,1,150,150
2481,2025-03-11,Cynthia Stephens,Tabriz,Books,Algorithms,4,70,280
2482,2025-11-16,Nicole Weiss,Qom,Books,Python Programming,1,45,45
2483,2025-05-24,Tracy Hamilton,Karaj,Home Appliances,Microwave,2,220,440
2484,2025-03-30,Clinton Crane,Karaj,Home Appliances,Microwave,5,220,1100
2485,2025-09-20,Michael Luna,Kermanshah,Home Appliances,Microwave,4,220,880
2486,2025-04-08,Lauren Thomas,Rasht,Books,Data Science Handbook,4,60,240
2487,2024-01-25,Eugene Soto,Karaj,Home Appliances,Air Conditioner,2,2000,4000
2488,2024-08-18,Misty Hale,Qom,Electronics,Smart Watch,4,250,1000
2489,2024-08-08,Paula Gill,Karaj,Sports,Fitness Band,5,90,450
2490,2025-06-05,Rachel Cochran,Isfahan,Books,Machine Learning,1,80,80
2491,2025-12-13,Tara Robinson,Qom,Books,Clean Code,2,55,110
2492,2024-10-21,Juan Schaefer,Isfahan,Sports,Running Shoes,3,120,360
2493,2025-10-22,Robert Powers,Qom,Electronics,Smart Watch,5,250,1250
2494,2025-05-21,Vanessa Rodriguez,Isfahan,Electronics,Laptop,1,1200,1200
2495,2025-04-21,James Dunlap,Mashhad,Electronics,Laptop,5,1200,6000
2496,2025-09-08,Alexander Murray,Isfahan,Home Appliances,Air Conditioner,3,2000,6000
2497,2024-01-01,Taylor Pope,Mashhad,Electronics,Smart Watch,2,250,500
2498,2024-11-18,Robert Brown,Kermanshah,Home Appliances,Microwave,4,220,880
2499,2025-09-12,Troy Le,Ahvaz,Sports,Running Shoes,1,120,120
2500,2025-10-10,Kristen Jenkins,Isfahan,Sports,Tennis Racket,3,180,540
2501,2025-07-10,Jill Parsons,Mashhad,Electronics,Smartphone,3,800,2400
2502,2025-05-11,Grant Rodriguez MD,Ahvaz,Books,Python Programming,4,45,180
2503,2025-12-16,Christopher Carr,Isfahan,Home Appliances,Air Conditioner,3,2000,6000
2504,2024-11-20,Rose Lee,Kermanshah,Electronics,Laptop,2,1200,2400
2505,2024-05-22,Timothy Harper,Tabriz,Sports,Basketball,5,35,175
2506,2025-10-19,Sara Moore,Ahvaz,Home Appliances,Washing Machine,5,1500,7500
2507,2025-12-26,Keith Callahan,Qom,Books,Python Programming,1,45,45
2508,2025-06-20,Anthony Kim,Tehran,Electronics,Smart Watch,1,250,250
2509,2025-09-21,Kyle Webb,Qom,Electronics,Laptop,2,1200,2400
2510,2024-10-09,Ms. Heather Arias,Isfahan,Home Appliances,Vacuum Cleaner,3,300,900
2511,2024-05-06,Robert Simmons,Qom,Sports,Football,3,30,90
2512,2025-03-12,Cheryl Smith,Karaj,Electronics,Laptop,4,1200,4800
2513,2024-11-21,Jesse Henderson,Ahvaz,Books,Clean Code,5,55,275
2514,2025-12-26,Robert Bush,Mashhad,Sports,Tennis Racket,2,180,360
2515,2024-02-25,Donna Duke,Rasht,Books,Algorithms,2,70,140
2516,2024-09-28,Zachary Welch,Ahvaz,Sports,Tennis Racket,1,180,180
2517,2024-10-18,James Mitchell,Tabriz,Electronics,Smart Watch,1,250,250
2518,2024-05-08,Desiree Williams,Mashhad,Home Appliances,Vacuum Cleaner,5,300,1500
2519,2024-03-07,Jordan Bryan,Karaj,Electronics,Smart Watch,5,250,1250
2520,2025-09-05,Jacob Dixon,Shiraz,Electronics,Smart Watch,4,250,1000
2521,2025-01-31,Rachel Stewart,Ahvaz,Books,Python Programming,5,45,225
2522,2025-09-24,Jacqueline Wells,Karaj,Electronics,Smartphone,3,800,2400
2523,2024-02-23,Joshua York,Ahvaz,Sports,Basketball,1,35,35
2524,2024-10-22,Jasmine Ford,Tehran,Sports,Fitness Band,4,90,360
2525,2024-05-01,Yvonne Beck,Karaj,Electronics,Headphones,4,150,600
2526,2025-12-01,Bruce Nicholson,Tabriz,Electronics,Smartphone,3,800,2400
2527,2024-03-24,Derek Huff,Karaj,Sports,Football,3,30,90
2528,2025-11-29,Kristina Cunningham,Kermanshah,Electronics,Headphones,5,150,750
2529,2025-01-14,Christopher Crawford,Qom,Books,Clean Code,5,55,275
2530,2025-11-20,Rachel Kline,Mashhad,Home Appliances,Air Conditioner,2,2000,4000
2531,2025-03-28,Julie Bennett,Tehran,Books,Machine Learning,3,80,240
2532,2025-06-27,Valerie Miller,Tehran,Home Appliances,Microwave,5,220,1100
2533,2024-01-20,Shirley Ellis,Karaj,Books,Data Science Handbook,4,60,240
2534,2024-10-27,Nicole Smith,Kermanshah,Sports,Basketball,1,35,35
2535,2024-09-04,Tina Ellis,Qom,Sports,Basketball,2,35,70
2536,2025-03-27,Jacob Alvarez,Mashhad,Books,Python Programming,1,45,45
2537,2025-06-15,Julie Mullins,Mashhad,Home Appliances,Refrigerator,3,1800,5400
2538,2025-08-22,Ebony Marquez,Isfahan,Sports,Running Shoes,3,120,360
2539,2024-11-03,Brooke Chambers,Kermanshah,Books,Data Science Handbook,3,60,180
2540,2025-01-24,Heather Wood,Ahvaz,Books,Clean Code,5,55,275
2541,2024-12-21,Justin Reyes,Mashhad,Home Appliances,Microwave,2,220,440
2542,2024-09-12,Michael Curry,Kermanshah,Books,Algorithms,2,70,140
2543,2025-06-14,Anthony Barber,Tabriz,Home Appliances,Air Conditioner,2,2000,4000
2544,2024-05-08,Alejandro Bradley,Tehran,Sports,Fitness Band,1,90,90
2545,2025-01-20,Kim Baker,Kermanshah,Sports,Running Shoes,2,120,240
2546,2025-05-18,Sean Price,Qom,Home Appliances,Microwave,3,220,660
2547,2024-04-04,Gregory Williamson,Tabriz,Sports,Football,5,30,150
2548,2025-03-19,Keith Koch,Rasht,Books,Clean Code,2,55,110
2549,2024-08-26,Shirley Gonzalez,Karaj,Electronics,Laptop,2,1200,2400
2550,2025-08-16,Tiffany Jones,Kermanshah,Sports,Tennis Racket,1,180,180
2551,2024-02-07,Bradley Miller,Shiraz,Sports,Tennis Racket,5,180,900
2552,2024-04-09,James Alvarez,Isfahan,Sports,Football,3,30,90
2553,2025-08-18,Richard Norman,Mashhad,Electronics,Smart Watch,5,250,1250
2554,2024-02-07,Jennifer West,Kermanshah,Home Appliances,Washing Machine,2,1500,3000
2555,2025-05-08,Leslie Richardson,Qom,Home Appliances,Washing Machine,3,1500,4500
2556,2025-05-19,Marie Kaufman,Ahvaz,Sports,Tennis Racket,1,180,180
2557,2024-05-17,William Mccoy,Qom,Sports,Tennis Racket,2,180,360
2558,2024-10-01,Brittany Aguilar,Rasht,Electronics,Smart Watch,3,250,750
2559,2024-08-07,Cynthia Clark,Kermanshah,Electronics,Smartphone,3,800,2400
2560,2024-10-20,Luis Perez,Shiraz,Home Appliances,Washing Machine,3,1500,4500
2561,2024-01-08,Manuel Harris,Karaj,Sports,Tennis Racket,4,180,720
2562,2025-08-20,Adam Underwood,Karaj,Sports,Fitness Band,4,90,360
2563,2025-07-04,Michelle Martin,Karaj,Books,Python Programming,3,45,135
2564,2025-11-08,Lauren Patterson,Rasht,Electronics,Tablet,2,500,1000
2565,2025-07-19,Nicole Francis,Tehran,Books,Clean Code,1,55,55
2566,2024-01-01,Adam Mcgrath,Shiraz,Electronics,Headphones,4,150,600
2567,2024-11-23,Dillon Taylor,Mashhad,Home Appliances,Vacuum Cleaner,1,300,300
2568,2025-10-20,Robert Lee,Tabriz,Electronics,Smart Watch,5,250,1250
2569,2024-07-05,Veronica Lambert,Mashhad,Electronics,Headphones,5,150,750
2570,2024-10-01,Mr. Zachary Townsend,Mashhad,Home Appliances,Vacuum Cleaner,5,300,1500
2571,2025-01-31,Donald Hart,Ahvaz,Books,Clean Code,3,55,165
2572,2024-06-08,Heather Boyd,Karaj,Home Appliances,Air Conditioner,2,2000,4000
2573,2025-01-17,Christopher Lucas,Mashhad,Sports,Football,3,30,90
2574,2025-07-05,William Jordan,Ahvaz,Books,Data Science Handbook,5,60,300
2575,2025-05-27,James Martin,Tabriz,Electronics,Laptop,1,1200,1200
2576,2025-07-25,Allen Ryan,Rasht,Books,Algorithms,4,70,280
2577,2025-02-14,Robin Nelson,Qom,Books,Clean Code,5,55,275
2578,2025-08-14,William Daniel,Tehran,Books,Data Science Handbook,3,60,180
2579,2025-10-01,Stephen Williams,Tehran,Books,Clean Code,2,55,110
2580,2024-04-01,Mark Ray,Ahvaz,Home Appliances,Refrigerator,2,1800,3600
2581,2025-04-15,James Hardin,Ahvaz,Electronics,Laptop,3,1200,3600
2582,2025-12-20,Daniel Moss,Kermanshah,Books,Algorithms,4,70,280
2583,2024-02-28,William Wells,Mashhad,Home Appliances,Refrigerator,1,1800,1800
2584,2024-05-18,Rachel Trevino,Rasht,Books,Data Science Handbook,3,60,180
2585,2024-03-11,Steven Torres,Qom,Electronics,Laptop,3,1200,3600
2586,2025-07-03,William Hayden,Mashhad,Sports,Football,2,30,60
2587,2024-02-03,Joel Collins DVM,Tabriz,Books,Clean Code,1,55,55
2588,2025-03-30,Sarah Sullivan,Isfahan,Books,Data Science Handbook,1,60,60
2589,2024-04-01,Lindsey Smith,Ahvaz,Home Appliances,Air Conditioner,5,2000,10000
2590,2025-11-11,Matthew Benson,Qom,Books,Data Science Handbook,4,60,240
2591,2025-06-02,Derek May,Tehran,Sports,Football,5,30,150
2592,2024-07-09,Daniel Ruiz,Mashhad,Books,Machine Learning,5,80,400
2593,2024-02-19,John Cortez,Kermanshah,Books,Machine Learning,4,80,320
2594,2025-09-25,John Miller,Tabriz,Books,Machine Learning,5,80,400
2595,2024-12-05,Adam Harris,Karaj,Electronics,Headphones,2,150,300
2596,2024-08-23,Lisa Jones,Tabriz,Electronics,Smart Watch,5,250,1250
2597,2024-04-11,Misty Bernard,Ahvaz,Books,Algorithms,1,70,70
2598,2025-10-20,Russell Owens DVM,Kermanshah,Books,Algorithms,3,70,210
2599,2024-04-03,Chelsey Salinas,Mashhad,Sports,Fitness Band,5,90,450
2600,2025-08-25,Ryan Aguilar,Rasht,Home Appliances,Refrigerator,3,1800,5400
2601,2024-07-31,Sherry Kennedy,Kermanshah,Home Appliances,Vacuum Cleaner,5,300,1500
2602,2024-04-19,Sean Villanueva,Tabriz,Electronics,Headphones,2,150,300
2603,2025-12-02,Jeffrey Herrera,Rasht,Books,Clean Code,1,55,55
2604,2025-01-04,Steven Johnson,Qom,Books,Python Programming,5,45,225
2605,2025-07-15,Dr. Phillip Wallace,Tehran,Home Appliances,Air Conditioner,4,2000,8000
2606,2024-07-02,Daniel Fisher,Rasht,Home Appliances,Microwave,4,220,880
2607,2025-02-04,Rachel Vasquez,Ahvaz,Home Appliances,Washing Machine,3,1500,4500
2608,2025-10-19,Bradley Wagner,Mashhad,Home Appliances,Washing Machine,3,1500,4500
2609,2024-06-17,Carrie Brown,Mashhad,Home Appliances,Microwave,3,220,660
2610,2024-05-04,Karina Church,Isfahan,Home Appliances,Air Conditioner,4,2000,8000
2611,2024-09-21,Angela Duncan,Ahvaz,Sports,Football,2,30,60
2612,2025-04-28,Daniel Welch,Mashhad,Sports,Basketball,5,35,175
2613,2025-04-17,Arthur Thompson,Isfahan,Home Appliances,Air Conditioner,3,2000,6000
2614,2025-03-28,William Williams,Karaj,Sports,Fitness Band,2,90,180
2615,2024-12-27,Allison Frazier,Ahvaz,Books,Data Science Handbook,3,60,180
2616,2025-12-09,Matthew Simmons,Karaj,Home Appliances,Microwave,3,220,660
2617,2025-03-06,Kevin Briggs,Mashhad,Sports,Basketball,2,35,70
2618,2024-08-06,Scott Torres,Qom,Home Appliances,Vacuum Cleaner,4,300,1200
2619,2025-03-05,Christopher Singleton,Kermanshah,Books,Algorithms,5,70,350
2620,2025-10-10,William Snyder,Qom,Sports,Running Shoes,3,120,360
2621,2025-05-11,Melissa Martinez,Tabriz,Electronics,Headphones,2,150,300
2622,2025-04-07,Charles Sherman,Rasht,Books,Data Science Handbook,2,60,120
2623,2025-09-18,Pamela Castillo,Shiraz,Electronics,Tablet,2,500,1000
2624,2025-08-18,Luis Chapman,Tabriz,Home Appliances,Microwave,2,220,440
2625,2024-02-10,Jared Gardner,Isfahan,Home Appliances,Vacuum Cleaner,5,300,1500
2626,2024-06-27,Edward Gilmore,Shiraz,Home Appliances,Washing Machine,1,1500,1500
2627,2025-04-19,Jillian Carrillo,Karaj,Home Appliances,Air Conditioner,1,2000,2000
2628,2024-04-30,Emily Perry,Mashhad,Books,Machine Learning,2,80,160
2629,2024-09-17,Beth Schneider,Tabriz,Books,Algorithms,3,70,210
2630,2024-01-25,Ian Scott,Karaj,Sports,Basketball,3,35,105
2631,2025-04-29,Jennifer Coleman,Mashhad,Electronics,Smartphone,1,800,800
2632,2025-01-25,Amy Green,Karaj,Books,Algorithms,1,70,70
2633,2025-06-03,Kelly Baker,Qom,Books,Algorithms,4,70,280
2634,2024-01-28,Blake Dunn,Tabriz,Home Appliances,Vacuum Cleaner,3,300,900
2635,2025-11-02,Erica Wood,Kermanshah,Books,Clean Code,2,55,110
2636,2024-10-11,Steven Nguyen,Karaj,Electronics,Tablet,5,500,2500
2637,2025-04-18,Vanessa Waters,Kermanshah,Home Appliances,Refrigerator,1,1800,1800
2638,2025-03-24,Christina Odonnell,Shiraz,Sports,Running Shoes,1,120,120
2639,2024-12-30,Catherine Santos,Isfahan,Books,Python Programming,3,45,135
2640,2024-12-29,Timothy Moody,Tehran,Sports,Fitness Band,1,90,90
2641,2024-09-15,Melissa Anderson,Mashhad,Sports,Tennis Racket,4,180,720
2642,2025-03-10,Emily Maldonado,Shiraz,Electronics,Headphones,2,150,300
2643,2025-12-11,Brandon Ruiz,Isfahan,Books,Clean Code,4,55,220
2644,2024-05-25,Joshua Campos,Qom,Books,Clean Code,1,55,55
2645,2024-10-21,Virginia Santiago,Rasht,Sports,Running Shoes,2,120,240
2646,2025-04-25,Jay Jones,Karaj,Books,Clean Code,1,55,55
2647,2025-11-29,Eric Dunn,Rasht,Electronics,Tablet,2,500,1000
2648,2024-09-17,Andrew Davis,Ahvaz,Sports,Running Shoes,1,120,120
2649,2024-07-18,Deborah Mccullough,Rasht,Books,Data Science Handbook,1,60,60
2650,2024-09-28,Daniel Castro,Ahvaz,Home Appliances,Air Conditioner,1,2000,2000
2651,2025-08-31,Katherine Green,Qom,Home Appliances,Air Conditioner,1,2000,2000
2652,2025-11-24,Mark Guerrero,Ahvaz,Home Appliances,Refrigerator,3,1800,5400
2653,2024-12-13,Cathy Young,Tehran,Sports,Football,3,30,90
2654,2025-07-22,Jamie Moreno,Isfahan,Sports,Fitness Band,4,90,360
2655,2024-11-14,Cynthia Thomas,Ahvaz,Electronics,Smart Watch,1,250,250
2656,2024-11-13,Donna Mcgee,Isfahan,Electronics,Laptop,1,1200,1200
2657,2025-04-07,Zachary Macias,Isfahan,Electronics,Laptop,2,1200,2400
2658,2024-11-01,Becky Charles,Isfahan,Home Appliances,Washing Machine,3,1500,4500
2659,2025-05-17,Kimberly Duncan,Karaj,Books,Algorithms,5,70,350
2660,2025-12-08,Jerry Hardy,Shiraz,Sports,Football,2,30,60
2661,2025-08-07,David Rodriguez,Kermanshah,Sports,Fitness Band,1,90,90
2662,2024-01-27,Christina Jackson,Tabriz,Electronics,Laptop,3,1200,3600
2663,2025-12-25,Cory Shaw,Karaj,Sports,Football,1,30,30
2664,2024-01-04,Cameron Lucero,Shiraz,Books,Machine Learning,1,80,80
2665,2025-09-01,Lisa Howell,Ahvaz,Home Appliances,Vacuum Cleaner,2,300,600
2666,2024-08-29,Sarah Gonzalez,Kermanshah,Electronics,Smart Watch,5,250,1250
2667,2024-07-22,Stephanie Moore,Tehran,Sports,Running Shoes,1,120,120
2668,2024-01-28,Margaret Webb,Qom,Sports,Football,2,30,60
2669,2024-09-23,Antonio Garcia,Tehran,Books,Data Science Handbook,5,60,300
2670,2025-10-08,Christina Silva,Rasht,Electronics,Tablet,3,500,1500
2671,2025-01-26,Kyle Scott,Isfahan,Sports,Football,4,30,120
2672,2024-04-01,Kim Mason,Ahvaz,Electronics,Smart Watch,3,250,750
2673,2025-04-08,Nicholas Rodriguez,Kermanshah,Books,Clean Code,4,55,220
2674,2024-12-13,Kimberly Jennings,Tabriz,Electronics,Smart Watch,1,250,250
2675,2025-09-29,Jose Lewis,Kermanshah,Books,Algorithms,1,70,70
2676,2024-11-14,Jason Kerr,Tabriz,Books,Algorithms,3,70,210
2677,2024-02-28,Nicole Sullivan,Tehran,Electronics,Laptop,5,1200,6000
2678,2024-02-03,Benjamin Weeks,Tabriz,Sports,Football,4,30,120
2679,2025-06-07,Lorraine Rogers,Rasht,Home Appliances,Washing Machine,3,1500,4500
2680,2025-09-23,William Taylor,Qom,Electronics,Smart Watch,3,250,750
2681,2024-02-24,Glenn Atkins,Karaj,Electronics,Laptop,5,1200,6000
2682,2024-03-16,Michael Clark,Isfahan,Books,Data Science Handbook,4,60,240
2683,2025-03-26,Max Henson,Shiraz,Electronics,Smartphone,5,800,4000
2684,2025-01-16,Monica Kelly,Ahvaz,Sports,Fitness Band,3,90,270
2685,2024-12-23,Benjamin Brown,Tehran,Books,Machine Learning,3,80,240
2686,2024-09-24,Jeanette Miller,Qom,Books,Python Programming,5,45,225
2687,2025-04-12,Ryan Costa,Tabriz,Electronics,Headphones,4,150,600
2688,2024-10-07,Elizabeth Lambert,Ahvaz,Sports,Fitness Band,2,90,180
2689,2024-02-04,Mary Thompson,Mashhad,Home Appliances,Vacuum Cleaner,4,300,1200
2690,2024-12-28,Sylvia Jensen,Kermanshah,Books,Python Programming,1,45,45
2691,2024-01-18,Jeffrey Bradley,Mashhad,Sports,Basketball,1,35,35
2692,2024-05-27,Mrs. Sarah Spencer,Ahvaz,Electronics,Headphones,3,150,450
2693,2024-05-04,Meghan Castaneda,Tabriz,Books,Clean Code,3,55,165
2694,2024-10-16,Tonya Davis,Mashhad,Home Appliances,Washing Machine,1,1500,1500
2695,2024-04-11,Karen Martinez,Karaj,Sports,Basketball,3,35,105
2696,2025-06-12,Evan Lee,Rasht,Home Appliances,Washing Machine,4,1500,6000
2697,2024-02-07,John Barnes,Karaj,Electronics,Smart Watch,4,250,1000
2698,2024-11-26,Jasmine Bradley,Shiraz,Home Appliances,Vacuum Cleaner,4,300,1200
2699,2025-07-30,Patricia Roberts,Qom,Books,Data Science Handbook,1,60,60
2700,2025-02-11,Monica Solomon MD,Mashhad,Books,Machine Learning,2,80,160
2701,2024-01-05,Jaime Mckenzie,Isfahan,Home Appliances,Microwave,2,220,440
2702,2024-07-23,Stephen Harris,Mashhad,Books,Data Science Handbook,3,60,180
2703,2024-09-02,Brian Hamilton,Isfahan,Books,Machine Learning,4,80,320
2704,2025-07-14,Gabrielle Coffey,Isfahan,Home Appliances,Refrigerator,3,1800,5400
2705,2025-01-03,Catherine Flores,Ahvaz,Electronics,Headphones,3,150,450
2706,2025-08-13,Nathan Kennedy,Karaj,Books,Clean Code,1,55,55
2707,2024-09-17,John Doyle,Tabriz,Books,Clean Code,2,55,110
2708,2024-04-17,John Johnson,Tehran,Sports,Running Shoes,2,120,240
2709,2025-07-16,Elizabeth Hogan,Tehran,Books,Machine Learning,1,80,80
2710,2024-11-24,Jennifer Benitez,Ahvaz,Books,Algorithms,1,70,70
2711,2025-04-12,Scott Morton,Shiraz,Books,Clean Code,3,55,165
2712,2025-09-27,Thomas Thompson,Tabriz,Electronics,Tablet,4,500,2000
2713,2024-02-04,Jamie Doyle,Karaj,Sports,Football,1,30,30
2714,2025-10-25,Kaylee Wu,Kermanshah,Electronics,Headphones,4,150,600
2715,2025-11-13,Angela Hansen,Qom,Electronics,Smart Watch,2,250,500
2716,2024-09-04,Laura White,Karaj,Sports,Basketball,5,35,175
2717,2025-03-09,Tyler Walker,Rasht,Home Appliances,Air Conditioner,1,2000,2000
2718,2025-02-03,Evan Ray,Tehran,Home Appliances,Air Conditioner,5,2000,10000
2719,2024-11-01,Troy Johnson,Qom,Electronics,Smartphone,5,800,4000
2720,2024-05-15,John Cantrell,Shiraz,Electronics,Smart Watch,2,250,500
2721,2024-04-09,Karen Carroll,Karaj,Books,Clean Code,1,55,55
2722,2025-09-17,Stephanie Patterson,Rasht,Books,Algorithms,3,70,210
2723,2024-05-16,Christopher Pham,Shiraz,Sports,Running Shoes,3,120,360
2724,2025-11-30,Jeffrey Bennett,Isfahan,Sports,Football,2,30,60
2725,2025-07-20,Wendy Williams,Tabriz,Sports,Tennis Racket,2,180,360
2726,2024-04-30,Mrs. Brittany Mcneil,Mashhad,Sports,Running Shoes,5,120,600
2727,2024-09-24,Angela Schroeder,Qom,Sports,Running Shoes,3,120,360
2728,2025-01-31,Todd Nichols,Isfahan,Books,Python Programming,4,45,180
2729,2025-02-19,Jill Glenn,Kermanshah,Electronics,Headphones,4,150,600
2730,2024-02-26,Eric Lin,Kermanshah,Home Appliances,Washing Machine,1,1500,1500
2731,2024-02-22,Deborah Guerrero,Karaj,Home Appliances,Microwave,4,220,880
2732,2024-06-08,Tammie Wolfe,Karaj,Home Appliances,Air Conditioner,4,2000,8000
2733,2025-12-27,Paul Kelley,Mashhad,Home Appliances,Refrigerator,5,1800,9000
2734,2024-11-26,Lauren Kline,Ahvaz,Home Appliances,Refrigerator,3,1800,5400
2735,2025-08-31,Steven Benson,Tabriz,Electronics,Tablet,3,500,1500
2736,2025-06-16,Alison Gray,Shiraz,Electronics,Headphones,5,150,750
2737,2024-11-26,Dawn Gross,Karaj,Electronics,Laptop,4,1200,4800
2738,2024-06-14,Jacqueline Fowler,Isfahan,Home Appliances,Microwave,2,220,440
2739,2024-09-08,Robert Morris,Kermanshah,Sports,Football,1,30,30
2740,2024-06-20,David Rodgers,Isfahan,Books,Python Programming,3,45,135
2741,2025-10-22,Alex Briggs,Tabriz,Home Appliances,Microwave,1,220,220
2742,2025-10-15,Travis Stokes,Kermanshah,Books,Python Programming,1,45,45
2743,2024-02-23,Maureen Ramirez,Rasht,Electronics,Smartphone,2,800,1600
2744,2025-12-20,Amanda Mcdowell,Isfahan,Home Appliances,Air Conditioner,5,2000,10000
2745,2025-04-14,Thomas Hawkins,Qom,Home Appliances,Refrigerator,1,1800,1800
2746,2025-09-04,Jennifer Clark,Mashhad,Books,Python Programming,2,45,90
2747,2024-11-08,Daniel Hill,Karaj,Home Appliances,Refrigerator,2,1800,3600
2748,2025-10-13,Mckenzie Kramer,Isfahan,Books,Algorithms,5,70,350
2749,2025-03-19,Amanda Warner,Shiraz,Sports,Running Shoes,1,120,120
2750,2025-11-29,Kelly James,Kermanshah,Books,Algorithms,3,70,210
2751,2025-03-18,Tamara Hawkins,Shiraz,Home Appliances,Washing Machine,2,1500,3000
2752,2024-04-10,Jeremy Mendez,Tabriz,Electronics,Laptop,5,1200,6000
2753,2024-01-29,Mark Collins,Tehran,Electronics,Smart Watch,5,250,1250
2754,2025-09-22,Katrina Forbes,Ahvaz,Books,Data Science Handbook,1,60,60
2755,2024-09-02,Donald Day,Isfahan,Books,Data Science Handbook,3,60,180
2756,2024-05-13,Corey Lee,Qom,Electronics,Headphones,4,150,600
2757,2025-01-23,Frederick Scott,Shiraz,Home Appliances,Washing Machine,4,1500,6000
2758,2024-09-15,Andrea Davis,Karaj,Sports,Tennis Racket,3,180,540
2759,2025-08-07,Tracy Aguilar,Karaj,Electronics,Headphones,4,150,600
2760,2025-01-19,Matthew Roth,Isfahan,Sports,Running Shoes,3,120,360
2761,2025-08-23,Steven Franco,Tabriz,Electronics,Headphones,4,150,600
2762,2024-01-26,William Allen,Shiraz,Sports,Basketball,2,35,70
2763,2024-05-26,Alexis Berry,Kermanshah,Sports,Football,4,30,120
2764,2025-06-26,Christian Gray,Tabriz,Books,Python Programming,4,45,180
2765,2024-07-20,Samantha Russell,Mashhad,Home Appliances,Air Conditioner,3,2000,6000
2766,2025-03-06,Lawrence Morris,Mashhad,Books,Algorithms,4,70,280
2767,2025-09-23,Andrew Matthews,Isfahan,Electronics,Smartphone,5,800,4000
2768,2025-10-11,Kathryn Marshall,Tabriz,Home Appliances,Vacuum Cleaner,2,300,600
2769,2024-03-22,Ms. Kelly Mendoza,Ahvaz,Books,Data Science Handbook,3,60,180
2770,2024-01-21,Nancy Jones,Qom,Electronics,Laptop,5,1200,6000
2771,2025-01-12,Christine Harper,Karaj,Electronics,Tablet,3,500,1500
2772,2024-03-14,Mr. William Good,Ahvaz,Electronics,Headphones,3,150,450
2773,2025-12-03,Brian Young,Ahvaz,Books,Clean Code,5,55,275
2774,2024-05-11,Jennifer Chavez,Karaj,Sports,Basketball,2,35,70
2775,2025-08-24,Michael Hunter,Ahvaz,Electronics,Smartphone,1,800,800
2776,2025-07-27,Samantha Campos,Kermanshah,Books,Clean Code,2,55,110
2777,2025-07-14,Christopher Stevenson,Shiraz,Sports,Basketball,3,35,105
2778,2024-01-17,Adam Vaughn,Shiraz,Books,Python Programming,3,45,135
2779,2025-12-11,Aaron Morris,Qom,Electronics,Smartphone,5,800,4000
2780,2024-12-04,Curtis Williams,Karaj,Home Appliances,Washing Machine,5,1500,7500
2781,2024-01-18,Keith Estrada,Isfahan,Electronics,Headphones,3,150,450
2782,2025-06-29,Robert Moore,Qom,Home Appliances,Vacuum Cleaner,3,300,900
2783,2025-06-07,Matthew Jackson,Kermanshah,Electronics,Smartphone,4,800,3200
2784,2025-03-27,Lori Davis,Qom,Books,Algorithms,5,70,350
2785,2024-02-11,Jeremiah Moore,Tabriz,Home Appliances,Washing Machine,3,1500,4500
2786,2025-01-12,Elizabeth Hart DDS,Tehran,Home Appliances,Washing Machine,1,1500,1500
2787,2024-06-29,Luis Hansen,Tabriz,Sports,Tennis Racket,3,180,540
2788,2025-10-22,Andrea Sandoval,Rasht,Electronics,Headphones,2,150,300
2789,2025-10-20,Katherine Bryant,Qom,Electronics,Smartphone,5,800,4000
2790,2025-05-22,Jim Luna,Ahvaz,Electronics,Headphones,4,150,600
2791,2025-07-07,Matthew Hamilton,Karaj,Books,Clean Code,4,55,220
2792,2024-04-09,Kelsey Frey,Kermanshah,Sports,Running Shoes,2,120,240
2793,2024-02-15,Scott Nelson,Kermanshah,Sports,Football,3,30,90
2794,2025-07-21,Amy Jordan,Karaj,Books,Python Programming,1,45,45
2795,2025-11-28,Nicole Li,Tabriz,Home Appliances,Microwave,3,220,660
2796,2024-04-14,Edward Martin,Isfahan,Sports,Tennis Racket,1,180,180
2797,2024-02-24,Heidi Robinson,Ahvaz,Books,Machine Learning,4,80,320
2798,2024-07-10,Connor Zhang,Kermanshah,Books,Algorithms,5,70,350
2799,2025-08-29,Bailey Salazar,Karaj,Sports,Football,3,30,90
2800,2024-07-28,Melinda Walters,Qom,Books,Algorithms,2,70,140
2801,2024-06-04,Haley Harris,Tabriz,Electronics,Headphones,5,150,750
2802,2025-01-02,Bruce Warren,Isfahan,Electronics,Laptop,1,1200,1200
2803,2024-04-16,Dustin Hamilton,Rasht,Electronics,Smart Watch,1,250,250
2804,2024-07-16,Willie Jimenez,Isfahan,Home Appliances,Microwave,1,220,220
2805,2025-03-17,Douglas Jimenez,Rasht,Electronics,Laptop,5,1200,6000
2806,2024-06-04,Christina Lane,Rasht,Sports,Football,4,30,120
2807,2024-09-05,Richard Lane,Shiraz,Electronics,Laptop,1,1200,1200
2808,2025-09-12,Stephanie Smith,Qom,Sports,Tennis Racket,5,180,900
2809,2025-01-14,David Stone,Mashhad,Electronics,Smart Watch,5,250,1250
2810,2025-04-22,Jeffery Sanders,Mashhad,Sports,Fitness Band,4,90,360
2811,2025-11-25,Virginia Gaines,Tabriz,Sports,Football,3,30,90
2812,2025-12-07,Dawn Compton,Rasht,Electronics,Tablet,4,500,2000
2813,2024-02-11,Blake Sanders,Tehran,Sports,Running Shoes,4,120,480
2814,2024-06-28,Julie Rowland,Tehran,Sports,Running Shoes,1,120,120
2815,2025-04-29,Beth Haas,Ahvaz,Electronics,Smartphone,4,800,3200
2816,2024-02-10,Jennifer Davis,Rasht,Electronics,Headphones,2,150,300
2817,2024-10-15,Mary Osborne,Tehran,Electronics,Smartphone,1,800,800
2818,2025-01-13,Anna Hill,Isfahan,Home Appliances,Washing Machine,4,1500,6000
2819,2025-02-09,Gary Allen,Kermanshah,Books,Data Science Handbook,2,60,120
2820,2024-08-29,Kara Myers,Rasht,Electronics,Laptop,1,1200,1200
2821,2025-02-01,Matthew Jones PhD,Isfahan,Electronics,Tablet,1,500,500
2822,2025-09-20,Amanda Williams,Tehran,Electronics,Tablet,5,500,2500
2823,2024-08-30,Stephanie Clark,Tehran,Home Appliances,Air Conditioner,1,2000,2000
2824,2024-02-05,Matthew Sawyer,Mashhad,Books,Clean Code,5,55,275
2825,2024-12-08,Bradley Campos Jr.,Tabriz,Home Appliances,Air Conditioner,3,2000,6000
2826,2025-01-09,Teresa Hudson,Mashhad,Sports,Basketball,3,35,105
2827,2025-03-25,Todd Marks,Qom,Electronics,Headphones,2,150,300
2828,2025-05-26,Matthew Dennis,Shiraz,Electronics,Headphones,4,150,600
2829,2024-02-24,Amanda Coffey,Mashhad,Home Appliances,Microwave,3,220,660
2830,2024-04-06,Katrina Fuller,Mashhad,Sports,Football,3,30,90
2831,2024-04-25,Wanda Thomas,Isfahan,Electronics,Smart Watch,1,250,250
2832,2024-05-06,Randall Anderson,Kermanshah,Home Appliances,Microwave,2,220,440
2833,2025-03-24,Gloria Alvarez,Rasht,Books,Clean Code,3,55,165
2834,2024-10-02,Jamie Brown,Qom,Home Appliances,Microwave,5,220,1100
2835,2025-10-08,Amanda Mcgee,Rasht,Electronics,Tablet,1,500,500
2836,2025-10-18,Mary Kelly,Isfahan,Home Appliances,Air Conditioner,2,2000,4000
2837,2025-12-08,Larry Grant,Kermanshah,Electronics,Tablet,1,500,500
2838,2024-01-29,Jacob Arnold,Qom,Sports,Basketball,2,35,70
2839,2024-12-14,Kelsey Keith,Ahvaz,Home Appliances,Vacuum Cleaner,2,300,600
2840,2024-03-09,Max Grant,Shiraz,Books,Data Science Handbook,1,60,60
2841,2025-11-05,Karen Gibbs,Tabriz,Home Appliances,Washing Machine,1,1500,1500
2842,2024-05-10,Timothy Green,Kermanshah,Electronics,Laptop,2,1200,2400
2843,2024-12-19,Heather Bailey,Karaj,Electronics,Laptop,3,1200,3600
2844,2024-02-14,Barbara Daniel,Tabriz,Books,Algorithms,3,70,210
2845,2025-01-03,Linda Vaughan,Rasht,Home Appliances,Vacuum Cleaner,4,300,1200
2846,2025-07-03,Andres Kelly,Tabriz,Electronics,Smartphone,4,800,3200
2847,2024-04-10,Lisa Wilkins,Tabriz,Electronics,Headphones,3,150,450
2848,2025-04-24,Todd Smith,Rasht,Sports,Tennis Racket,2,180,360
2849,2024-07-06,Valerie Robinson,Isfahan,Home Appliances,Refrigerator,1,1800,1800
2850,2025-01-31,Erik Harris,Qom,Electronics,Smartphone,4,800,3200
2851,2024-08-08,Jillian Nelson,Ahvaz,Books,Machine Learning,5,80,400
2852,2024-03-13,Julia Ray,Karaj,Home Appliances,Vacuum Cleaner,2,300,600
2853,2024-10-13,Cheryl Pope,Ahvaz,Home Appliances,Vacuum Cleaner,3,300,900
2854,2024-06-12,Donna Bowen,Rasht,Electronics,Smart Watch,1,250,250
2855,2025-09-27,Stephanie Wright,Shiraz,Electronics,Laptop,4,1200,4800
2856,2024-07-13,Kelly Donovan,Mashhad,Electronics,Smart Watch,1,250,250
2857,2025-09-14,Joseph Dixon,Qom,Books,Machine Learning,5,80,400
2858,2025-08-12,Edward Gross,Karaj,Books,Python Programming,5,45,225
2859,2025-01-25,Robert Horn,Isfahan,Electronics,Smartphone,3,800,2400
2860,2024-08-06,Daniel Martinez,Qom,Books,Machine Learning,1,80,80
2861,2024-09-22,Amy Bond,Qom,Sports,Football,2,30,60
2862,2025-02-11,Gabriel Davidson,Tabriz,Books,Algorithms,5,70,350
2863,2024-01-20,Darlene Bonilla,Tehran,Books,Machine Learning,4,80,320
2864,2024-07-10,John Mcdonald DDS,Ahvaz,Sports,Basketball,3,35,105
2865,2025-06-26,Jordan Ewing,Shiraz,Electronics,Headphones,1,150,150
2866,2024-11-05,Jordan Garcia,Tehran,Books,Python Programming,3,45,135
2867,2024-12-02,Charles Campbell,Karaj,Books,Python Programming,3,45,135
2868,2025-11-27,Tabitha Mckay,Isfahan,Home Appliances,Washing Machine,3,1500,4500
2869,2025-05-06,William Dyer,Kermanshah,Sports,Basketball,1,35,35
2870,2024-04-19,Crystal Mullins,Mashhad,Home Appliances,Vacuum Cleaner,2,300,600
2871,2024-07-21,Leonard Mckinney,Tabriz,Sports,Football,2,30,60
2872,2024-10-30,Kimberly Miller,Qom,Sports,Football,3,30,90
2873,2025-08-30,Carolyn Hale,Qom,Electronics,Smartphone,2,800,1600
2874,2025-11-04,Christy Crawford,Tehran,Electronics,Tablet,3,500,1500
2875,2024-04-14,Jon Patel,Tabriz,Sports,Football,4,30,120
2876,2024-11-22,Logan Baker,Shiraz,Electronics,Tablet,2,500,1000
2877,2025-04-22,Susan Bowers,Tabriz,Books,Data Science Handbook,4,60,240
2878,2025-08-26,Amy Evans,Qom,Home Appliances,Refrigerator,3,1800,5400
2879,2025-06-19,Joseph Taylor,Shiraz,Home Appliances,Microwave,4,220,880
2880,2025-05-20,Kelsey Dean,Karaj,Home Appliances,Vacuum Cleaner,4,300,1200
2881,2025-10-14,Justin Schaefer,Qom,Electronics,Laptop,2,1200,2400
2882,2025-07-24,Kristina Rivera,Ahvaz,Home Appliances,Washing Machine,1,1500,1500
2883,2024-07-24,Megan Henderson,Isfahan,Sports,Tennis Racket,2,180,360
2884,2024-03-12,Meghan Jones,Mashhad,Home Appliances,Air Conditioner,5,2000,10000
2885,2025-08-09,Fred Smith,Tabriz,Books,Clean Code,5,55,275
2886,2025-11-05,Emily Wright,Mashhad,Home Appliances,Air Conditioner,5,2000,10000
2887,2024-11-04,Richard Kent,Tabriz,Electronics,Tablet,4,500,2000
2888,2025-06-02,Samantha Farmer,Tehran,Home Appliances,Vacuum Cleaner,3,300,900
2889,2024-11-16,Monica Roach,Isfahan,Electronics,Smartphone,3,800,2400
2890,2025-04-23,Rachel Jimenez,Shiraz,Sports,Fitness Band,4,90,360
2891,2025-12-24,Julie Fowler MD,Ahvaz,Home Appliances,Washing Machine,2,1500,3000
2892,2025-11-22,John Taylor,Ahvaz,Books,Machine Learning,2,80,160
2893,2024-03-26,Charles Morris,Tehran,Electronics,Laptop,2,1200,2400
2894,2024-05-22,Susan Collins,Shiraz,Electronics,Laptop,3,1200,3600
2895,2025-05-23,Tammy Fox,Shiraz,Books,Clean Code,2,55,110
2896,2025-04-27,Carl Savage,Ahvaz,Electronics,Smartphone,1,800,800
2897,2025-11-09,William Morgan,Isfahan,Books,Clean Code,2,55,110
2898,2025-05-30,Christian Buck,Kermanshah,Sports,Tennis Racket,5,180,900
2899,2024-09-14,Steven Wright,Shiraz,Electronics,Tablet,2,500,1000
2900,2024-11-19,Elizabeth Davis,Shiraz,Sports,Fitness Band,3,90,270
2901,2025-03-10,Cynthia Mcdonald,Qom,Books,Data Science Handbook,2,60,120
2902,2024-01-18,Amanda Rollins,Qom,Sports,Fitness Band,1,90,90
2903,2024-01-10,Bob Kramer,Rasht,Home Appliances,Washing Machine,1,1500,1500
2904,2024-07-29,Matthew Harmon,Shiraz,Electronics,Tablet,1,500,500
2905,2024-06-30,Carol Watkins,Ahvaz,Sports,Fitness Band,2,90,180
2906,2024-08-23,David Rodriguez,Qom,Home Appliances,Refrigerator,4,1800,7200
2907,2025-11-08,Mr. Kyle Anderson,Ahvaz,Home Appliances,Washing Machine,5,1500,7500
2908,2024-08-08,Chloe Martin,Karaj,Home Appliances,Microwave,4,220,880
2909,2024-12-27,Jasmine Wells,Ahvaz,Books,Data Science Handbook,2,60,120
2910,2024-06-11,Rachel Kaufman,Shiraz,Electronics,Smart Watch,1,250,250
2911,2025-09-26,Jason Medina,Ahvaz,Books,Algorithms,4,70,280
2912,2024-05-29,Meghan Short,Mashhad,Home Appliances,Air Conditioner,3,2000,6000
2913,2024-03-23,Caroline Orozco,Tabriz,Home Appliances,Washing Machine,4,1500,6000
2914,2024-10-16,Hannah Lopez,Rasht,Home Appliances,Refrigerator,1,1800,1800
2915,2024-12-22,Laura Fields,Ahvaz,Electronics,Smartphone,1,800,800
2916,2024-04-21,Emily Rice,Karaj,Home Appliances,Vacuum Cleaner,4,300,1200
2917,2025-11-12,David Stewart,Tehran,Books,Data Science Handbook,2,60,120
2918,2025-10-15,Cole Smith,Mashhad,Home Appliances,Vacuum Cleaner,4,300,1200
2919,2025-01-08,Samuel Klein,Tehran,Sports,Football,4,30,120
2920,2024-05-15,Joshua Young,Kermanshah,Sports,Football,2,30,60
2921,2024-04-30,Courtney Archer,Tehran,Sports,Tennis Racket,2,180,360
2922,2024-09-23,Kevin Todd,Isfahan,Sports,Tennis Racket,1,180,180
2923,2025-11-01,Patrick Larson,Mashhad,Sports,Football,3,30,90
2924,2025-05-03,William Davila,Qom,Books,Clean Code,5,55,275
2925,2024-01-04,Johnny Nelson,Rasht,Electronics,Tablet,5,500,2500
2926,2024-03-17,Matthew Contreras,Karaj,Home Appliances,Washing Machine,3,1500,4500
2927,2025-05-05,Lori Castillo,Tabriz,Electronics,Smartphone,5,800,4000
2928,2025-03-04,Justin Morris,Qom,Home Appliances,Air Conditioner,1,2000,2000
2929,2025-11-12,Patricia Rowe,Tabriz,Home Appliances,Washing Machine,2,1500,3000
2930,2024-10-16,Tammy Flores,Tabriz,Books,Python Programming,2,45,90
2931,2025-08-10,Julia Wright,Tehran,Sports,Tennis Racket,4,180,720
2932,2024-11-14,Tommy Martin,Tabriz,Sports,Fitness Band,1,90,90
2933,2025-12-30,Alexa Gilmore,Tehran,Home Appliances,Microwave,2,220,440
2934,2025-11-01,Kelsey Morgan,Ahvaz,Home Appliances,Vacuum Cleaner,1,300,300
2935,2025-07-10,Amanda Hunter,Ahvaz,Books,Clean Code,3,55,165
2936,2025-07-20,Pamela Johnson,Kermanshah,Sports,Fitness Band,2,90,180
2937,2025-02-03,Mary Thomas,Shiraz,Home Appliances,Air Conditioner,1,2000,2000
2938,2025-08-08,Stephanie Church,Ahvaz,Sports,Basketball,2,35,70
2939,2024-06-05,Larry Bell,Qom,Books,Python Programming,2,45,90
2940,2025-07-14,Michael Garcia,Tabriz,Books,Python Programming,5,45,225
2941,2025-01-01,Briana Brooks,Kermanshah,Sports,Football,1,30,30
2942,2024-11-21,Courtney Colon,Shiraz,Sports,Fitness Band,5,90,450
2943,2025-06-07,Robert Wade,Kermanshah,Sports,Basketball,4,35,140
2944,2025-07-30,Aimee Hayes,Isfahan,Books,Algorithms,2,70,140
2945,2024-10-11,Maria Mack,Mashhad,Sports,Basketball,2,35,70
2946,2025-04-30,Amanda Stephenson,Qom,Books,Clean Code,3,55,165
2947,2024-05-01,Karen Perez,Karaj,Books,Machine Learning,5,80,400
2948,2025-10-23,Amber Hunter,Mashhad,Home Appliances,Vacuum Cleaner,1,300,300
2949,2024-11-16,Anita Harris,Mashhad,Sports,Football,4,30,120
2950,2025-07-12,Megan Clark,Tehran,Home Appliances,Microwave,4,220,880
2951,2024-07-02,Regina Miller,Mashhad,Electronics,Smart Watch,5,250,1250
2952,2025-03-26,Laura Jackson,Karaj,Books,Algorithms,4,70,280
2953,2025-12-19,Jeffrey Harper,Rasht,Electronics,Laptop,3,1200,3600
2954,2024-11-12,Kelly Johnson,Qom,Electronics,Smartphone,4,800,3200
2955,2025-08-31,Destiny Bailey,Mashhad,Electronics,Smartphone,1,800,800
2956,2025-06-25,James Miller,Kermanshah,Home Appliances,Microwave,1,220,220
2957,2025-07-22,Susan Smith,Kermanshah,Electronics,Laptop,4,1200,4800
2958,2024-02-10,Mr. Henry Glenn MD,Kermanshah,Sports,Fitness Band,1,90,90
2959,2025-01-08,William Bates,Tehran,Home Appliances,Refrigerator,2,1800,3600
2960,2025-11-09,Patricia Little,Shiraz,Books,Algorithms,4,70,280
2961,2024-03-20,Dawn Pineda,Ahvaz,Sports,Tennis Racket,3,180,540
2962,2024-04-21,Amanda Hall,Tehran,Electronics,Smart Watch,5,250,1250
2963,2025-12-10,Allison Romero,Rasht,Home Appliances,Refrigerator,5,1800,9000
2964,2025-05-06,Mackenzie Olson,Ahvaz,Sports,Football,2,30,60
2965,2025-10-13,Karen Johnson,Isfahan,Sports,Basketball,5,35,175
2966,2024-02-15,Charles King,Kermanshah,Home Appliances,Refrigerator,3,1800,5400
2967,2025-08-20,Mr. Michael Kennedy,Tabriz,Electronics,Laptop,3,1200,3600
2968,2024-11-29,Maria West,Kermanshah,Home Appliances,Refrigerator,4,1800,7200
2969,2025-12-08,Kenneth Coleman,Shiraz,Sports,Tennis Racket,3,180,540
2970,2024-10-11,Darren Berger,Rasht,Home Appliances,Washing Machine,3,1500,4500
2971,2025-01-16,Elizabeth Marshall,Tabriz,Sports,Tennis Racket,3,180,540
2972,2025-02-04,Joe Tran,Karaj,Sports,Running Shoes,2,120,240
2973,2024-11-17,Elizabeth Jones,Tabriz,Books,Clean Code,2,55,110
2974,2025-03-15,Kimberly White,Mashhad,Electronics,Laptop,1,1200,1200
2975,2024-09-23,Emily Hartman,Ahvaz,Books,Data Science Handbook,5,60,300
2976,2025-03-10,Karen Anderson,Qom,Home Appliances,Washing Machine,1,1500,1500
2977,2025-10-04,Raymond Alvarado,Ahvaz,Electronics,Tablet,4,500,2000
2978,2024-08-13,Penny Benson,Kermanshah,Electronics,Headphones,4,150,600
2979,2025-08-21,Kaitlyn Hunter,Qom,Home Appliances,Refrigerator,2,1800,3600
2980,2025-04-26,Stephen Walker,Tabriz,Home Appliances,Vacuum Cleaner,4,300,1200
2981,2024-09-18,Steven Cannon,Ahvaz,Electronics,Smart Watch,1,250,250
2982,2024-10-12,Brandon Jenkins,Rasht,Sports,Running Shoes,2,120,240
2983,2024-04-10,Allen Mcdonald,Shiraz,Sports,Fitness Band,5,90,450
2984,2024-12-17,Stacey Brewer,Tabriz,Electronics,Smartphone,5,800,4000
2985,2025-03-29,Roy Stevens,Qom,Electronics,Tablet,4,500,2000
2986,2024-05-11,Rhonda Wilcox,Kermanshah,Sports,Basketball,1,35,35
2987,2024-01-05,Oscar Strickland,Tehran,Sports,Running Shoes,3,120,360
2988,2025-07-23,Rachel Jimenez,Kermanshah,Books,Data Science Handbook,3,60,180
2989,2024-02-28,Elizabeth Smith,Tabriz,Sports,Tennis Racket,2,180,360
2990,2024-04-20,Nicholas Jones,Mashhad,Sports,Fitness Band,3,90,270
2991,2025-04-09,Brenda Nixon,Qom,Sports,Running Shoes,2,120,240
2992,2025-12-26,Kelly Johnson,Tabriz,Home Appliances,Microwave,2,220,440
2993,2025-02-13,Bridget Watson,Isfahan,Home Appliances,Washing Machine,2,1500,3000
2994,2025-01-05,Stephen Ruiz,Rasht,Electronics,Smartphone,2,800,1600
2995,2024-03-18,Michaela Watson,Mashhad,Home Appliances,Vacuum Cleaner,3,300,900
2996,2024-11-20,Felicia Jones,Shiraz,Sports,Basketball,2,35,70
2997,2024-10-03,Brianna Torres,Rasht,Electronics,Tablet,2,500,1000
2998,2024-11-12,Tonya Martinez,Mashhad,Sports,Fitness Band,2,90,180
2999,2024-08-14,Cheryl Williams,Rasht,Electronics,Tablet,4,500,2000
3000,2024-02-18,Pamela Gibson,Mashhad,Electronics,Smartphone,3,800,2400
3001,2024-08-23,Sarah Nichols,Kermanshah,Books,Python Programming,1,45,45
3002,2024-08-29,Nathan Wilson,Rasht,Books,Machine Learning,3,80,240
3003,2025-04-28,Lori Smith,Isfahan,Books,Data Science Handbook,1,60,60
3004,2024-01-28,Thomas Nicholson,Ahvaz,Books,Clean Code,3,55,165
3005,2025-12-24,Brett Jones,Qom,Books,Data Science Handbook,5,60,300
3006,2024-10-24,Mary Glover,Rasht,Home Appliances,Vacuum Cleaner,1,300,300
3007,2024-07-21,Jeffrey Mccall,Karaj,Home Appliances,Refrigerator,3,1800,5400
3008,2025-03-12,Michael Jordan,Rasht,Home Appliances,Refrigerator,4,1800,7200
3009,2025-07-14,Jason Smith,Qom,Home Appliances,Microwave,5,220,1100
3010,2024-12-06,Aaron Carter,Isfahan,Sports,Fitness Band,5,90,450
3011,2024-08-17,Jacob Friedman,Shiraz,Home Appliances,Air Conditioner,4,2000,8000
3012,2025-08-13,Kevin Cruz,Ahvaz,Home Appliances,Air Conditioner,5,2000,10000
3013,2024-02-08,Heather Miller,Mashhad,Electronics,Laptop,1,1200,1200
3014,2025-03-15,Robert Morgan,Qom,Electronics,Tablet,3,500,1500
3015,2025-11-16,Christopher Anderson,Isfahan,Sports,Tennis Racket,2,180,360
3016,2024-10-23,Jermaine Mayer,Qom,Books,Python Programming,2,45,90
3017,2024-03-31,Cynthia Taylor,Isfahan,Books,Algorithms,4,70,280
3018,2025-03-26,Christina Howard,Rasht,Books,Data Science Handbook,1,60,60
3019,2025-07-17,Kristy Collins,Tabriz,Home Appliances,Microwave,2,220,440
3020,2024-02-15,Scott Kelley,Rasht,Books,Data Science Handbook,5,60,300
3021,2025-01-01,Deanna Olson,Ahvaz,Sports,Basketball,5,35,175
3022,2024-11-05,Mary Hubbard,Tehran,Home Appliances,Refrigerator,2,1800,3600
3023,2025-07-14,Mary Murphy,Ahvaz,Electronics,Headphones,3,150,450
3024,2025-11-18,Debra Nunez,Qom,Books,Machine Learning,3,80,240
3025,2025-04-22,Kara Campbell,Rasht,Sports,Football,4,30,120
3026,2025-05-26,Christopher Baxter,Tabriz,Electronics,Headphones,5,150,750
3027,2024-07-30,Samantha Mitchell,Qom,Electronics,Headphones,1,150,150
3028,2025-07-24,Jason Boyd,Mashhad,Books,Machine Learning,5,80,400
3029,2025-06-11,Anthony Cabrera,Tabriz,Books,Machine Learning,5,80,400
3030,2025-01-20,Justin Cowan,Mashhad,Home Appliances,Refrigerator,1,1800,1800
3031,2024-04-29,Eric Baker,Kermanshah,Books,Python Programming,1,45,45
3032,2025-05-24,Elizabeth Evans,Isfahan,Books,Clean Code,4,55,220
3033,2025-11-27,Derek Brewer,Isfahan,Sports,Tennis Racket,2,180,360
3034,2025-05-08,Martin Davis,Rasht,Sports,Tennis Racket,3,180,540
3035,2025-11-16,Vernon Johnson,Ahvaz,Home Appliances,Washing Machine,5,1500,7500
3036,2025-01-07,Justin Johnson,Isfahan,Books,Machine Learning,2,80,160
3037,2025-07-20,Jesse Ortiz,Qom,Books,Python Programming,4,45,180
3038,2025-05-14,Denise Thomas,Isfahan,Home Appliances,Washing Machine,3,1500,4500
3039,2024-02-02,Melinda Harvey,Tehran,Home Appliances,Washing Machine,3,1500,4500
3040,2024-07-17,David Day,Rasht,Electronics,Smart Watch,5,250,1250
3041,2025-03-20,David Lopez,Qom,Books,Data Science Handbook,3,60,180
3042,2024-08-21,Kathleen Johnson,Tabriz,Home Appliances,Washing Machine,4,1500,6000
3043,2025-06-11,Megan Gibson,Tabriz,Sports,Tennis Racket,5,180,900
3044,2025-11-17,Jennifer Klein,Kermanshah,Electronics,Smartphone,3,800,2400
3045,2025-09-16,Travis Ferguson,Mashhad,Electronics,Tablet,1,500,500
3046,2024-04-30,Vanessa Jones,Rasht,Books,Algorithms,2,70,140
3047,2025-10-26,Megan Nguyen,Isfahan,Home Appliances,Washing Machine,1,1500,1500
3048,2025-02-28,Alyssa Sparks,Ahvaz,Sports,Tennis Racket,2,180,360
3049,2025-04-22,David Turner,Shiraz,Sports,Fitness Band,2,90,180
3050,2024-12-16,Kevin Robles,Karaj,Books,Algorithms,5,70,350
3051,2024-07-22,Martin Farmer,Mashhad,Electronics,Smartphone,4,800,3200
3052,2024-06-08,Sandra Williams,Rasht,Books,Clean Code,3,55,165
3053,2025-10-05,Richard Powers,Kermanshah,Books,Algorithms,3,70,210
3054,2024-11-21,Kevin Mcneil,Tehran,Home Appliances,Air Conditioner,2,2000,4000
3055,2024-11-16,Lauren King,Rasht,Electronics,Smartphone,4,800,3200
3056,2024-03-23,Kristy Wu,Rasht,Sports,Fitness Band,3,90,270
3057,2025-10-03,Megan Hobbs,Karaj,Books,Python Programming,3,45,135
3058,2025-08-10,Candace Hill,Tehran,Home Appliances,Microwave,3,220,660
3059,2025-10-17,Terry Green,Rasht,Electronics,Smartphone,2,800,1600
3060,2025-10-19,Henry Stokes,Karaj,Books,Data Science Handbook,3,60,180
3061,2024-01-28,Jonathan Patrick,Tabriz,Home Appliances,Air Conditioner,2,2000,4000
3062,2025-08-04,Wayne Mcclain,Tehran,Home Appliances,Washing Machine,2,1500,3000
3063,2024-03-23,Kenneth Collins,Rasht,Home Appliances,Microwave,4,220,880
3064,2024-04-06,Rachel Logan,Isfahan,Electronics,Headphones,3,150,450
3065,2025-08-20,Ashley Horn,Ahvaz,Books,Machine Learning,3,80,240
3066,2025-06-03,Gregory Thomas,Qom,Sports,Fitness Band,1,90,90
3067,2024-11-07,Pamela Sharp,Tabriz,Electronics,Tablet,5,500,2500
3068,2024-12-31,Nicole Washington,Shiraz,Books,Algorithms,4,70,280
3069,2025-12-08,Laurie Goodwin,Kermanshah,Home Appliances,Vacuum Cleaner,1,300,300
3070,2025-09-16,Jennifer Hopkins,Isfahan,Sports,Football,5,30,150
3071,2025-04-17,Diane Stephens DVM,Tehran,Home Appliances,Air Conditioner,2,2000,4000
3072,2025-05-29,Michelle Williams,Mashhad,Books,Clean Code,2,55,110
3073,2024-06-06,Michelle Rogers,Tabriz,Electronics,Tablet,3,500,1500
3074,2025-01-29,Michael Roberts,Ahvaz,Electronics,Tablet,1,500,500
3075,2025-05-03,Rebecca Rios,Qom,Electronics,Laptop,5,1200,6000
3076,2024-10-29,Connor Bolton,Isfahan,Sports,Football,5,30,150
3077,2025-06-20,Kathryn Perez,Isfahan,Home Appliances,Vacuum Cleaner,1,300,300
3078,2025-01-24,Alan Scott,Kermanshah,Sports,Football,1,30,30
3079,2025-05-17,Jacob Smith,Rasht,Electronics,Smartphone,5,800,4000
3080,2025-11-24,Gabrielle Olson,Qom,Sports,Fitness Band,4,90,360
3081,2025-12-17,Michael Johnson,Shiraz,Sports,Fitness Band,5,90,450
3082,2024-12-07,Gregory Garcia,Karaj,Home Appliances,Microwave,5,220,1100
3083,2025-10-03,Jessica Thompson,Kermanshah,Sports,Football,2,30,60
3084,2024-08-31,Michelle Mitchell,Rasht,Sports,Running Shoes,4,120,480
3085,2025-02-06,Amanda Duran,Mashhad,Home Appliances,Microwave,2,220,440
3086,2025-10-08,Stephanie Lewis,Tabriz,Sports,Tennis Racket,4,180,720
3087,2024-02-12,Noah Gomez,Tabriz,Books,Data Science Handbook,1,60,60
3088,2025-05-12,Kimberly Campbell,Shiraz,Books,Machine Learning,2,80,160
3089,2025-03-04,Ashley Mosley,Shiraz,Sports,Basketball,1,35,35
3090,2024-12-10,Elizabeth Cherry,Qom,Electronics,Laptop,2,1200,2400
3091,2025-12-18,Mr. Geoffrey Warner,Ahvaz,Home Appliances,Refrigerator,3,1800,5400
3092,2025-02-18,Christopher Payne,Kermanshah,Books,Clean Code,1,55,55
3093,2025-01-31,David Cabrera,Shiraz,Home Appliances,Vacuum Cleaner,2,300,600
3094,2025-01-12,Karen Green,Rasht,Books,Python Programming,3,45,135
3095,2025-11-22,Christian Simon,Rasht,Electronics,Tablet,5,500,2500
3096,2024-06-22,Kevin Martinez,Ahvaz,Electronics,Smart Watch,1,250,250
3097,2024-08-18,Monica Suarez,Rasht,Sports,Basketball,3,35,105
3098,2024-02-15,Wanda Shaffer,Tehran,Sports,Fitness Band,2,90,180
3099,2025-10-06,Gary Phillips,Karaj,Sports,Tennis Racket,3,180,540
3100,2024-09-24,Thomas Hill,Kermanshah,Books,Clean Code,2,55,110
3101,2025-07-19,Austin Carr,Mashhad,Sports,Football,3,30,90
3102,2025-12-12,Stephanie Riddle,Kermanshah,Home Appliances,Washing Machine,1,1500,1500
3103,2024-11-11,Jeffery Bryant,Qom,Home Appliances,Vacuum Cleaner,5,300,1500
3104,2024-10-01,Eric Weber,Tabriz,Sports,Football,4,30,120
3105,2025-10-18,Christopher Garcia,Kermanshah,Electronics,Smartphone,5,800,4000
3106,2025-07-12,Whitney Richardson,Shiraz,Home Appliances,Refrigerator,4,1800,7200
3107,2025-07-28,Kimberly Lewis,Mashhad,Electronics,Smart Watch,1,250,250
3108,2024-05-26,Tamara Parks,Mashhad,Electronics,Headphones,3,150,450
3109,2024-09-10,John Ramirez,Qom,Sports,Tennis Racket,1,180,180
3110,2025-03-09,Steven Scott,Tehran,Home Appliances,Microwave,2,220,440
3111,2025-10-26,Kevin Thomas,Shiraz,Home Appliances,Refrigerator,2,1800,3600
3112,2025-05-14,Tiffany Bowen,Tehran,Books,Algorithms,3,70,210
3113,2025-06-17,Reginald Green,Rasht,Sports,Football,4,30,120
3114,2024-04-25,George Shaw,Rasht,Books,Python Programming,1,45,45
3115,2024-01-28,Victor Lozano,Isfahan,Sports,Running Shoes,3,120,360
3116,2024-04-28,Rebecca Livingston,Tehran,Home Appliances,Microwave,5,220,1100
3117,2024-09-17,Brenda Santos,Rasht,Home Appliances,Microwave,1,220,220
3118,2024-11-01,Melissa Shelton,Qom,Sports,Tennis Racket,1,180,180
3119,2025-11-25,Nicole Nguyen,Qom,Electronics,Smart Watch,5,250,1250
3120,2025-10-18,Karl Nelson,Qom,Books,Algorithms,4,70,280
3121,2025-06-04,Jeffery Hurst,Mashhad,Home Appliances,Washing Machine,5,1500,7500
3122,2025-07-19,Andrew Washington,Qom,Electronics,Smartphone,3,800,2400
3123,2024-06-14,Samuel Ryan,Tehran,Home Appliances,Microwave,5,220,1100
3124,2024-12-21,Timothy Lee,Tehran,Home Appliances,Washing Machine,3,1500,4500
3125,2024-07-11,Jonathan Richardson,Tabriz,Sports,Fitness Band,5,90,450
3126,2025-07-17,Cody Freeman,Isfahan,Sports,Running Shoes,5,120,600
3127,2024-09-08,Kim Mcmahon,Shiraz,Books,Algorithms,5,70,350
3128,2024-08-11,Kimberly Ward,Isfahan,Books,Data Science Handbook,5,60,300
3129,2024-06-01,Joanne Kelley,Rasht,Sports,Running Shoes,5,120,600
3130,2025-01-28,Katherine Cooke,Shiraz,Books,Data Science Handbook,5,60,300
3131,2024-05-19,Kristine Meyers,Karaj,Electronics,Laptop,2,1200,2400
3132,2025-05-31,Leroy Lawson,Mashhad,Electronics,Tablet,1,500,500
3133,2024-03-03,William Monroe,Kermanshah,Sports,Basketball,1,35,35
3134,2024-03-28,Rodney Fisher,Mashhad,Home Appliances,Air Conditioner,5,2000,10000
3135,2025-05-21,Alec Jones,Kermanshah,Books,Machine Learning,4,80,320
3136,2025-03-21,Mrs. Cassandra Monroe,Kermanshah,Books,Python Programming,2,45,90
3137,2025-08-14,Courtney Walker,Isfahan,Books,Python Programming,3,45,135
3138,2024-05-01,Brianna Estrada,Qom,Sports,Tennis Racket,5,180,900
3139,2024-06-25,Aaron Melton,Qom,Books,Data Science Handbook,5,60,300
3140,2024-12-10,Kristy Gutierrez,Qom,Books,Data Science Handbook,3,60,180
3141,2024-07-21,Allison Alvarez,Tehran,Home Appliances,Refrigerator,2,1800,3600
3142,2025-01-07,Steve Moore,Ahvaz,Books,Clean Code,5,55,275
3143,2025-08-03,Chad Kerr,Isfahan,Home Appliances,Washing Machine,1,1500,1500
3144,2024-08-18,Christopher Ibarra,Tehran,Books,Machine Learning,4,80,320
3145,2025-09-09,Victoria Downs,Ahvaz,Home Appliances,Air Conditioner,4,2000,8000
3146,2025-07-05,Brian Schaefer,Shiraz,Sports,Running Shoes,5,120,600
3147,2025-11-07,Mary Newman,Isfahan,Electronics,Tablet,1,500,500
3148,2024-12-03,Julie Harper,Rasht,Home Appliances,Air Conditioner,3,2000,6000
3149,2024-07-21,Shane Lewis,Shiraz,Home Appliances,Vacuum Cleaner,1,300,300
3150,2025-12-01,Carolyn Mccarthy,Qom,Electronics,Headphones,1,150,150
3151,2024-02-22,Angela Smith,Rasht,Books,Python Programming,1,45,45
3152,2024-05-29,Christopher Daniel,Isfahan,Sports,Football,4,30,120
3153,2025-09-26,Richard Ross,Kermanshah,Electronics,Headphones,2,150,300
3154,2024-01-09,Miss Christina Gomez,Tabriz,Electronics,Smartphone,1,800,800
3155,2025-04-28,Joe Williams,Tehran,Electronics,Laptop,2,1200,2400
3156,2024-12-11,Marc Clark,Isfahan,Electronics,Smart Watch,2,250,500
3157,2025-01-02,Brandon Thompson,Tehran,Electronics,Tablet,2,500,1000
3158,2024-02-09,Ashley Gonzalez,Tabriz,Home Appliances,Vacuum Cleaner,4,300,1200
3159,2024-07-28,Dwayne Wolfe,Tehran,Books,Machine Learning,2,80,160
3160,2025-11-25,Joseph Pham,Karaj,Home Appliances,Air Conditioner,3,2000,6000
3161,2024-10-17,Kelly Fox,Tabriz,Electronics,Smart Watch,3,250,750
3162,2025-10-27,Michael Medina,Rasht,Electronics,Tablet,5,500,2500
3163,2024-12-27,Kimberly Hill,Ahvaz,Sports,Tennis Racket,2,180,360
3164,2025-07-17,Mary Robinson,Kermanshah,Books,Clean Code,1,55,55
3165,2024-07-03,Christian Hatfield,Tehran,Home Appliances,Microwave,5,220,1100
3166,2025-06-19,Stacy Clark,Kermanshah,Books,Data Science Handbook,5,60,300
3167,2024-12-08,Linda Caldwell,Tehran,Electronics,Laptop,1,1200,1200
3168,2025-01-13,Alan Johnson,Kermanshah,Electronics,Headphones,5,150,750
3169,2025-08-05,Katelyn Briggs,Ahvaz,Home Appliances,Air Conditioner,2,2000,4000
3170,2024-09-08,Timothy Daniel,Kermanshah,Sports,Football,1,30,30
3171,2024-02-29,Tara Woodward,Qom,Sports,Fitness Band,5,90,450
3172,2024-12-17,Robert Wagner,Mashhad,Sports,Fitness Band,5,90,450
3173,2025-08-20,Anthony Gomez,Tabriz,Electronics,Tablet,1,500,500
3174,2024-11-08,Jessica Gibbs,Ahvaz,Electronics,Smartphone,3,800,2400
3175,2025-10-19,Elizabeth Hernandez,Tehran,Electronics,Tablet,2,500,1000
3176,2025-07-15,Patricia Curry,Mashhad,Electronics,Laptop,1,1200,1200
3177,2024-09-05,Janet Ward,Rasht,Sports,Football,4,30,120
3178,2025-09-18,Gabriel Quinn,Shiraz,Home Appliances,Refrigerator,2,1800,3600
3179,2024-03-11,Michael Brown,Shiraz,Electronics,Tablet,5,500,2500
3180,2024-11-14,Johnny Frederick,Ahvaz,Electronics,Smart Watch,1,250,250
3181,2024-05-04,Lawrence Wyatt,Rasht,Home Appliances,Vacuum Cleaner,5,300,1500
3182,2025-09-03,Eric Long,Qom,Books,Clean Code,3,55,165
3183,2025-12-08,Jennifer Thomas,Rasht,Books,Clean Code,3,55,165
3184,2024-06-19,Robert Richards,Ahvaz,Sports,Running Shoes,5,120,600
3185,2025-05-20,Beth Mitchell,Tehran,Books,Data Science Handbook,5,60,300
3186,2025-06-12,Mark Wilson,Tehran,Home Appliances,Air Conditioner,4,2000,8000
3187,2024-01-16,Patricia Lowery,Karaj,Sports,Tennis Racket,2,180,360
3188,2025-12-25,Daniel Lang,Tabriz,Home Appliances,Washing Machine,2,1500,3000
3189,2025-12-16,Eric Martin,Ahvaz,Home Appliances,Refrigerator,4,1800,7200
3190,2025-11-14,Gary Green,Tehran,Books,Algorithms,2,70,140
3191,2024-02-29,Toni Moon,Isfahan,Home Appliances,Washing Machine,4,1500,6000
3192,2024-08-24,Charles Soto,Qom,Home Appliances,Microwave,3,220,660
3193,2024-10-19,Maria Richard,Isfahan,Sports,Running Shoes,5,120,600
3194,2025-02-22,Ronald Young,Ahvaz,Home Appliances,Microwave,4,220,880
3195,2025-08-03,Crystal Zuniga,Isfahan,Books,Python Programming,3,45,135
3196,2025-03-04,Michelle Lester,Isfahan,Books,Python Programming,5,45,225
3197,2024-07-09,James Morales,Rasht,Books,Data Science Handbook,1,60,60
3198,2024-08-05,Jared Lawson,Qom,Electronics,Smartphone,3,800,2400
3199,2024-02-09,Mrs. Tonya King,Kermanshah,Electronics,Laptop,5,1200,6000
3200,2025-02-01,Brian Harrison,Tabriz,Home Appliances,Vacuum Cleaner,2,300,600
3201,2024-02-27,Judy Nash,Isfahan,Sports,Tennis Racket,1,180,180
3202,2025-04-25,Leslie Jefferson,Isfahan,Sports,Basketball,5,35,175
3203,2024-05-12,Michael Ellison,Ahvaz,Sports,Basketball,3,35,105
3204,2025-11-27,Ann Collins,Qom,Home Appliances,Microwave,3,220,660
3205,2024-07-19,Luis Bradley,Qom,Home Appliances,Washing Machine,1,1500,1500
3206,2024-01-05,David Murphy,Tabriz,Home Appliances,Vacuum Cleaner,4,300,1200
3207,2024-03-13,Mary Townsend,Rasht,Books,Clean Code,5,55,275
3208,2025-08-06,Alyssa Baker,Qom,Sports,Tennis Racket,5,180,900
3209,2024-06-15,Anthony Lewis,Karaj,Electronics,Laptop,3,1200,3600
3210,2024-04-20,Shelly Baker,Karaj,Home Appliances,Washing Machine,5,1500,7500
3211,2025-01-22,Kyle Kirk,Isfahan,Books,Python Programming,4,45,180
3212,2025-06-06,Alexis Drake,Qom,Sports,Running Shoes,1,120,120
3213,2024-04-22,John Carroll,Ahvaz,Electronics,Smart Watch,2,250,500
3214,2025-03-10,Natalie Jacobs,Isfahan,Books,Machine Learning,3,80,240
3215,2025-03-25,Evan Roman,Isfahan,Home Appliances,Microwave,5,220,1100
3216,2025-04-10,Andrea Martin,Tehran,Electronics,Headphones,2,150,300
3217,2024-07-31,Hannah Wright,Shiraz,Electronics,Tablet,3,500,1500
3218,2025-12-07,Joy Burns,Isfahan,Books,Data Science Handbook,3,60,180
3219,2024-10-03,Jennifer Richmond,Rasht,Sports,Fitness Band,3,90,270
3220,2025-12-27,Jason Howell,Karaj,Sports,Running Shoes,5,120,600
3221,2025-10-14,Christopher Jones,Mashhad,Electronics,Headphones,4,150,600
3222,2024-04-06,Jack Martin,Kermanshah,Books,Data Science Handbook,2,60,120
3223,2025-12-04,Marcus Weaver,Shiraz,Books,Clean Code,2,55,110
3224,2025-11-07,Teresa Myers,Ahvaz,Home Appliances,Vacuum Cleaner,2,300,600
3225,2024-07-29,Sarah Hughes,Isfahan,Books,Data Science Handbook,2,60,120
3226,2024-03-26,Jeremy Mayo,Karaj,Home Appliances,Refrigerator,4,1800,7200
3227,2024-01-25,Michael Chambers,Mashhad,Books,Machine Learning,2,80,160
3228,2024-03-27,Brittany Garcia,Kermanshah,Books,Python Programming,2,45,90
3229,2025-04-04,Laura Wilkins,Karaj,Sports,Fitness Band,4,90,360
3230,2025-09-09,Michael White,Qom,Home Appliances,Microwave,5,220,1100
3231,2024-05-02,Heather Taylor,Mashhad,Home Appliances,Vacuum Cleaner,5,300,1500
3232,2025-03-13,Rebekah Johnson,Mashhad,Electronics,Laptop,2,1200,2400
3233,2024-11-02,Michael Mccarthy,Tabriz,Home Appliances,Vacuum Cleaner,5,300,1500
3234,2024-07-08,Donald Johnson,Qom,Home Appliances,Air Conditioner,2,2000,4000
3235,2024-01-19,Steve Norton,Kermanshah,Home Appliances,Refrigerator,2,1800,3600
3236,2025-09-04,Casey Hall,Isfahan,Sports,Tennis Racket,4,180,720
3237,2025-11-28,Blake Atkins,Qom,Home Appliances,Washing Machine,3,1500,4500
3238,2025-01-01,Richard Wiggins,Rasht,Books,Data Science Handbook,2,60,120
3239,2025-04-17,Allison Price,Rasht,Sports,Tennis Racket,5,180,900
3240,2024-07-18,Shannon Allen,Rasht,Sports,Running Shoes,5,120,600
3241,2025-11-29,Mr. Tyler Smith DVM,Kermanshah,Electronics,Smartphone,4,800,3200
3242,2025-08-25,Amanda Jefferson,Shiraz,Sports,Running Shoes,5,120,600
3243,2025-10-08,Daniel Garcia,Isfahan,Home Appliances,Refrigerator,5,1800,9000
3244,2025-05-18,Christine Rosales,Kermanshah,Home Appliances,Refrigerator,1,1800,1800
3245,2024-09-11,Kelly Jenkins,Isfahan,Sports,Tennis Racket,3,180,540
3246,2024-05-24,Miguel Smith,Ahvaz,Sports,Fitness Band,4,90,360
3247,2025-10-21,Lisa Austin,Tabriz,Electronics,Laptop,2,1200,2400
3248,2024-12-28,Anna Garcia,Ahvaz,Sports,Running Shoes,5,120,600
3249,2025-01-16,Paul Bailey,Kermanshah,Books,Algorithms,1,70,70
3250,2024-04-09,Rachel Brooks,Mashhad,Sports,Football,5,30,150
3251,2024-04-02,Katrina Hill,Rasht,Home Appliances,Microwave,4,220,880
3252,2024-10-18,Shawn Burch,Tehran,Home Appliances,Refrigerator,4,1800,7200
3253,2024-01-30,Timothy Anderson,Kermanshah,Home Appliances,Refrigerator,1,1800,1800
3254,2025-02-03,Robert Harris,Tehran,Sports,Tennis Racket,3,180,540
3255,2024-07-21,Harold Chandler,Ahvaz,Home Appliances,Microwave,5,220,1100
3256,2024-09-06,Adam Smith MD,Tabriz,Electronics,Smartphone,2,800,1600
3257,2024-03-08,Darryl Sanchez Jr.,Kermanshah,Electronics,Laptop,2,1200,2400
3258,2024-06-25,Kayla Ortiz,Tabriz,Electronics,Headphones,4,150,600
3259,2024-06-12,Erica Smith,Ahvaz,Sports,Basketball,3,35,105
3260,2024-08-27,Christina Mendoza,Tabriz,Sports,Tennis Racket,3,180,540
3261,2025-08-04,Tom Bryant,Shiraz,Home Appliances,Microwave,1,220,220
3262,2024-06-26,Judy Reid,Shiraz,Home Appliances,Microwave,3,220,660
3263,2024-08-02,Sarah Wright,Qom,Electronics,Smart Watch,5,250,1250
3264,2024-04-22,Elizabeth Fowler,Kermanshah,Electronics,Laptop,5,1200,6000
3265,2024-10-20,Michael Mcmahon,Qom,Electronics,Smartphone,4,800,3200
3266,2024-10-01,Jane Price,Ahvaz,Home Appliances,Washing Machine,2,1500,3000
3267,2024-04-13,Samantha Robinson,Qom,Home Appliances,Washing Machine,2,1500,3000
3268,2025-06-17,Ricky Martinez,Tehran,Books,Machine Learning,3,80,240
3269,2025-02-20,Jennifer Harris,Kermanshah,Home Appliances,Microwave,1,220,220
3270,2025-11-23,Frederick Jordan,Karaj,Books,Python Programming,5,45,225
3271,2024-05-24,Rebecca Ray,Shiraz,Sports,Tennis Racket,4,180,720
3272,2025-02-25,Mr. Paul Nichols,Ahvaz,Books,Data Science Handbook,2,60,120
3273,2025-12-01,Donald Roman,Karaj,Electronics,Smart Watch,3,250,750
3274,2025-10-16,Mark Bryant,Kermanshah,Books,Data Science Handbook,3,60,180
3275,2024-04-17,Brad Miller,Isfahan,Sports,Fitness Band,1,90,90
3276,2024-07-02,John Flores,Mashhad,Sports,Fitness Band,3,90,270
3277,2025-04-17,James Savage,Tehran,Books,Clean Code,1,55,55
3278,2024-03-03,Chelsea Hoffman,Tehran,Home Appliances,Washing Machine,2,1500,3000
3279,2024-10-29,Christopher Taylor,Mashhad,Electronics,Smart Watch,2,250,500
3280,2024-10-28,Brooke Nelson,Qom,Sports,Football,2,30,60
3281,2024-03-08,Christopher Hughes,Kermanshah,Books,Algorithms,5,70,350
3282,2025-04-08,Brandon Reed,Karaj,Sports,Basketball,4,35,140
3283,2025-10-14,David Norton,Karaj,Home Appliances,Air Conditioner,4,2000,8000
3284,2025-09-14,Joshua Rivas,Tehran,Books,Machine Learning,5,80,400
3285,2024-11-10,Johnny Hurley,Tehran,Sports,Basketball,3,35,105
3286,2024-10-24,Catherine Cordova,Shiraz,Sports,Football,3,30,90
3287,2025-08-28,Kristen Henderson,Kermanshah,Books,Algorithms,5,70,350
3288,2025-02-02,Teresa Sanchez,Rasht,Electronics,Headphones,5,150,750
3289,2025-12-20,Aaron Owen,Karaj,Home Appliances,Air Conditioner,4,2000,8000
3290,2025-09-20,Jenna Scott,Isfahan,Books,Data Science Handbook,3,60,180
3291,2025-05-23,Rachel Anderson,Mashhad,Electronics,Smartphone,3,800,2400
3292,2024-04-26,Sharon Werner,Isfahan,Books,Clean Code,5,55,275
3293,2024-03-11,Michelle Maynard,Tabriz,Electronics,Laptop,2,1200,2400
3294,2025-07-14,Stacey Smith,Kermanshah,Home Appliances,Refrigerator,1,1800,1800
3295,2024-01-19,Steven Juarez,Rasht,Sports,Basketball,4,35,140
3296,2025-08-05,Sarah Schmidt,Shiraz,Books,Machine Learning,2,80,160
3297,2024-06-22,Scott Parker,Rasht,Electronics,Headphones,3,150,450
3298,2025-07-14,Lori Watson,Karaj,Electronics,Laptop,1,1200,1200
3299,2024-10-19,Melissa Olson,Mashhad,Sports,Football,2,30,60
3300,2025-10-09,Christopher Gardner,Ahvaz,Books,Data Science Handbook,2,60,120
3301,2024-07-08,Barbara Barnes,Shiraz,Sports,Running Shoes,5,120,600
3302,2025-09-30,Kimberly Rogers,Rasht,Electronics,Tablet,1,500,500
3303,2025-04-19,Desiree Walker,Shiraz,Books,Python Programming,2,45,90
3304,2025-07-22,Dennis Murphy,Mashhad,Sports,Fitness Band,2,90,180
3305,2025-07-11,Tara Smith,Kermanshah,Sports,Tennis Racket,4,180,720
3306,2024-10-29,Susan Harmon,Rasht,Electronics,Headphones,3,150,450
3307,2024-05-03,Sergio Smith,Karaj,Sports,Football,1,30,30
3308,2024-08-12,Marcus Caldwell,Rasht,Electronics,Laptop,4,1200,4800
3309,2025-01-25,Margaret Ross,Kermanshah,Home Appliances,Microwave,2,220,440
3310,2024-01-09,James Long,Mashhad,Books,Algorithms,2,70,140
3311,2025-08-14,Dylan Hicks,Mashhad,Electronics,Headphones,1,150,150
3312,2024-11-11,Anthony Kelley,Tabriz,Books,Machine Learning,3,80,240
3313,2025-07-02,Rebecca James,Karaj,Sports,Football,1,30,30
3314,2025-04-04,Justin Moore,Ahvaz,Home Appliances,Refrigerator,4,1800,7200
3315,2025-06-23,Kelli Thomas,Kermanshah,Books,Clean Code,3,55,165
3316,2025-12-28,David Kelly,Kermanshah,Books,Algorithms,4,70,280
3317,2024-10-07,Terri Boyd,Kermanshah,Home Appliances,Air Conditioner,4,2000,8000
3318,2025-09-30,Lisa Maxwell,Ahvaz,Sports,Basketball,5,35,175
3319,2025-04-09,Jennifer James,Qom,Sports,Running Shoes,1,120,120
3320,2024-01-17,John Aguirre,Karaj,Home Appliances,Vacuum Cleaner,1,300,300
3321,2024-03-07,Christine Wright,Tehran,Electronics,Headphones,2,150,300
3322,2024-10-02,Nicole Barnett,Shiraz,Books,Data Science Handbook,1,60,60
3323,2024-03-09,Erica White,Ahvaz,Sports,Fitness Band,2,90,180
3324,2025-10-31,Melissa Dougherty,Tehran,Sports,Football,3,30,90
3325,2024-08-26,Michelle Taylor MD,Rasht,Books,Data Science Handbook,3,60,180
3326,2025-10-29,Scott Bell,Karaj,Home Appliances,Microwave,1,220,220
3327,2025-04-05,Anthony Werner,Qom,Home Appliances,Washing Machine,1,1500,1500
3328,2025-09-03,Anita Ortiz,Isfahan,Electronics,Headphones,4,150,600
3329,2025-09-18,Michelle Rogers,Qom,Home Appliances,Washing Machine,5,1500,7500
3330,2024-06-28,Patricia Wilson,Mashhad,Home Appliances,Air Conditioner,1,2000,2000
3331,2025-04-21,Cassandra Arnold,Tabriz,Electronics,Laptop,4,1200,4800
3332,2024-06-14,Mr. Frank Escobar,Ahvaz,Sports,Football,1,30,30
3333,2025-09-13,Rodney Lee,Isfahan,Sports,Fitness Band,4,90,360
3334,2024-08-04,Ms. Denise Nguyen,Karaj,Sports,Football,4,30,120
3335,2024-07-05,Franklin Clarke,Tabriz,Sports,Football,3,30,90
3336,2024-03-03,Michelle Carson,Tabriz,Home Appliances,Air Conditioner,5,2000,10000
3337,2025-01-09,Lindsay Foster,Tabriz,Books,Data Science Handbook,2,60,120
3338,2025-03-01,George Todd,Tabriz,Books,Data Science Handbook,5,60,300
3339,2025-10-07,Gregory Huffman,Kermanshah,Electronics,Smart Watch,5,250,1250
3340,2024-03-30,Leah Smith,Mashhad,Books,Machine Learning,3,80,240
3341,2025-04-29,Melinda Moore,Kermanshah,Electronics,Laptop,5,1200,6000
3342,2024-06-21,Gavin Parrish,Ahvaz,Sports,Running Shoes,1,120,120
3343,2024-01-20,Gabriel Johnson,Isfahan,Sports,Football,2,30,60
3344,2025-01-02,Linda Arellano,Mashhad,Books,Machine Learning,2,80,160
3345,2025-10-30,Brianna Thompson,Kermanshah,Books,Data Science Handbook,5,60,300
3346,2025-06-23,Kayla Montgomery,Isfahan,Books,Data Science Handbook,2,60,120
3347,2025-05-02,Yvonne Palmer,Ahvaz,Books,Machine Learning,5,80,400
3348,2024-08-10,Timothy Curry,Qom,Electronics,Headphones,2,150,300
3349,2025-08-14,Robyn Flores,Karaj,Electronics,Headphones,1,150,150
3350,2025-05-22,Lisa Odom,Qom,Sports,Tennis Racket,1,180,180
3351,2024-08-04,Anne Hall,Tehran,Sports,Running Shoes,3,120,360
3352,2024-02-19,Sarah Jones,Mashhad,Home Appliances,Microwave,5,220,1100
3353,2025-11-20,Mark Miller,Qom,Books,Python Programming,3,45,135
3354,2025-10-20,Scott Wallace,Ahvaz,Home Appliances,Vacuum Cleaner,3,300,900
3355,2024-03-27,Jennifer Cherry,Kermanshah,Sports,Tennis Racket,4,180,720
3356,2025-06-16,Melissa Smith,Tabriz,Electronics,Headphones,5,150,750
3357,2024-12-15,James Colon,Tabriz,Electronics,Tablet,5,500,2500
3358,2025-05-03,Rebecca Carrillo,Ahvaz,Books,Machine Learning,4,80,320
3359,2024-05-15,Brenda Hampton,Karaj,Sports,Football,2,30,60
3360,2025-10-07,Nicole Bryant,Tabriz,Books,Algorithms,1,70,70
3361,2024-01-08,Karen Schmidt,Mashhad,Home Appliances,Air Conditioner,4,2000,8000
3362,2025-02-08,Samuel Clark,Kermanshah,Sports,Tennis Racket,3,180,540
3363,2025-08-27,Drew Morris,Shiraz,Books,Python Programming,5,45,225
3364,2024-08-01,Christopher Weber,Rasht,Books,Algorithms,2,70,140
3365,2024-10-12,Wendy Maynard,Shiraz,Books,Clean Code,3,55,165
3366,2024-04-12,Johnny Gamble,Karaj,Electronics,Laptop,2,1200,2400
3367,2025-12-27,Colleen Brown,Ahvaz,Sports,Football,2,30,60
3368,2024-11-26,Gregory Whitehead,Ahvaz,Electronics,Headphones,4,150,600
3369,2025-01-30,Duane Robinson,Qom,Electronics,Smartphone,3,800,2400
3370,2024-11-29,Margaret Davidson,Rasht,Sports,Running Shoes,2,120,240
3371,2025-04-12,Seth Johns,Kermanshah,Electronics,Smartphone,3,800,2400
3372,2024-01-29,Michael Sullivan,Rasht,Books,Algorithms,2,70,140
3373,2024-02-08,Kelsey Clark,Karaj,Sports,Tennis Racket,5,180,900
3374,2024-05-25,Bryce Patel,Kermanshah,Home Appliances,Microwave,1,220,220
3375,2025-09-26,Sarah Lopez,Kermanshah,Electronics,Laptop,4,1200,4800
3376,2025-03-24,Kayla Gilmore,Karaj,Electronics,Tablet,4,500,2000
3377,2024-04-04,Jessica Summers,Isfahan,Books,Machine Learning,4,80,320
3378,2025-08-03,Mr. Gregory Atkinson II,Rasht,Books,Algorithms,5,70,350
3379,2024-12-29,Taylor Arias,Tabriz,Electronics,Laptop,5,1200,6000
3380,2025-03-29,Bonnie Taylor,Ahvaz,Electronics,Smart Watch,2,250,500
3381,2025-05-15,Marcus Chen,Isfahan,Home Appliances,Vacuum Cleaner,5,300,1500
3382,2025-08-31,Alejandra Miller,Tehran,Electronics,Smartphone,2,800,1600
3383,2025-06-26,Holly Jones,Karaj,Home Appliances,Refrigerator,4,1800,7200
3384,2025-10-20,Amy Pham,Rasht,Home Appliances,Vacuum Cleaner,5,300,1500
3385,2025-12-16,Ryan Thomas,Mashhad,Electronics,Tablet,1,500,500
3386,2024-07-14,Donald Nelson,Qom,Electronics,Smart Watch,3,250,750
3387,2025-08-15,Sara Santana,Qom,Sports,Fitness Band,4,90,360
3388,2025-07-22,James Riley,Mashhad,Sports,Fitness Band,3,90,270
3389,2025-07-06,Leslie Morales,Rasht,Sports,Fitness Band,1,90,90
3390,2024-02-10,Jack Jackson,Karaj,Electronics,Headphones,4,150,600
3391,2025-01-10,Bryan Braun,Qom,Electronics,Laptop,4,1200,4800
3392,2024-01-07,Caitlin Hartman,Karaj,Sports,Fitness Band,2,90,180
3393,2025-12-08,Terri Owens,Shiraz,Home Appliances,Microwave,4,220,880
3394,2024-09-05,Hector Barnes,Mashhad,Electronics,Smartphone,2,800,1600
3395,2025-01-24,Peter Evans,Rasht,Books,Python Programming,3,45,135
3396,2025-04-17,Lisa Moore,Qom,Electronics,Smartphone,4,800,3200
3397,2025-12-18,Mary Schwartz,Kermanshah,Home Appliances,Microwave,5,220,1100
3398,2025-10-10,Kevin Pearson,Qom,Electronics,Smart Watch,1,250,250
3399,2024-09-30,Andrew Miller,Isfahan,Sports,Running Shoes,3,120,360
3400,2025-09-19,Terri Gardner,Kermanshah,Books,Algorithms,5,70,350
3401,2025-01-11,Allison Estrada,Mashhad,Sports,Basketball,4,35,140
3402,2024-04-15,Beverly Wilson DVM,Shiraz,Electronics,Tablet,2,500,1000
3403,2024-02-15,Amanda Moore,Shiraz,Home Appliances,Microwave,3,220,660
3404,2024-06-30,Brittany Garcia,Qom,Books,Python Programming,3,45,135
3405,2024-12-19,Jennifer Walker,Mashhad,Sports,Football,5,30,150
3406,2024-09-03,Corey Summers,Kermanshah,Electronics,Tablet,4,500,2000
3407,2025-05-01,Connor White,Tabriz,Sports,Tennis Racket,5,180,900
3408,2024-04-04,Jared Richardson,Tabriz,Home Appliances,Washing Machine,3,1500,4500
3409,2025-09-21,William Mueller,Karaj,Sports,Fitness Band,5,90,450
3410,2025-04-16,Brian Lewis,Mashhad,Home Appliances,Washing Machine,5,1500,7500
3411,2025-06-08,Brenda Johnson,Tabriz,Home Appliances,Microwave,2,220,440
3412,2024-08-02,Nancy Wheeler,Ahvaz,Books,Algorithms,4,70,280
3413,2025-09-22,Joshua Wallace,Mashhad,Books,Python Programming,2,45,90
3414,2024-03-07,Veronica Gordon,Isfahan,Sports,Running Shoes,3,120,360
3415,2025-12-14,Sarah Martinez,Rasht,Electronics,Smart Watch,4,250,1000
3416,2025-10-15,Christina Parks,Isfahan,Sports,Tennis Racket,4,180,720
3417,2025-11-17,Jessica Mcdaniel,Isfahan,Sports,Basketball,4,35,140
3418,2025-08-17,Michelle Jackson,Isfahan,Home Appliances,Microwave,3,220,660
3419,2024-07-09,Rachel Hernandez,Kermanshah,Sports,Football,2,30,60
3420,2024-06-02,Paul Foster,Mashhad,Electronics,Tablet,3,500,1500
3421,2025-12-30,Jose Riley,Mashhad,Home Appliances,Air Conditioner,3,2000,6000
3422,2024-03-18,Donald Cantu,Qom,Electronics,Headphones,3,150,450
3423,2024-12-30,Leah Turner,Shiraz,Home Appliances,Vacuum Cleaner,1,300,300
3424,2025-04-30,Jenny Estes,Karaj,Home Appliances,Vacuum Cleaner,4,300,1200
3425,2025-05-17,Francisco Case,Mashhad,Electronics,Tablet,3,500,1500
3426,2025-12-05,Amanda Hunter,Ahvaz,Sports,Fitness Band,1,90,90
3427,2025-01-31,Charlene Howe,Karaj,Sports,Fitness Band,2,90,180
3428,2024-03-18,Carl Long,Karaj,Home Appliances,Microwave,4,220,880
3429,2024-12-13,Melissa Long,Kermanshah,Home Appliances,Air Conditioner,2,2000,4000
3430,2025-11-17,Heidi Campbell,Tehran,Electronics,Headphones,5,150,750
3431,2024-03-31,Michael Roberson DVM,Karaj,Electronics,Laptop,3,1200,3600
3432,2024-05-19,Eric Johnson,Rasht,Books,Clean Code,4,55,220
3433,2025-08-03,Eric Hanson,Shiraz,Sports,Running Shoes,5,120,600
3434,2024-04-13,Brittany Butler,Kermanshah,Books,Python Programming,5,45,225
3435,2025-11-19,Mrs. Anna Garcia,Tehran,Home Appliances,Vacuum Cleaner,3,300,900
3436,2024-08-31,Jeffrey Gray,Qom,Books,Data Science Handbook,4,60,240
3437,2024-08-23,Jennifer Weeks,Shiraz,Books,Clean Code,5,55,275
3438,2024-06-25,Matthew Mckinney,Kermanshah,Books,Data Science Handbook,1,60,60
3439,2024-10-19,Edward Wade,Shiraz,Books,Clean Code,2,55,110
3440,2024-05-27,Maurice Flowers,Isfahan,Sports,Football,1,30,30
3441,2024-01-09,Erik Rocha,Ahvaz,Electronics,Tablet,1,500,500
3442,2025-06-04,Cynthia Moss,Isfahan,Home Appliances,Air Conditioner,1,2000,2000
3443,2025-06-18,Bobby Shaw Jr.,Tehran,Home Appliances,Washing Machine,1,1500,1500
3444,2024-02-29,Jessica Maldonado,Rasht,Electronics,Smart Watch,2,250,500
3445,2024-08-30,Roberta Oconnor,Tabriz,Home Appliances,Microwave,5,220,1100
3446,2025-03-13,Christina Hart,Karaj,Electronics,Headphones,3,150,450
3447,2025-03-07,Nancy Williams,Rasht,Electronics,Smartphone,5,800,4000
3448,2025-02-15,Lynn Rogers,Tehran,Books,Clean Code,5,55,275
3449,2024-04-12,William Jones,Rasht,Electronics,Headphones,5,150,750
3450,2024-04-01,Keith Escobar,Tehran,Sports,Running Shoes,1,120,120
3451,2024-01-29,Mike Patton,Mashhad,Sports,Football,4,30,120
3452,2024-12-18,Natalie Fisher,Ahvaz,Books,Data Science Handbook,5,60,300
3453,2024-04-05,Taylor Johnson,Kermanshah,Books,Clean Code,1,55,55
3454,2024-08-08,Christopher Porter,Isfahan,Home Appliances,Washing Machine,1,1500,1500
3455,2025-06-17,Tyrone Perez,Tabriz,Sports,Running Shoes,3,120,360
3456,2024-12-10,Mary Roberts,Rasht,Home Appliances,Microwave,4,220,880
3457,2025-03-28,Jeffrey Rice,Ahvaz,Home Appliances,Refrigerator,1,1800,1800
3458,2024-12-17,Roger Dyer,Mashhad,Electronics,Laptop,4,1200,4800
3459,2024-01-06,Toni Jensen,Mashhad,Books,Python Programming,3,45,135
3460,2024-03-12,Adam Garcia,Tehran,Electronics,Headphones,1,150,150
3461,2024-06-23,Daniel Cook,Shiraz,Electronics,Headphones,5,150,750
3462,2025-11-07,Tara Mckenzie,Karaj,Electronics,Tablet,1,500,500
3463,2024-01-05,Alicia Williams,Tehran,Sports,Tennis Racket,4,180,720
3464,2024-02-17,Monica Carlson,Qom,Sports,Fitness Band,3,90,270
3465,2025-01-10,Angela Stephenson,Shiraz,Books,Algorithms,3,70,210
3466,2024-01-17,Ashley Nelson,Shiraz,Books,Algorithms,4,70,280
3467,2024-11-16,Eric Freeman,Kermanshah,Home Appliances,Air Conditioner,3,2000,6000
3468,2025-06-17,Mindy Carter,Rasht,Books,Algorithms,5,70,350
3469,2025-04-03,Joann Baker,Karaj,Sports,Basketball,4,35,140
3470,2024-11-14,Alicia Green,Qom,Sports,Tennis Racket,4,180,720
3471,2024-01-14,Tommy Miller,Kermanshah,Books,Python Programming,2,45,90
3472,2025-10-26,Jack Johnson,Isfahan,Books,Algorithms,5,70,350
3473,2024-08-23,James Cisneros,Tabriz,Books,Python Programming,2,45,90
3474,2024-12-20,Kathleen Hall,Karaj,Home Appliances,Vacuum Cleaner,3,300,900
3475,2025-05-21,Maria Frazier,Karaj,Home Appliances,Microwave,4,220,880
3476,2025-12-20,Jason Anderson,Karaj,Home Appliances,Vacuum Cleaner,4,300,1200
3477,2025-08-20,Larry Allen,Isfahan,Home Appliances,Vacuum Cleaner,3,300,900
3478,2024-02-05,Donald Zamora,Kermanshah,Books,Clean Code,1,55,55
3479,2024-08-18,Anthony Hardy,Qom,Home Appliances,Air Conditioner,4,2000,8000
3480,2025-01-03,Matthew Wright,Shiraz,Home Appliances,Microwave,1,220,220
3481,2024-01-12,Jason Rivera,Tehran,Home Appliances,Refrigerator,4,1800,7200
3482,2024-02-26,Bailey Smith,Isfahan,Home Appliances,Vacuum Cleaner,3,300,900
3483,2025-02-25,Christopher Moore,Tabriz,Sports,Football,3,30,90
3484,2024-09-29,Fernando Flynn,Mashhad,Electronics,Laptop,5,1200,6000
3485,2025-04-27,Ross Johnson Jr.,Shiraz,Electronics,Tablet,1,500,500
3486,2025-01-06,Carlos Mckay,Karaj,Books,Data Science Handbook,1,60,60
3487,2025-11-27,Stephanie White,Isfahan,Home Appliances,Air Conditioner,4,2000,8000
3488,2025-01-06,Tracy Alvarado,Kermanshah,Electronics,Headphones,2,150,300
3489,2025-04-03,William Taylor,Karaj,Books,Data Science Handbook,1,60,60
3490,2024-01-29,Sarah Fuentes,Rasht,Sports,Fitness Band,3,90,270
3491,2024-12-20,Walter Mitchell,Tabriz,Home Appliances,Microwave,4,220,880
3492,2024-05-31,Thomas Lee,Ahvaz,Books,Python Programming,5,45,225
3493,2025-06-11,Jordan West,Isfahan,Electronics,Headphones,5,150,750
3494,2025-07-17,Sandra Andrews,Isfahan,Electronics,Headphones,2,150,300
3495,2025-10-22,Richard Morrison,Karaj,Books,Data Science Handbook,2,60,120
3496,2024-08-15,Joseph Bell,Kermanshah,Home Appliances,Air Conditioner,5,2000,10000
3497,2025-07-13,Amanda White,Qom,Books,Data Science Handbook,4,60,240
3498,2025-06-15,Bryan Dunlap,Mashhad,Electronics,Tablet,4,500,2000
3499,2025-11-04,Ashley Hunt,Karaj,Electronics,Tablet,4,500,2000
3500,2025-03-11,Christina Levine,Mashhad,Electronics,Laptop,1,1200,1200
3501,2024-04-03,Timothy Perez,Tabriz,Electronics,Tablet,4,500,2000
3502,2024-04-24,Olivia Lopez,Isfahan,Sports,Running Shoes,2,120,240
3503,2025-11-09,George Berg,Isfahan,Books,Data Science Handbook,1,60,60
3504,2024-10-02,Jeffery Montgomery,Mashhad,Books,Algorithms,5,70,350
3505,2024-06-22,Michelle Lamb,Qom,Electronics,Laptop,2,1200,2400
3506,2024-08-29,Brianna Smith,Ahvaz,Sports,Basketball,5,35,175
3507,2024-02-07,Michael Campos,Shiraz,Sports,Running Shoes,3,120,360
3508,2025-09-01,Christopher Bell,Tehran,Home Appliances,Washing Machine,4,1500,6000
3509,2024-08-08,Christopher Rice,Shiraz,Books,Machine Learning,3,80,240
3510,2024-07-15,David Hammond,Tabriz,Books,Python Programming,3,45,135
3511,2024-12-21,David Schmidt,Rasht,Sports,Basketball,3,35,105
3512,2024-04-30,Jamie Hansen DVM,Shiraz,Electronics,Laptop,5,1200,6000
3513,2024-11-26,Rachel Lopez,Ahvaz,Home Appliances,Refrigerator,4,1800,7200
3514,2024-11-05,Christopher Mcfarland,Tehran,Sports,Football,5,30,150
3515,2025-05-20,Melanie Baker,Qom,Electronics,Tablet,5,500,2500
3516,2025-03-08,Stacy Ford,Rasht,Home Appliances,Microwave,5,220,1100
3517,2025-12-14,Matthew Strickland,Ahvaz,Electronics,Smartphone,3,800,2400
3518,2024-11-15,Andrew Edwards,Qom,Books,Python Programming,2,45,90
3519,2024-01-04,Christina Erickson,Isfahan,Books,Algorithms,1,70,70
3520,2025-08-01,Tonya Chapman,Tehran,Home Appliances,Refrigerator,3,1800,5400
3521,2024-11-18,Andre Jones,Shiraz,Books,Python Programming,5,45,225
3522,2025-03-03,Jessica Gutierrez,Shiraz,Electronics,Smart Watch,1,250,250
3523,2024-08-22,Ann Porter,Kermanshah,Books,Machine Learning,4,80,320
3524,2024-07-09,Oscar Schultz,Ahvaz,Sports,Tennis Racket,3,180,540
3525,2024-11-19,Cindy Banks,Shiraz,Books,Algorithms,3,70,210
3526,2025-10-15,Jennifer Owens,Karaj,Electronics,Tablet,4,500,2000
3527,2024-08-24,Brian Schwartz,Rasht,Books,Clean Code,3,55,165
3528,2025-04-10,Gerald Luna,Mashhad,Sports,Running Shoes,2,120,240
3529,2024-05-23,Debra White,Isfahan,Sports,Football,3,30,90
3530,2025-11-02,Matthew Wilson,Tehran,Electronics,Tablet,2,500,1000
3531,2025-08-29,Christopher Cole,Mashhad,Home Appliances,Refrigerator,1,1800,1800
3532,2025-11-17,Joshua Marshall,Isfahan,Electronics,Smartphone,4,800,3200
3533,2025-05-09,Elijah Sweeney,Tabriz,Home Appliances,Washing Machine,2,1500,3000
3534,2025-01-29,Laurie Wang,Isfahan,Books,Python Programming,4,45,180
3535,2024-10-15,James Jackson,Karaj,Electronics,Laptop,5,1200,6000
3536,2025-05-22,John Murphy,Kermanshah,Books,Clean Code,4,55,220
3537,2024-04-21,Crystal Montgomery,Mashhad,Electronics,Tablet,3,500,1500
3538,2025-12-07,Maria Rogers,Tehran,Electronics,Smartphone,4,800,3200
3539,2025-12-11,Jacob Mckee,Qom,Books,Python Programming,2,45,90
3540,2025-01-28,Jennifer Jones,Mashhad,Sports,Football,5,30,150
3541,2024-04-07,Michael Fowler,Tehran,Electronics,Tablet,4,500,2000
3542,2025-11-08,Lindsay Ball,Qom,Sports,Running Shoes,4,120,480
3543,2025-12-24,Mary Park,Tehran,Electronics,Headphones,3,150,450
3544,2025-01-07,Cassandra Gonzalez,Tabriz,Books,Python Programming,4,45,180
3545,2025-03-05,John Miller,Mashhad,Books,Data Science Handbook,2,60,120
3546,2024-08-17,Angela Ferguson,Ahvaz,Electronics,Laptop,3,1200,3600
3547,2024-02-18,Paul Smith,Kermanshah,Books,Python Programming,5,45,225
3548,2024-07-17,Elizabeth Flynn,Kermanshah,Sports,Fitness Band,3,90,270
3549,2024-05-12,Monica Guzman,Tehran,Books,Machine Learning,5,80,400
3550,2024-07-14,Laura Glover,Qom,Electronics,Smart Watch,4,250,1000
3551,2025-11-15,Johnny Ford,Tabriz,Electronics,Laptop,2,1200,2400
3552,2024-10-22,Peggy Hall DDS,Tehran,Home Appliances,Washing Machine,2,1500,3000
3553,2024-12-14,Cody Collins,Rasht,Home Appliances,Refrigerator,4,1800,7200
3554,2024-02-08,Jimmy Maldonado,Qom,Books,Machine Learning,5,80,400
3555,2024-07-01,Ryan Smith,Isfahan,Home Appliances,Microwave,1,220,220
3556,2025-05-11,Mary Smith,Qom,Electronics,Laptop,1,1200,1200
3557,2024-12-26,Wayne Patrick,Mashhad,Books,Data Science Handbook,2,60,120
3558,2025-04-06,Jennifer Larsen,Rasht,Sports,Tennis Racket,5,180,900
3559,2025-01-31,Dennis Brennan,Kermanshah,Books,Data Science Handbook,2,60,120
3560,2025-10-21,Joe Ritter,Shiraz,Sports,Running Shoes,2,120,240
3561,2024-11-24,Brenda Bell,Tabriz,Books,Clean Code,3,55,165
3562,2025-02-15,Tina Keller,Mashhad,Books,Python Programming,1,45,45
3563,2024-03-02,Helen Christian MD,Tehran,Sports,Tennis Racket,1,180,180
3564,2025-09-08,Theresa Vazquez,Rasht,Home Appliances,Air Conditioner,3,2000,6000
3565,2024-04-08,Michael Keith,Karaj,Electronics,Smart Watch,5,250,1250
3566,2025-12-01,Kristen Hampton,Kermanshah,Home Appliances,Air Conditioner,5,2000,10000
3567,2025-02-18,Mitchell Ramirez,Qom,Sports,Tennis Racket,4,180,720
3568,2024-06-30,Mary Farley,Mashhad,Home Appliances,Vacuum Cleaner,5,300,1500
3569,2025-07-31,David Long,Qom,Electronics,Headphones,3,150,450
3570,2025-07-31,James Barber,Mashhad,Home Appliances,Vacuum Cleaner,5,300,1500
3571,2025-11-06,Jason White,Shiraz,Electronics,Smart Watch,1,250,250
3572,2024-04-25,Maria Richards,Kermanshah,Sports,Basketball,3,35,105
3573,2024-08-02,Barbara Brennan,Tehran,Sports,Basketball,2,35,70
3574,2025-01-10,Alexis Jordan,Qom,Home Appliances,Vacuum Cleaner,5,300,1500
3575,2024-06-01,Nicholas Parker,Tehran,Electronics,Smartphone,2,800,1600
3576,2025-08-08,Tracy Miller,Karaj,Sports,Tennis Racket,4,180,720
3577,2025-01-16,Tonya Murphy,Kermanshah,Sports,Basketball,2,35,70
3578,2024-09-01,Michelle Bradley,Mashhad,Sports,Football,2,30,60
3579,2025-07-15,Mrs. Patricia Thomas,Qom,Books,Algorithms,5,70,350
3580,2024-03-21,Christina Price,Isfahan,Electronics,Tablet,4,500,2000
3581,2024-04-07,John Acosta,Tehran,Home Appliances,Microwave,1,220,220
3582,2025-09-01,Christina Johnson,Ahvaz,Electronics,Tablet,1,500,500
3583,2024-05-01,James Smith,Ahvaz,Books,Python Programming,2,45,90
3584,2025-11-16,Jamie Young,Tabriz,Books,Algorithms,1,70,70
3585,2025-10-04,Samantha Ward,Karaj,Sports,Fitness Band,3,90,270
3586,2025-06-11,Rebecca Brown,Qom,Sports,Running Shoes,3,120,360
3587,2025-05-16,Cameron Davis,Mashhad,Books,Python Programming,3,45,135
3588,2025-10-06,Megan Sanders,Tehran,Books,Clean Code,1,55,55
3589,2024-10-11,Krista Cruz,Karaj,Books,Clean Code,4,55,220
3590,2024-03-23,Gabriel Myers,Kermanshah,Books,Clean Code,3,55,165
3591,2025-03-19,Jill Davis,Qom,Sports,Tennis Racket,2,180,360
3592,2025-05-21,William Garcia,Ahvaz,Home Appliances,Microwave,1,220,220
3593,2025-12-19,Jennifer Yang,Mashhad,Electronics,Headphones,5,150,750
3594,2025-12-02,Jennifer Washington,Kermanshah,Books,Machine Learning,1,80,80
3595,2025-06-12,Sarah Benson,Karaj,Electronics,Smart Watch,2,250,500
3596,2024-08-17,Heather Dodson,Qom,Books,Algorithms,4,70,280
3597,2025-09-20,Joseph Bryant,Kermanshah,Home Appliances,Vacuum Cleaner,4,300,1200
3598,2025-12-09,Theresa Robinson,Rasht,Home Appliances,Washing Machine,2,1500,3000
3599,2024-07-30,Keith Dean,Kermanshah,Electronics,Smartphone,5,800,4000
3600,2025-09-04,Mark Holmes,Ahvaz,Books,Data Science Handbook,3,60,180
3601,2025-01-09,Scott Brown,Isfahan,Books,Clean Code,3,55,165
3602,2025-04-27,Andrew Gonzalez,Karaj,Books,Machine Learning,2,80,160
3603,2024-01-29,Austin Mcguire,Tehran,Sports,Running Shoes,2,120,240
3604,2025-08-13,Sharon Cook,Qom,Books,Data Science Handbook,1,60,60
3605,2025-10-26,Natalie White,Tabriz,Electronics,Tablet,3,500,1500
3606,2025-06-22,Edwin Smith,Tehran,Electronics,Tablet,4,500,2000
3607,2025-12-06,Susan Price,Mashhad,Electronics,Tablet,3,500,1500
3608,2024-04-11,Michael Schwartz,Mashhad,Home Appliances,Vacuum Cleaner,3,300,900
3609,2024-03-19,Jason Davis,Karaj,Electronics,Smart Watch,5,250,1250
3610,2025-10-23,Sabrina Hanson,Shiraz,Electronics,Smart Watch,1,250,250
3611,2025-01-04,Wendy Mccoy,Karaj,Sports,Tennis Racket,2,180,360
3612,2025-09-21,Donald Butler,Isfahan,Books,Machine Learning,1,80,80
3613,2025-09-24,Jeremy Sanders,Tabriz,Sports,Tennis Racket,4,180,720
3614,2024-11-28,Michelle Williams,Mashhad,Books,Clean Code,4,55,220
3615,2025-08-17,Angela Douglas,Rasht,Sports,Basketball,3,35,105
3616,2024-07-17,Jessica Beck,Shiraz,Books,Python Programming,5,45,225
3617,2025-08-03,Shannon Bell MD,Karaj,Home Appliances,Microwave,2,220,440
3618,2024-09-30,Patricia Chan,Rasht,Electronics,Smartphone,3,800,2400
3619,2024-04-16,Gina Cook,Isfahan,Home Appliances,Washing Machine,5,1500,7500
3620,2025-05-06,Jeffery Moyer,Karaj,Electronics,Smartphone,1,800,800
3621,2025-04-01,Nicole Reid,Shiraz,Home Appliances,Washing Machine,3,1500,4500
3622,2025-01-25,Kimberly Meadows,Ahvaz,Home Appliances,Washing Machine,5,1500,7500
3623,2025-09-02,Anthony Hunt,Isfahan,Electronics,Laptop,4,1200,4800
3624,2024-11-18,Alan Barnes,Ahvaz,Books,Algorithms,1,70,70
3625,2024-07-07,Melissa Allen,Mashhad,Sports,Basketball,4,35,140
3626,2025-06-17,Joseph Henderson,Ahvaz,Electronics,Headphones,4,150,600
3627,2025-07-14,Anne Gonzales,Mashhad,Sports,Running Shoes,1,120,120
3628,2024-07-09,Samuel Thompson,Shiraz,Home Appliances,Vacuum Cleaner,5,300,1500
3629,2024-08-17,Brian Taylor,Mashhad,Electronics,Laptop,4,1200,4800
3630,2025-12-10,Alexis Larson,Qom,Electronics,Laptop,3,1200,3600
3631,2024-06-26,Brian Adams,Shiraz,Electronics,Headphones,5,150,750
3632,2024-01-15,Scott Huber,Rasht,Home Appliances,Vacuum Cleaner,5,300,1500
3633,2024-12-15,Jackie Gill,Karaj,Electronics,Smartphone,1,800,800
3634,2025-03-24,Shannon Martinez,Isfahan,Sports,Tennis Racket,5,180,900
3635,2024-11-07,Kevin Alexander,Isfahan,Sports,Running Shoes,5,120,600
3636,2024-04-06,Patricia Parker,Karaj,Electronics,Headphones,4,150,600
3637,2024-04-11,Michael Smith,Karaj,Books,Clean Code,4,55,220
3638,2024-08-31,Nancy Ramirez,Mashhad,Books,Python Programming,2,45,90
3639,2024-07-01,Jacob Gibbs,Tehran,Books,Machine Learning,1,80,80
3640,2025-04-17,Elizabeth Charles,Tabriz,Home Appliances,Microwave,4,220,880
3641,2024-05-19,Michael Roman,Rasht,Electronics,Laptop,5,1200,6000
3642,2025-04-19,Nicole Ferguson,Qom,Sports,Tennis Racket,3,180,540
3643,2025-06-07,Joshua Smith,Qom,Home Appliances,Washing Machine,2,1500,3000
3644,2025-04-04,Stephanie Dunlap,Tabriz,Electronics,Headphones,3,150,450
3645,2025-06-03,Roger Calderon,Isfahan,Sports,Basketball,3,35,105
3646,2024-11-05,Jonathan Patel,Tabriz,Electronics,Headphones,1,150,150
3647,2024-01-30,Jared Burton,Kermanshah,Electronics,Headphones,5,150,750
3648,2024-11-13,Jerry Allen,Isfahan,Books,Data Science Handbook,5,60,300
3649,2024-05-20,Glenn Delgado,Tabriz,Sports,Basketball,2,35,70
3650,2024-08-23,Kimberly Brown,Ahvaz,Home Appliances,Washing Machine,2,1500,3000
3651,2024-07-31,Sydney Cox,Qom,Sports,Basketball,3,35,105
3652,2025-04-09,Brian Blackwell,Shiraz,Sports,Tennis Racket,2,180,360
3653,2025-03-31,Robert Mathis,Tabriz,Books,Algorithms,5,70,350
3654,2024-01-22,Tiffany Smith,Rasht,Home Appliances,Vacuum Cleaner,4,300,1200
3655,2024-09-03,Linda Odonnell,Rasht,Home Appliances,Refrigerator,1,1800,1800
3656,2025-10-30,Joe Miller,Tehran,Home Appliances,Refrigerator,2,1800,3600
3657,2024-09-30,Jennifer Mendoza MD,Tabriz,Sports,Running Shoes,3,120,360
3658,2025-04-15,Matthew Bryan,Karaj,Sports,Running Shoes,3,120,360
3659,2024-07-12,John Bates,Tehran,Home Appliances,Washing Machine,5,1500,7500
3660,2024-07-10,Christopher Dawson,Mashhad,Books,Data Science Handbook,2,60,120
3661,2025-01-21,Brian Rios,Karaj,Home Appliances,Refrigerator,5,1800,9000
3662,2024-03-31,Daniel Charles,Tehran,Electronics,Headphones,2,150,300
3663,2024-12-17,Maria Luna,Kermanshah,Electronics,Headphones,1,150,150
3664,2024-11-07,Daniel Blanchard,Isfahan,Sports,Basketball,1,35,35
3665,2025-09-12,Miguel Miller,Mashhad,Home Appliances,Washing Machine,2,1500,3000
3666,2025-03-08,David Williams,Shiraz,Home Appliances,Washing Machine,1,1500,1500
3667,2024-09-28,William Bradley,Mashhad,Electronics,Headphones,5,150,750
3668,2025-12-10,Christopher Andrade,Shiraz,Electronics,Laptop,3,1200,3600
3669,2025-12-23,Benjamin Cortez,Shiraz,Sports,Football,3,30,90
3670,2024-06-22,Kaitlyn Kim,Rasht,Home Appliances,Microwave,2,220,440
3671,2024-09-13,Jillian Smith,Tehran,Sports,Football,2,30,60
3672,2024-08-09,Christopher Cox,Tabriz,Sports,Tennis Racket,1,180,180
3673,2025-12-02,Christopher Valencia,Karaj,Home Appliances,Microwave,2,220,440
3674,2025-09-08,Elizabeth Gill,Qom,Books,Algorithms,5,70,350
3675,2025-03-09,Erik Wilson,Isfahan,Home Appliances,Vacuum Cleaner,2,300,600
3676,2024-11-12,Tammy Woods,Karaj,Home Appliances,Microwave,4,220,880
3677,2025-12-09,Spencer Bowen,Shiraz,Home Appliances,Microwave,3,220,660
3678,2024-12-29,Jonathan Levine MD,Tabriz,Home Appliances,Air Conditioner,2,2000,4000
3679,2024-12-18,Diane Estrada,Rasht,Electronics,Smart Watch,1,250,250
3680,2024-04-01,Steven Banks,Karaj,Books,Python Programming,2,45,90
3681,2024-01-13,Angela Ray,Tehran,Sports,Tennis Racket,2,180,360
3682,2024-11-07,Gary Fuller,Tabriz,Books,Clean Code,2,55,110
3683,2024-04-17,James Ferguson,Mashhad,Books,Clean Code,4,55,220
3684,2024-06-03,Catherine Mayer,Isfahan,Home Appliances,Air Conditioner,4,2000,8000
3685,2024-10-07,Matthew Foster,Karaj,Sports,Fitness Band,5,90,450
3686,2024-06-21,Matthew Trujillo,Kermanshah,Home Appliances,Air Conditioner,3,2000,6000
3687,2024-10-07,Sonya Cunningham,Rasht,Sports,Fitness Band,5,90,450
3688,2024-12-26,Maria Carter,Shiraz,Electronics,Smart Watch,5,250,1250
3689,2025-10-22,Isabella Baker,Isfahan,Sports,Basketball,4,35,140
3690,2024-01-09,Jennifer Saunders,Isfahan,Books,Algorithms,4,70,280
3691,2025-06-05,Tyler Drake,Qom,Books,Python Programming,3,45,135
3692,2025-11-19,David Jones,Ahvaz,Electronics,Tablet,5,500,2500
3693,2024-11-16,David Vasquez,Rasht,Electronics,Smart Watch,4,250,1000
3694,2024-03-25,Kevin Huffman,Shiraz,Electronics,Headphones,5,150,750
3695,2025-05-20,Robin Wright,Tehran,Electronics,Tablet,3,500,1500
3696,2025-03-22,Roy Johnson,Kermanshah,Sports,Running Shoes,3,120,360
3697,2025-12-04,Ethan Hughes,Ahvaz,Electronics,Smartphone,4,800,3200
3698,2025-08-27,Nicole Leach,Shiraz,Sports,Football,5,30,150
3699,2024-06-10,Philip Crane,Tehran,Electronics,Laptop,4,1200,4800
3700,2024-08-19,Jordan Beard,Karaj,Electronics,Smart Watch,3,250,750
3701,2024-05-09,Nancy Richardson,Shiraz,Books,Algorithms,5,70,350
3702,2025-12-28,Patrick Parrish,Rasht,Sports,Fitness Band,4,90,360
3703,2025-04-24,Thomas Landry,Tehran,Home Appliances,Air Conditioner,2,2000,4000
3704,2025-07-09,Jose Martin,Tabriz,Sports,Running Shoes,4,120,480
3705,2024-03-09,Michael Morris,Ahvaz,Sports,Fitness Band,1,90,90
3706,2025-06-16,Alison Stark,Tehran,Books,Python Programming,1,45,45
3707,2025-08-21,Shawn Torres,Karaj,Sports,Fitness Band,5,90,450
3708,2025-09-16,David Hudson,Tehran,Home Appliances,Microwave,1,220,220
3709,2024-02-18,Valerie Bruce,Karaj,Sports,Fitness Band,4,90,360
3710,2024-09-07,Matthew Jordan,Ahvaz,Electronics,Laptop,3,1200,3600
3711,2025-05-31,Tony Glover,Qom,Books,Data Science Handbook,2,60,120
3712,2024-09-14,Charles Rios,Karaj,Sports,Tennis Racket,3,180,540
3713,2024-08-02,Robert Willis,Tehran,Home Appliances,Microwave,1,220,220
3714,2024-05-05,Pamela Neal,Isfahan,Sports,Fitness Band,1,90,90
3715,2024-07-22,Terry Parsons,Shiraz,Home Appliances,Refrigerator,5,1800,9000
3716,2025-09-04,Brian Davis,Rasht,Electronics,Laptop,5,1200,6000
3717,2024-06-16,Reginald Dixon,Tabriz,Books,Clean Code,4,55,220
3718,2025-04-11,Katherine Khan,Rasht,Books,Machine Learning,2,80,160
3719,2024-11-10,John Murray,Shiraz,Home Appliances,Microwave,5,220,1100
3720,2025-02-12,Tyrone Kennedy,Karaj,Sports,Basketball,2,35,70
3721,2025-10-09,Kelsey Cowan,Rasht,Home Appliances,Microwave,3,220,660
3722,2025-11-16,Wendy Gardner,Rasht,Home Appliances,Air Conditioner,2,2000,4000
3723,2025-07-19,Pamela Charles,Shiraz,Home Appliances,Air Conditioner,1,2000,2000
3724,2024-02-04,Tanya Frost,Mashhad,Home Appliances,Refrigerator,1,1800,1800
3725,2024-12-31,Shari Hopkins,Mashhad,Books,Data Science Handbook,2,60,120
3726,2025-06-23,Timothy Haas,Tehran,Home Appliances,Vacuum Cleaner,4,300,1200
3727,2024-08-27,Danielle Smith,Rasht,Electronics,Headphones,4,150,600
3728,2024-09-09,Raymond Watson,Ahvaz,Sports,Tennis Racket,2,180,360
3729,2024-09-14,Leslie Mccarthy,Tehran,Electronics,Tablet,3,500,1500
3730,2024-12-25,Louis Vazquez,Rasht,Home Appliances,Washing Machine,1,1500,1500
3731,2024-07-20,Jeffrey Miller,Mashhad,Books,Clean Code,1,55,55
3732,2024-11-06,Toni Brooks,Tehran,Electronics,Tablet,2,500,1000
3733,2024-11-24,Amy Day,Tabriz,Electronics,Smartphone,5,800,4000
3734,2024-08-07,Katrina Shelton,Shiraz,Electronics,Smart Watch,4,250,1000
3735,2024-11-18,Deborah Garcia,Mashhad,Sports,Football,2,30,60
3736,2025-01-31,Scott Wilcox,Mashhad,Sports,Running Shoes,1,120,120
3737,2024-04-25,Richard Lopez,Tabriz,Home Appliances,Washing Machine,1,1500,1500
3738,2024-06-21,Matthew Alvarado,Karaj,Books,Python Programming,3,45,135
3739,2024-11-08,Erica Miller,Tabriz,Home Appliances,Vacuum Cleaner,2,300,600
3740,2025-03-04,Jason Palmer,Kermanshah,Electronics,Headphones,3,150,450
3741,2024-03-20,Zachary Morris,Tabriz,Sports,Basketball,1,35,35
3742,2025-03-21,Shirley Harris,Mashhad,Electronics,Headphones,2,150,300
3743,2025-03-11,Kimberly Coleman,Tabriz,Home Appliances,Microwave,3,220,660
3744,2024-08-25,Cathy Love,Isfahan,Books,Clean Code,2,55,110
3745,2024-08-06,Shane Greene,Rasht,Books,Clean Code,3,55,165
3746,2025-06-02,Travis Miller,Tehran,Sports,Basketball,3,35,105
3747,2024-07-07,Christopher White,Mashhad,Books,Data Science Handbook,3,60,180
3748,2024-05-07,Joseph Hicks,Ahvaz,Home Appliances,Microwave,4,220,880
3749,2025-09-20,Francisco Burton,Qom,Electronics,Smart Watch,1,250,250
3750,2024-04-07,Anthony Kramer,Kermanshah,Books,Algorithms,1,70,70
3751,2025-02-27,Sarah Vazquez,Tehran,Sports,Basketball,2,35,70
3752,2025-12-22,Dawn Powell,Isfahan,Books,Clean Code,4,55,220
3753,2024-02-24,Matthew Sanford,Tehran,Sports,Basketball,4,35,140
3754,2024-11-19,Gregory Lara,Kermanshah,Books,Clean Code,3,55,165
3755,2024-06-20,John Wilkins,Isfahan,Electronics,Laptop,3,1200,3600
3756,2025-07-18,Felicia Cox,Qom,Books,Python Programming,2,45,90
3757,2025-11-04,Carlos Jordan,Tehran,Home Appliances,Microwave,4,220,880
3758,2025-05-17,Angel Mejia,Kermanshah,Electronics,Tablet,1,500,500
3759,2025-05-26,Shannon Vazquez,Karaj,Electronics,Headphones,5,150,750
3760,2024-10-11,Shelley Mason,Rasht,Books,Algorithms,3,70,210
3761,2025-06-14,Michael Colon,Ahvaz,Electronics,Tablet,3,500,1500
3762,2025-08-23,Dennis Flores,Karaj,Sports,Football,5,30,150
3763,2024-09-07,Kelly Alvarez,Karaj,Sports,Tennis Racket,5,180,900
3764,2024-07-16,Amanda Williams,Ahvaz,Sports,Running Shoes,3,120,360
3765,2024-03-09,Joel Lopez,Rasht,Electronics,Headphones,3,150,450
3766,2025-08-09,Justin Peterson,Rasht,Sports,Fitness Band,3,90,270
3767,2024-12-12,Noah Ramos,Rasht,Electronics,Smartphone,5,800,4000
3768,2024-01-13,Christina Barrera,Tabriz,Home Appliances,Refrigerator,4,1800,7200
3769,2024-05-04,David Gutierrez,Karaj,Books,Clean Code,4,55,220
3770,2025-01-02,Jessica Walton,Mashhad,Sports,Fitness Band,5,90,450
3771,2025-08-17,Amy Howe,Shiraz,Sports,Basketball,4,35,140
3772,2024-08-05,Sara Stanley,Mashhad,Electronics,Tablet,2,500,1000
3773,2024-04-16,Joel Stephens,Shiraz,Electronics,Laptop,2,1200,2400
3774,2025-04-09,Megan Vazquez,Ahvaz,Books,Python Programming,3,45,135
3775,2025-07-16,William Gray,Karaj,Electronics,Smartphone,5,800,4000
3776,2024-11-26,Russell Arellano,Isfahan,Books,Algorithms,4,70,280
3777,2025-09-04,Anna Day,Ahvaz,Books,Data Science Handbook,3,60,180
3778,2025-07-08,Thomas Wilson,Mashhad,Home Appliances,Air Conditioner,5,2000,10000
3779,2024-02-18,Helen Harper,Tabriz,Books,Clean Code,3,55,165
3780,2025-10-07,Dana Mcdonald,Shiraz,Home Appliances,Refrigerator,1,1800,1800
3781,2024-07-09,Cassandra Frost,Karaj,Books,Clean Code,4,55,220
3782,2025-08-04,Crystal Ferguson,Karaj,Books,Python Programming,3,45,135
3783,2025-11-28,Jill Patel,Karaj,Home Appliances,Air Conditioner,2,2000,4000
3784,2024-05-28,Cindy Cannon,Ahvaz,Sports,Running Shoes,3,120,360
3785,2025-12-14,Richard Middleton,Mashhad,Books,Clean Code,5,55,275
3786,2025-10-02,Timothy Potts,Tehran,Electronics,Headphones,1,150,150
3787,2025-04-29,Olivia Anderson,Tehran,Sports,Basketball,2,35,70
3788,2025-01-20,Juan Oneal,Karaj,Home Appliances,Washing Machine,1,1500,1500
3789,2024-08-06,Bradley Burton,Mashhad,Sports,Running Shoes,4,120,480
3790,2025-04-16,Eduardo Morris,Rasht,Books,Python Programming,1,45,45
3791,2025-07-13,Ashley Hill,Kermanshah,Home Appliances,Washing Machine,4,1500,6000
3792,2025-06-14,Bonnie Chavez,Rasht,Electronics,Smart Watch,2,250,500
3793,2024-02-24,Keith Murphy,Mashhad,Sports,Tennis Racket,2,180,360
3794,2025-05-01,Barbara Cobb,Kermanshah,Home Appliances,Refrigerator,2,1800,3600
3795,2024-01-16,Bailey Hernandez,Mashhad,Books,Python Programming,3,45,135
3796,2025-05-13,Hailey Owens,Shiraz,Sports,Running Shoes,5,120,600
3797,2024-02-16,Jeremy Moreno,Rasht,Books,Python Programming,4,45,180
3798,2025-10-10,Steven Owen,Isfahan,Home Appliances,Air Conditioner,3,2000,6000
3799,2025-07-10,Nicholas Carr,Rasht,Books,Clean Code,2,55,110
3800,2025-03-16,Randy Combs,Rasht,Books,Clean Code,1,55,55
3801,2024-11-17,Donald Hammond,Isfahan,Electronics,Smart Watch,3,250,750
3802,2025-05-22,Jennifer Smith,Mashhad,Home Appliances,Refrigerator,3,1800,5400
3803,2025-02-13,Victoria Reyes,Tehran,Electronics,Headphones,1,150,150
3804,2024-05-26,Charles Sparks,Mashhad,Home Appliances,Microwave,1,220,220
3805,2024-07-15,Phillip Joseph,Qom,Electronics,Laptop,1,1200,1200
3806,2024-05-24,Jeremy Vincent,Karaj,Sports,Basketball,3,35,105
3807,2024-04-08,Joseph Duncan,Tehran,Books,Algorithms,1,70,70
3808,2024-02-11,Loretta Mcgrath,Karaj,Home Appliances,Vacuum Cleaner,1,300,300
3809,2024-09-29,Judy Jones,Shiraz,Books,Machine Learning,2,80,160
3810,2025-06-10,James Jackson,Isfahan,Books,Data Science Handbook,1,60,60
3811,2024-04-03,Amy Hughes,Tabriz,Sports,Running Shoes,3,120,360
3812,2025-07-13,Marie Butler,Shiraz,Sports,Tennis Racket,4,180,720
3813,2025-01-15,Ryan Smith,Tehran,Sports,Basketball,3,35,105
3814,2025-05-20,Devin Gilmore,Tabriz,Sports,Running Shoes,4,120,480
3815,2024-07-03,Matthew Hayes,Rasht,Sports,Tennis Racket,2,180,360
3816,2025-09-01,Kelsey Salazar,Mashhad,Sports,Tennis Racket,1,180,180
3817,2024-10-14,Norman Howe,Shiraz,Sports,Basketball,2,35,70
3818,2025-05-27,Justin Gonzales,Rasht,Home Appliances,Microwave,5,220,1100
3819,2024-10-22,Stephen Austin,Isfahan,Sports,Football,1,30,30
3820,2025-09-10,Summer Mccarthy,Karaj,Home Appliances,Vacuum Cleaner,3,300,900
3821,2024-09-16,Ronnie Baker,Ahvaz,Electronics,Laptop,2,1200,2400
3822,2024-05-01,Dennis Bishop,Tehran,Books,Python Programming,3,45,135
3823,2024-07-20,Mikayla Hogan,Tabriz,Electronics,Smart Watch,2,250,500
3824,2024-03-23,Travis Mcguire,Qom,Electronics,Tablet,2,500,1000
3825,2024-03-18,Ms. Elizabeth Ferrell DDS,Isfahan,Home Appliances,Refrigerator,5,1800,9000
3826,2024-11-01,Megan Benitez,Rasht,Sports,Fitness Band,2,90,180
3827,2025-03-09,Justin Moore,Tabriz,Books,Algorithms,2,70,140
3828,2024-01-28,Michael Hill,Ahvaz,Books,Python Programming,1,45,45
3829,2024-08-13,Melissa Aguilar,Rasht,Home Appliances,Air Conditioner,3,2000,6000
3830,2025-12-17,Sheena Carson,Ahvaz,Home Appliances,Vacuum Cleaner,4,300,1200
3831,2025-12-12,Stephen Roth,Ahvaz,Books,Clean Code,2,55,110
3832,2025-04-02,Alexandria Mccarthy,Ahvaz,Sports,Tennis Racket,5,180,900
3833,2025-05-05,Derek Wilson,Tabriz,Home Appliances,Vacuum Cleaner,5,300,1500
3834,2024-10-14,Glenn Salazar,Mashhad,Books,Python Programming,1,45,45
3835,2025-06-15,Deanna Ramsey,Rasht,Sports,Tennis Racket,5,180,900
3836,2024-09-13,Angel Francis,Mashhad,Books,Machine Learning,1,80,80
3837,2025-03-15,Timothy Spencer,Shiraz,Sports,Tennis Racket,1,180,180
3838,2024-03-27,Jerry Brown,Karaj,Sports,Football,1,30,30
3839,2025-08-02,Eric Romero,Tabriz,Electronics,Smartphone,5,800,4000
3840,2024-06-12,Kimberly Hughes,Kermanshah,Sports,Basketball,4,35,140
3841,2025-05-06,Samuel Moore,Tehran,Home Appliances,Washing Machine,2,1500,3000
3842,2024-05-14,Amanda Craig,Karaj,Electronics,Tablet,1,500,500
3843,2025-05-29,Natalie Donaldson,Karaj,Sports,Basketball,1,35,35
3844,2025-06-16,Micheal Briggs,Ahvaz,Sports,Football,5,30,150
3845,2025-08-30,Christina Newman,Ahvaz,Sports,Running Shoes,4,120,480
3846,2025-06-07,James Miller,Mashhad,Sports,Tennis Racket,5,180,900
3847,2024-07-14,Laura Logan,Ahvaz,Home Appliances,Vacuum Cleaner,2,300,600
3848,2025-03-07,Christina Jones,Kermanshah,Home Appliances,Air Conditioner,5,2000,10000
3849,2025-02-08,Susan Sharp,Shiraz,Electronics,Headphones,3,150,450
3850,2024-05-28,Steven Woods,Qom,Books,Algorithms,4,70,280
3851,2024-08-04,Timothy Martinez,Mashhad,Sports,Football,2,30,60
3852,2024-04-06,Jennifer Cervantes,Mashhad,Electronics,Headphones,3,150,450
3853,2024-07-02,Jeffrey Jackson,Ahvaz,Books,Algorithms,3,70,210
3854,2025-06-04,Gina Yang,Tabriz,Books,Data Science Handbook,4,60,240
3855,2024-12-04,Joseph Barber,Tabriz,Sports,Fitness Band,3,90,270
3856,2025-04-01,Holly Pierce,Tabriz,Electronics,Tablet,4,500,2000
3857,2025-02-21,Jessica Edwards,Kermanshah,Home Appliances,Microwave,5,220,1100
3858,2025-11-07,Mckenzie Lee,Rasht,Home Appliances,Washing Machine,1,1500,1500
3859,2024-01-24,Mandy Guzman,Isfahan,Home Appliances,Microwave,2,220,440
3860,2025-05-06,Nicholas Duke,Karaj,Electronics,Smart Watch,3,250,750
3861,2025-09-04,Taylor Patton,Shiraz,Sports,Football,2,30,60
3862,2024-10-23,Benjamin Wolf,Shiraz,Electronics,Laptop,4,1200,4800
3863,2024-01-23,Nicole Lee,Qom,Electronics,Laptop,4,1200,4800
3864,2024-01-13,Donna Wade,Rasht,Books,Algorithms,1,70,70
3865,2024-08-17,Keith Wilson,Kermanshah,Electronics,Laptop,1,1200,1200
3866,2025-08-02,Gregory Marsh,Mashhad,Books,Algorithms,2,70,140
3867,2025-11-03,Savannah Wilson,Ahvaz,Sports,Tennis Racket,4,180,720
3868,2024-03-21,Henry Finley,Mashhad,Books,Clean Code,3,55,165
3869,2024-06-27,Jamie Reeves,Karaj,Sports,Fitness Band,5,90,450
3870,2025-08-19,Amanda Ellis,Isfahan,Books,Clean Code,2,55,110
3871,2024-10-11,Jeffrey Harris,Shiraz,Sports,Football,5,30,150
3872,2024-02-09,Sherri Fowler,Karaj,Home Appliances,Washing Machine,2,1500,3000
3873,2025-01-20,Sarah Wilkinson,Ahvaz,Home Appliances,Air Conditioner,2,2000,4000
3874,2025-11-06,Michael Lamb,Rasht,Home Appliances,Air Conditioner,3,2000,6000
3875,2024-10-06,Stephanie Cruz,Isfahan,Books,Data Science Handbook,2,60,120
3876,2025-07-29,Louis Munoz,Shiraz,Books,Algorithms,3,70,210
3877,2025-11-11,Michael Baker,Ahvaz,Electronics,Headphones,2,150,300
3878,2025-03-01,Crystal Wilson,Shiraz,Books,Clean Code,4,55,220
3879,2025-01-08,Ronald Freeman,Karaj,Home Appliances,Washing Machine,4,1500,6000
3880,2025-04-30,Aaron Diaz,Mashhad,Sports,Basketball,2,35,70
3881,2025-10-24,Mary Brooks,Qom,Books,Clean Code,4,55,220
3882,2024-04-08,Jasmine Moore,Isfahan,Sports,Football,2,30,60
3883,2025-07-30,John Singleton,Tehran,Electronics,Tablet,4,500,2000
3884,2025-11-22,Kelli Mann,Kermanshah,Books,Machine Learning,2,80,160
3885,2024-02-29,Katelyn Brown,Tehran,Books,Python Programming,2,45,90
3886,2024-02-01,Wanda Jenkins,Mashhad,Books,Algorithms,3,70,210
3887,2024-09-01,Michael Obrien,Ahvaz,Home Appliances,Microwave,3,220,660
3888,2025-01-21,Robert Dunn,Mashhad,Home Appliances,Microwave,5,220,1100
3889,2024-04-23,Tyler Wagner,Isfahan,Electronics,Smart Watch,4,250,1000
3890,2024-05-06,Tamara Nixon,Mashhad,Electronics,Smartphone,1,800,800
3891,2025-07-29,Jasmine Leonard,Karaj,Home Appliances,Washing Machine,3,1500,4500
3892,2025-08-05,Jessica Miranda,Karaj,Electronics,Smart Watch,1,250,250
3893,2024-03-28,Brandi Garza,Mashhad,Books,Algorithms,2,70,140
3894,2025-12-28,Derek Rivera,Kermanshah,Electronics,Tablet,4,500,2000
3895,2025-12-04,Maria Carter,Mashhad,Sports,Fitness Band,1,90,90
3896,2025-03-31,Jeremy Benjamin,Qom,Sports,Basketball,4,35,140
3897,2024-09-23,William Black,Tehran,Sports,Running Shoes,2,120,240
3898,2024-10-03,Craig Patterson,Tabriz,Home Appliances,Vacuum Cleaner,1,300,300
3899,2025-10-07,Mary Williams,Mashhad,Home Appliances,Vacuum Cleaner,2,300,600
3900,2025-11-24,Melanie Francis,Shiraz,Electronics,Smartphone,1,800,800
3901,2025-05-02,Nancy Garcia,Shiraz,Home Appliances,Microwave,3,220,660
3902,2025-08-19,Mrs. Robin Harmon,Karaj,Books,Clean Code,3,55,165
3903,2025-04-25,Jennifer Reed,Kermanshah,Electronics,Smartphone,5,800,4000
3904,2025-06-20,Theresa Curtis,Isfahan,Books,Python Programming,1,45,45
3905,2024-03-14,Anne Hill,Mashhad,Sports,Running Shoes,2,120,240
3906,2025-07-25,Lisa James,Mashhad,Sports,Running Shoes,5,120,600
3907,2025-03-23,Tonya Russo,Rasht,Home Appliances,Washing Machine,2,1500,3000
3908,2025-11-09,Sandra Martin,Isfahan,Home Appliances,Air Conditioner,1,2000,2000
3909,2024-02-26,Deanna Black,Kermanshah,Books,Machine Learning,3,80,240
3910,2025-03-07,Dennis Mckee Jr.,Shiraz,Home Appliances,Washing Machine,2,1500,3000
3911,2024-03-28,Joel Lindsey,Kermanshah,Electronics,Smartphone,2,800,1600
3912,2025-03-06,David Jones,Isfahan,Sports,Tennis Racket,1,180,180
3913,2024-12-25,Craig Moore,Tehran,Home Appliances,Vacuum Cleaner,5,300,1500
3914,2024-10-25,Javier Romero,Kermanshah,Home Appliances,Microwave,2,220,440
3915,2024-08-25,Johnny Miller,Kermanshah,Sports,Running Shoes,3,120,360
3916,2024-07-17,Katie Lewis,Qom,Books,Data Science Handbook,5,60,300
3917,2024-11-23,Joseph Key,Ahvaz,Books,Python Programming,1,45,45
3918,2025-12-05,Christopher Nunez,Qom,Sports,Tennis Racket,2,180,360
3919,2025-08-21,Mr. John Ritter,Tabriz,Home Appliances,Air Conditioner,4,2000,8000
3920,2025-11-07,Tabitha Sandoval,Tabriz,Books,Python Programming,3,45,135
3921,2024-06-23,Sarah Miller,Shiraz,Home Appliances,Vacuum Cleaner,5,300,1500
3922,2025-10-31,Valerie Tapia,Tabriz,Sports,Football,1,30,30
3923,2024-12-02,Ian Lewis,Karaj,Electronics,Smart Watch,4,250,1000
3924,2024-08-01,Crystal Spence,Shiraz,Electronics,Headphones,3,150,450
3925,2025-12-19,Alicia Berry,Tehran,Sports,Tennis Racket,3,180,540
3926,2024-10-03,Vickie Alexander,Shiraz,Electronics,Tablet,5,500,2500
3927,2025-04-11,Crystal Jennings,Isfahan,Sports,Football,5,30,150
3928,2025-08-31,Victoria Roberts,Tabriz,Sports,Tennis Racket,5,180,900
3929,2024-10-05,Holly Wilson,Kermanshah,Electronics,Tablet,2,500,1000
3930,2025-01-17,Mark Murray,Mashhad,Sports,Running Shoes,1,120,120
3931,2025-06-13,James Gregory,Tehran,Electronics,Smartphone,5,800,4000
3932,2024-01-20,John Kelly,Rasht,Books,Python Programming,4,45,180
3933,2024-04-12,Holly Long,Tehran,Books,Machine Learning,1,80,80
3934,2024-07-25,Samuel Marsh,Mashhad,Sports,Running Shoes,1,120,120
3935,2024-12-19,Lisa Chapman,Tabriz,Home Appliances,Microwave,3,220,660
3936,2024-07-09,Catherine Pearson,Shiraz,Sports,Fitness Band,3,90,270
3937,2025-09-02,Kathleen Petersen,Qom,Home Appliances,Refrigerator,4,1800,7200
3938,2025-03-28,Kristi Smith,Ahvaz,Sports,Running Shoes,5,120,600
3939,2025-03-31,David Leon,Shiraz,Sports,Basketball,3,35,105
3940,2025-10-12,Nicholas Haas,Rasht,Electronics,Smartphone,2,800,1600
3941,2024-10-20,Derek Davis,Shiraz,Books,Data Science Handbook,5,60,300
3942,2025-08-11,Justin Norman,Karaj,Books,Clean Code,1,55,55
3943,2024-05-19,Christine Robbins,Isfahan,Sports,Running Shoes,1,120,120
3944,2025-03-17,Lisa Page,Shiraz,Electronics,Laptop,1,1200,1200
3945,2025-07-15,Jenna Hanson,Kermanshah,Electronics,Smart Watch,4,250,1000
3946,2025-11-09,Jennifer Monroe,Rasht,Books,Machine Learning,5,80,400
3947,2025-02-25,Devin Carter,Karaj,Home Appliances,Microwave,5,220,1100
3948,2024-05-30,Cheyenne Jones,Ahvaz,Home Appliances,Vacuum Cleaner,4,300,1200
3949,2024-08-10,Heather Willis,Tabriz,Sports,Running Shoes,5,120,600
3950,2025-09-10,Alexa Farmer,Isfahan,Books,Algorithms,2,70,140
3951,2025-08-30,Ashley Ramsey,Rasht,Electronics,Smart Watch,4,250,1000
3952,2025-07-21,Daniel Mendoza,Karaj,Home Appliances,Washing Machine,1,1500,1500
3953,2025-12-09,Jenny Mcconnell,Karaj,Books,Clean Code,4,55,220
3954,2024-02-18,Julie Jones,Rasht,Books,Clean Code,5,55,275
3955,2024-02-19,Diane Williams,Qom,Sports,Tennis Racket,1,180,180
3956,2024-06-17,Karen Stephens,Mashhad,Sports,Tennis Racket,2,180,360
3957,2024-03-30,Phillip Webster,Rasht,Sports,Running Shoes,3,120,360
3958,2025-08-06,Hunter Johnson,Tehran,Books,Python Programming,4,45,180
3959,2024-02-02,Katelyn Brown MD,Tabriz,Home Appliances,Microwave,4,220,880
3960,2025-08-17,Tyler Aguilar,Tehran,Sports,Tennis Racket,2,180,360
3961,2025-10-22,David Allen,Rasht,Home Appliances,Microwave,3,220,660
3962,2024-01-14,Alexander Wilson,Qom,Home Appliances,Washing Machine,1,1500,1500
3963,2025-11-13,Melissa Williams,Kermanshah,Books,Machine Learning,2,80,160
3964,2024-04-18,Erin Moore,Qom,Home Appliances,Refrigerator,4,1800,7200
3965,2024-09-23,Jeffery Allen,Tabriz,Home Appliances,Washing Machine,1,1500,1500
3966,2025-10-23,Jessica Ramirez,Isfahan,Electronics,Smart Watch,5,250,1250
3967,2024-06-06,Courtney Butler,Ahvaz,Sports,Football,2,30,60
3968,2025-05-02,Mr. Jonathan Lewis,Tabriz,Electronics,Tablet,5,500,2500
3969,2025-10-02,Arthur Tran,Ahvaz,Electronics,Laptop,1,1200,1200
3970,2024-01-17,Terry Richards,Kermanshah,Electronics,Smart Watch,4,250,1000
3971,2025-07-21,Nicholas Perry,Karaj,Electronics,Laptop,2,1200,2400
3972,2025-04-15,Melissa Peterson,Karaj,Electronics,Smartphone,3,800,2400
3973,2024-05-01,Karen Fox,Isfahan,Home Appliances,Microwave,1,220,220
3974,2024-10-13,William Bush,Mashhad,Electronics,Laptop,5,1200,6000
3975,2025-05-26,Jeffery Reed,Rasht,Electronics,Smart Watch,4,250,1000
3976,2024-12-21,David Burns,Ahvaz,Books,Python Programming,3,45,135
3977,2025-12-06,Christian Choi,Isfahan,Electronics,Smartphone,5,800,4000
3978,2025-01-22,Gregory Ortiz,Rasht,Electronics,Smart Watch,1,250,250
3979,2025-01-03,Terry Barnett,Ahvaz,Sports,Running Shoes,4,120,480
3980,2025-02-17,Carrie Taylor,Isfahan,Electronics,Tablet,4,500,2000
3981,2024-02-09,Cynthia Fuller,Isfahan,Books,Clean Code,3,55,165
3982,2024-05-29,Eric Shaw,Rasht,Books,Clean Code,5,55,275
3983,2025-02-28,Lauren Larsen,Tehran,Electronics,Headphones,4,150,600
3984,2024-08-16,Taylor Brock,Isfahan,Sports,Running Shoes,4,120,480
3985,2025-08-09,Ashley Mckay,Rasht,Books,Data Science Handbook,4,60,240
3986,2025-02-03,Ryan Ramirez,Qom,Electronics,Laptop,3,1200,3600
3987,2025-12-07,Gregory Woodward,Shiraz,Home Appliances,Refrigerator,3,1800,5400
3988,2025-06-26,John Gardner,Tehran,Books,Machine Learning,1,80,80
3989,2025-04-10,Jack Reynolds,Karaj,Sports,Tennis Racket,3,180,540
3990,2025-11-29,Michelle Gonzalez,Isfahan,Home Appliances,Microwave,2,220,440
3991,2025-05-28,John Marquez,Kermanshah,Books,Clean Code,3,55,165
3992,2025-06-28,Michael Lang,Isfahan,Sports,Tennis Racket,5,180,900
3993,2025-11-06,Victoria Johnson,Rasht,Home Appliances,Refrigerator,2,1800,3600
3994,2024-08-01,Darren Black,Qom,Electronics,Laptop,3,1200,3600
3995,2025-09-03,Ashley Edwards,Ahvaz,Books,Data Science Handbook,2,60,120
3996,2025-10-16,Jennifer Taylor DVM,Karaj,Sports,Fitness Band,1,90,90
3997,2025-05-18,Christopher Hays,Rasht,Sports,Basketball,2,35,70
3998,2024-07-08,Aaron Carter,Tabriz,Sports,Running Shoes,1,120,120
3999,2024-03-26,Jason Burgess,Tabriz,Home Appliances,Vacuum Cleaner,5,300,1500
4000,2024-04-25,Courtney Miller,Qom,Electronics,Headphones,2,150,300
4001,2024-08-21,Brett Gonzales,Karaj,Books,Algorithms,4,70,280
4002,2025-05-29,Steven Woods,Rasht,Books,Python Programming,3,45,135
4003,2025-02-12,Andrew Stephenson,Kermanshah,Books,Data Science Handbook,1,60,60
4004,2025-09-17,Joseph James,Ahvaz,Sports,Basketball,1,35,35
4005,2024-09-18,Samantha Franklin,Tehran,Electronics,Tablet,4,500,2000
4006,2024-07-27,Aaron Lambert,Kermanshah,Books,Machine Learning,4,80,320
4007,2025-04-13,Austin Henson,Kermanshah,Books,Python Programming,3,45,135
4008,2024-03-05,David Hardy,Tabriz,Electronics,Smartphone,2,800,1600
4009,2025-09-11,Tyler Schaefer,Mashhad,Sports,Basketball,1,35,35
4010,2024-02-14,Stephen Higgins,Shiraz,Sports,Basketball,2,35,70
4011,2024-05-14,Philip Martinez,Tehran,Books,Machine Learning,2,80,160
4012,2024-02-29,Kyle Harvey,Isfahan,Books,Python Programming,5,45,225
4013,2025-06-29,Nathan Walker,Mashhad,Sports,Tennis Racket,2,180,360
4014,2025-03-24,Caitlin Davis,Kermanshah,Sports,Running Shoes,2,120,240
4015,2024-09-01,Jesse Thompson,Karaj,Sports,Football,4,30,120
4016,2024-01-02,Charles Collins,Isfahan,Electronics,Laptop,1,1200,1200
4017,2024-06-17,Shirley Conway,Rasht,Home Appliances,Microwave,4,220,880
4018,2025-08-06,Lori Robinson,Mashhad,Sports,Basketball,5,35,175
4019,2024-08-17,Mark Li,Shiraz,Sports,Football,5,30,150
4020,2025-06-01,Kyle Ibarra,Qom,Sports,Basketball,4,35,140
4021,2024-03-05,Jill Boyer,Mashhad,Electronics,Laptop,1,1200,1200
4022,2024-07-19,Shawn Williams,Rasht,Home Appliances,Air Conditioner,5,2000,10000
4023,2025-05-12,Matthew Flowers,Karaj,Books,Machine Learning,5,80,400
4024,2024-05-31,Barbara Fisher,Shiraz,Electronics,Laptop,5,1200,6000
4025,2025-09-06,Kenneth Garcia,Tehran,Home Appliances,Air Conditioner,2,2000,4000
4026,2025-03-22,Kenneth Wilson,Tehran,Books,Machine Learning,1,80,80
4027,2024-04-19,Amy Johnson,Ahvaz,Books,Data Science Handbook,2,60,120
4028,2024-03-23,Joann Smith,Isfahan,Books,Python Programming,4,45,180
4029,2025-05-30,Hunter Lopez,Rasht,Home Appliances,Washing Machine,3,1500,4500
4030,2024-03-14,Megan Alvarado,Qom,Electronics,Laptop,3,1200,3600
4031,2024-10-08,Isaac Perez,Karaj,Books,Clean Code,2,55,110
4032,2025-12-14,Jesus Ingram,Isfahan,Home Appliances,Washing Machine,3,1500,4500
4033,2025-07-18,Angela Peterson,Qom,Home Appliances,Microwave,5,220,1100
4034,2024-12-16,Calvin Weaver,Tabriz,Electronics,Headphones,3,150,450
4035,2025-01-27,Angela Sanchez,Shiraz,Books,Algorithms,4,70,280
4036,2025-12-18,Tara Haynes,Kermanshah,Electronics,Smart Watch,3,250,750
4037,2024-06-16,Gabriela Hawkins,Mashhad,Home Appliances,Air Conditioner,4,2000,8000
4038,2024-12-08,Erin Hamilton,Rasht,Books,Python Programming,4,45,180
4039,2024-04-27,Michael Carroll,Mashhad,Books,Python Programming,4,45,180
4040,2025-01-24,Anthony Patrick,Tabriz,Electronics,Tablet,3,500,1500
4041,2024-06-24,Carlos George,Tehran,Books,Algorithms,2,70,140
4042,2024-08-21,Victoria Kelly,Qom,Home Appliances,Washing Machine,4,1500,6000
4043,2024-04-05,Charles Dawson,Isfahan,Books,Python Programming,4,45,180
4044,2024-07-06,Jimmy Jones,Mashhad,Electronics,Laptop,5,1200,6000
4045,2025-08-24,Claudia Curtis,Shiraz,Home Appliances,Vacuum Cleaner,4,300,1200
4046,2024-06-17,Micheal Mitchell,Karaj,Books,Python Programming,2,45,90
4047,2024-07-27,Betty Smith,Karaj,Electronics,Tablet,3,500,1500
4048,2024-12-17,Donald Johnson,Ahvaz,Sports,Running Shoes,4,120,480
4049,2025-08-03,Joseph Jensen,Rasht,Electronics,Headphones,1,150,150
4050,2025-05-17,Michael Pennington,Tabriz,Books,Python Programming,4,45,180
4051,2024-07-05,Matthew Nichols,Tehran,Home Appliances,Microwave,3,220,660
4052,2024-11-13,David Martinez,Shiraz,Books,Data Science Handbook,5,60,300
4053,2025-08-27,Cindy Chandler,Tehran,Electronics,Smartphone,1,800,800
4054,2025-03-28,Alejandro Crawford,Shiraz,Sports,Tennis Racket,5,180,900
4055,2024-01-07,Robin Clark,Mashhad,Home Appliances,Air Conditioner,2,2000,4000
4056,2025-07-13,Jamie Allen,Mashhad,Books,Machine Learning,3,80,240
4057,2025-12-13,Angela Martin,Mashhad,Home Appliances,Air Conditioner,4,2000,8000
4058,2025-07-25,Todd Owens,Shiraz,Sports,Fitness Band,5,90,450
4059,2025-12-07,Laura Hernandez,Ahvaz,Home Appliances,Refrigerator,3,1800,5400
4060,2025-03-01,Carmen Reed,Rasht,Sports,Tennis Racket,2,180,360
4061,2024-11-15,Tracy Williams,Karaj,Books,Machine Learning,4,80,320
4062,2025-09-21,Jessica Mcneil,Karaj,Electronics,Smartphone,5,800,4000
4063,2024-08-20,Victoria Sandoval,Rasht,Books,Machine Learning,2,80,160
4064,2024-03-08,Caleb Evans,Kermanshah,Sports,Fitness Band,2,90,180
4065,2025-10-21,Erik Tapia,Tabriz,Sports,Fitness Band,4,90,360
4066,2024-02-05,Jerry Rasmussen,Ahvaz,Books,Algorithms,1,70,70
4067,2025-07-08,Steven Mckinney,Tabriz,Electronics,Tablet,5,500,2500
4068,2024-07-27,Steven Cuevas,Qom,Electronics,Smartphone,5,800,4000
4069,2025-10-12,Miss Monica Perez,Tehran,Home Appliances,Refrigerator,2,1800,3600
4070,2025-02-09,Charles Hall,Qom,Electronics,Headphones,3,150,450
4071,2025-05-18,Linda Brown,Shiraz,Sports,Fitness Band,4,90,360
4072,2024-07-06,Michael Coleman,Shiraz,Sports,Basketball,3,35,105
4073,2024-09-08,Dustin Li,Rasht,Electronics,Headphones,1,150,150
4074,2025-03-24,Susan Phillips,Tehran,Sports,Fitness Band,3,90,270
4075,2024-06-17,Gabriela Watson,Karaj,Books,Algorithms,2,70,140
4076,2024-10-05,Joyce Scott,Shiraz,Books,Algorithms,2,70,140
4077,2025-01-23,Raymond Johnson,Shiraz,Sports,Fitness Band,5,90,450
4078,2024-12-28,David Armstrong,Ahvaz,Books,Machine Learning,2,80,160
4079,2025-03-19,Brooke Cross,Ahvaz,Books,Clean Code,3,55,165
4080,2024-10-14,Jeremiah Atkinson,Tehran,Books,Data Science Handbook,2,60,120
4081,2024-08-01,Michele Schwartz,Qom,Home Appliances,Air Conditioner,2,2000,4000
4082,2024-09-08,Steven Wilson,Rasht,Books,Algorithms,3,70,210
4083,2024-10-15,David Hatfield,Tehran,Home Appliances,Vacuum Cleaner,2,300,600
4084,2025-09-23,Melissa Reynolds,Tabriz,Home Appliances,Washing Machine,4,1500,6000
4085,2025-10-11,William Diaz,Rasht,Electronics,Tablet,2,500,1000
4086,2024-03-12,Leslie Clark,Rasht,Home Appliances,Refrigerator,2,1800,3600
4087,2025-10-12,Julie Hartman,Mashhad,Home Appliances,Air Conditioner,4,2000,8000
4088,2024-09-23,Lauren Johnson,Shiraz,Books,Data Science Handbook,4,60,240
4089,2025-08-24,Shawn Garrett,Mashhad,Electronics,Laptop,4,1200,4800
4090,2025-02-25,Kevin Green,Tehran,Electronics,Laptop,3,1200,3600
4091,2024-08-15,Steven Goodman,Shiraz,Sports,Running Shoes,4,120,480
4092,2024-02-12,Janet Nelson,Karaj,Sports,Basketball,1,35,35
4093,2025-09-24,Barbara Ponce,Isfahan,Electronics,Smartphone,4,800,3200
4094,2025-05-17,Ryan Miller,Tehran,Books,Machine Learning,3,80,240
4095,2024-06-23,Mrs. Emily Cervantes PhD,Shiraz,Electronics,Headphones,5,150,750
4096,2025-07-23,Michelle Cooley,Rasht,Electronics,Laptop,4,1200,4800
4097,2025-11-11,Sarah Lynch,Ahvaz,Sports,Running Shoes,2,120,240
4098,2024-05-24,Lisa Carter,Shiraz,Books,Algorithms,2,70,140
4099,2025-06-14,David Dickerson,Isfahan,Electronics,Smart Watch,4,250,1000
4100,2025-01-26,Elizabeth Davis DDS,Kermanshah,Electronics,Smartphone,3,800,2400
4101,2025-02-02,Shelly Gilbert,Karaj,Sports,Running Shoes,2,120,240
4102,2025-02-02,Kathryn Sawyer,Tehran,Electronics,Headphones,1,150,150
4103,2025-02-17,Mrs. Pamela Davila,Ahvaz,Books,Data Science Handbook,5,60,300
4104,2025-04-07,Lisa White,Mashhad,Books,Algorithms,1,70,70
4105,2024-05-20,Christopher Delgado,Ahvaz,Sports,Running Shoes,3,120,360
4106,2025-04-25,Andrew Riley,Shiraz,Books,Algorithms,3,70,210
4107,2024-10-31,Linda Stanley,Ahvaz,Home Appliances,Vacuum Cleaner,4,300,1200
4108,2025-08-14,Morgan Tucker PhD,Tabriz,Home Appliances,Vacuum Cleaner,4,300,1200
4109,2025-05-25,David Coleman,Rasht,Sports,Fitness Band,3,90,270
4110,2025-08-25,Erin Morrison,Mashhad,Sports,Football,4,30,120
4111,2024-02-26,Veronica Crosby,Shiraz,Sports,Basketball,3,35,105
4112,2025-11-26,Lisa Mcdaniel,Ahvaz,Sports,Fitness Band,2,90,180
4113,2024-03-22,Stephanie Adams,Qom,Books,Algorithms,4,70,280
4114,2025-08-11,Amanda Lopez,Tabriz,Home Appliances,Microwave,2,220,440
4115,2025-07-17,Kelly Jacobs,Kermanshah,Electronics,Headphones,5,150,750
4116,2024-02-22,Casey Wilcox,Karaj,Sports,Fitness Band,1,90,90
4117,2024-02-28,Casey Mcknight,Rasht,Home Appliances,Refrigerator,2,1800,3600
4118,2024-08-22,Kristen Watson,Ahvaz,Books,Algorithms,5,70,350
4119,2025-02-12,Jason Chavez,Shiraz,Sports,Basketball,3,35,105
4120,2024-11-17,Sarah Rose,Karaj,Home Appliances,Vacuum Cleaner,1,300,300
4121,2025-05-05,Katherine Johnson,Kermanshah,Sports,Football,3,30,90
4122,2025-10-10,Angela Martinez,Kermanshah,Home Appliances,Air Conditioner,5,2000,10000
4123,2025-03-19,Matthew Austin,Isfahan,Sports,Football,3,30,90
4124,2024-11-07,Ryan Kerr,Kermanshah,Books,Algorithms,5,70,350
4125,2024-03-10,Jessica Hanna,Kermanshah,Electronics,Smart Watch,5,250,1250
4126,2024-04-05,Sarah Boone,Isfahan,Sports,Football,4,30,120
4127,2025-11-02,Stephanie Hanson,Karaj,Home Appliances,Microwave,3,220,660
4128,2024-07-14,Catherine Thomas,Ahvaz,Books,Algorithms,4,70,280
4129,2025-08-19,Danielle Woods,Ahvaz,Books,Data Science Handbook,2,60,120
4130,2024-03-11,Lori Wong,Tabriz,Sports,Football,4,30,120
4131,2024-08-22,Steven Jacobs,Tabriz,Electronics,Headphones,1,150,150
4132,2025-12-24,Amanda Reeves,Tehran,Home Appliances,Microwave,2,220,440
4133,2025-03-19,Wendy Turner,Qom,Home Appliances,Vacuum Cleaner,3,300,900
4134,2025-04-30,Sarah Evans,Rasht,Books,Data Science Handbook,5,60,300
4135,2025-01-26,Shelia Perez,Tehran,Home Appliances,Microwave,5,220,1100
4136,2024-03-05,Alyssa Andrews,Rasht,Sports,Tennis Racket,2,180,360
4137,2024-01-18,Jamie Rush,Ahvaz,Sports,Running Shoes,1,120,120
4138,2024-12-02,Jessica Evans,Mashhad,Sports,Fitness Band,2,90,180
4139,2024-01-03,Misty Young,Rasht,Electronics,Tablet,4,500,2000
4140,2025-02-08,Jason Wright,Rasht,Books,Clean Code,4,55,220
4141,2024-04-29,Kristen Frazier,Kermanshah,Books,Python Programming,5,45,225
4142,2024-04-30,James Mcconnell,Rasht,Sports,Basketball,5,35,175
4143,2025-10-21,Carol Blevins,Qom,Sports,Football,2,30,60
4144,2025-11-03,Courtney Rich,Shiraz,Home Appliances,Microwave,2,220,440
4145,2024-02-26,Karen Williams,Rasht,Home Appliances,Washing Machine,3,1500,4500
4146,2024-05-26,Mary May,Isfahan,Sports,Running Shoes,4,120,480
4147,2024-01-25,Sharon Bell,Rasht,Books,Data Science Handbook,3,60,180
4148,2025-03-22,Terry Martinez,Karaj,Sports,Basketball,2,35,70
4149,2024-03-24,James Berry,Isfahan,Home Appliances,Vacuum Cleaner,2,300,600
4150,2024-03-21,Richard Johnson,Rasht,Electronics,Laptop,1,1200,1200
4151,2025-10-06,Alyssa Duncan MD,Kermanshah,Sports,Football,5,30,150
4152,2024-09-27,Bryce Peterson,Tabriz,Sports,Fitness Band,1,90,90
4153,2024-06-02,Lucas Mendoza,Kermanshah,Sports,Basketball,1,35,35
4154,2024-12-04,Alyssa Harrell MD,Ahvaz,Sports,Running Shoes,3,120,360
4155,2024-01-10,Randy Murray,Qom,Sports,Tennis Racket,1,180,180
4156,2025-08-24,Timothy Daniels,Isfahan,Sports,Tennis Racket,2,180,360
4157,2025-11-13,Erin Mcgee,Shiraz,Home Appliances,Vacuum Cleaner,2,300,600
4158,2024-04-29,Christopher Mitchell,Tehran,Home Appliances,Microwave,1,220,220
4159,2025-11-17,Margaret Andrews,Kermanshah,Sports,Running Shoes,3,120,360
4160,2025-07-10,Todd Simpson,Qom,Electronics,Smart Watch,3,250,750
4161,2025-06-21,Rebecca Maynard,Karaj,Electronics,Laptop,1,1200,1200
4162,2024-03-22,Preston Smith,Shiraz,Electronics,Headphones,5,150,750
4163,2025-11-26,Michelle Williams,Ahvaz,Home Appliances,Refrigerator,5,1800,9000
4164,2025-07-08,Amber Fisher,Mashhad,Electronics,Tablet,5,500,2500
4165,2024-12-28,Andrew Lambert,Karaj,Electronics,Smart Watch,3,250,750
4166,2024-06-26,Kara Lawson,Qom,Home Appliances,Refrigerator,4,1800,7200
4167,2025-04-25,Heidi Torres,Tabriz,Books,Machine Learning,5,80,400
4168,2024-08-04,Rachel Adams,Tabriz,Books,Machine Learning,2,80,160
4169,2025-08-28,Laura Wright,Kermanshah,Electronics,Smart Watch,3,250,750
4170,2024-09-19,Gwendolyn Phillips,Mashhad,Home Appliances,Vacuum Cleaner,4,300,1200
4171,2025-06-19,Janice Fox,Mashhad,Sports,Fitness Band,2,90,180
4172,2024-10-02,Dakota Rodriguez,Tabriz,Home Appliances,Microwave,1,220,220
4173,2025-06-17,Manuel Lee,Isfahan,Home Appliances,Air Conditioner,4,2000,8000
4174,2024-05-21,Sharon Bryant,Rasht,Sports,Tennis Racket,3,180,540
4175,2025-07-31,Corey Cooper,Qom,Electronics,Tablet,3,500,1500
4176,2025-09-02,Donald Wade,Rasht,Sports,Fitness Band,3,90,270
4177,2025-07-18,Michael Beltran,Isfahan,Sports,Tennis Racket,1,180,180
4178,2025-05-02,Cory Franco,Karaj,Sports,Fitness Band,2,90,180
4179,2024-03-15,William Holden,Kermanshah,Books,Python Programming,5,45,225
4180,2024-11-08,Jessica Harris,Rasht,Home Appliances,Vacuum Cleaner,3,300,900
4181,2024-10-22,Dylan Parker,Qom,Electronics,Smartphone,1,800,800
4182,2025-02-01,Angela Day,Rasht,Electronics,Headphones,1,150,150
4183,2025-06-24,Carol Smith,Tehran,Books,Algorithms,1,70,70
4184,2025-07-29,Theresa Wallace,Tabriz,Sports,Tennis Racket,2,180,360
4185,2025-12-03,Jaime Shaw,Rasht,Books,Data Science Handbook,5,60,300
4186,2025-12-09,Raymond Becker,Karaj,Sports,Tennis Racket,2,180,360
4187,2025-11-01,Linda Cruz,Rasht,Electronics,Smartphone,5,800,4000
4188,2024-04-07,Taylor Mccall,Shiraz,Home Appliances,Washing Machine,1,1500,1500
4189,2025-03-03,Mark Peters,Mashhad,Books,Data Science Handbook,4,60,240
4190,2024-08-21,Daniel Burns,Shiraz,Books,Algorithms,3,70,210
4191,2025-10-30,Christina Weber,Karaj,Books,Data Science Handbook,5,60,300
4192,2024-07-28,Shawn Ryan,Karaj,Electronics,Headphones,2,150,300
4193,2024-11-12,Timothy Johnson,Ahvaz,Books,Python Programming,3,45,135
4194,2024-03-15,Christopher Hill,Mashhad,Electronics,Tablet,2,500,1000
4195,2025-04-11,Crystal Williams,Rasht,Sports,Football,5,30,150
4196,2024-12-01,Adam Novak,Isfahan,Sports,Tennis Racket,1,180,180
4197,2024-12-27,Bradley Ward,Isfahan,Home Appliances,Vacuum Cleaner,3,300,900
4198,2025-01-17,Jody Burns,Tabriz,Sports,Running Shoes,4,120,480
4199,2025-01-22,Tyler Miller PhD,Qom,Sports,Basketball,3,35,105
4200,2024-12-05,Cindy Stevens,Mashhad,Books,Machine Learning,5,80,400
4201,2025-04-13,Amber Gonzalez,Mashhad,Books,Python Programming,5,45,225
4202,2025-01-28,Connor Holloway,Ahvaz,Electronics,Headphones,1,150,150
4203,2025-04-20,Ian Smith,Karaj,Home Appliances,Refrigerator,4,1800,7200
4204,2025-05-03,Danielle Holland,Kermanshah,Sports,Football,1,30,30
4205,2025-07-04,Damon Perkins,Isfahan,Electronics,Headphones,2,150,300
4206,2025-05-22,Alexander Hernandez,Ahvaz,Books,Algorithms,5,70,350
4207,2025-11-18,Darius Aguilar,Mashhad,Home Appliances,Air Conditioner,3,2000,6000
4208,2025-11-04,Ashley Ellis,Qom,Sports,Football,2,30,60
4209,2025-10-28,Joseph Beltran,Mashhad,Home Appliances,Microwave,3,220,660
4210,2024-09-05,Amber Campbell,Rasht,Electronics,Laptop,3,1200,3600
4211,2025-10-17,Brian Kent,Kermanshah,Books,Data Science Handbook,3,60,180
4212,2025-01-24,Brian Fuentes,Kermanshah,Home Appliances,Refrigerator,2,1800,3600
4213,2025-04-13,Randall Hopkins,Karaj,Electronics,Smart Watch,3,250,750
4214,2024-08-29,Jason Leblanc,Kermanshah,Electronics,Laptop,2,1200,2400
4215,2025-05-12,Jose Swanson,Ahvaz,Home Appliances,Air Conditioner,2,2000,4000
4216,2025-07-26,Vanessa Williams,Tabriz,Electronics,Headphones,4,150,600
4217,2025-05-23,Aaron Hamilton,Karaj,Books,Data Science Handbook,2,60,120
4218,2025-08-20,Tracy Moss,Shiraz,Home Appliances,Vacuum Cleaner,2,300,600
4219,2024-02-15,Donald Goodwin,Qom,Home Appliances,Washing Machine,4,1500,6000
4220,2024-11-06,Carrie Todd,Tehran,Electronics,Tablet,5,500,2500
4221,2025-10-05,Kaitlyn Howard,Tabriz,Home Appliances,Microwave,2,220,440
4222,2025-08-15,Lynn Robinson,Isfahan,Home Appliances,Microwave,5,220,1100
4223,2025-11-08,Adam Snyder,Kermanshah,Sports,Basketball,4,35,140
4224,2024-02-29,Kristen Torres,Qom,Books,Algorithms,2,70,140
4225,2025-05-23,Jesse Gordon,Rasht,Sports,Football,3,30,90
4226,2025-08-03,Nathan Martinez,Isfahan,Home Appliances,Washing Machine,5,1500,7500
4227,2025-12-04,Jennifer Bennett,Karaj,Home Appliances,Washing Machine,2,1500,3000
4228,2025-02-08,Jay Snyder,Isfahan,Books,Algorithms,5,70,350
4229,2024-03-19,Kevin Sawyer,Isfahan,Books,Python Programming,3,45,135
4230,2024-03-15,Brad Hughes,Karaj,Electronics,Laptop,2,1200,2400
4231,2025-08-05,Andrew Williams,Tabriz,Sports,Basketball,2,35,70
4232,2025-03-11,Jeremy Brown,Karaj,Sports,Running Shoes,5,120,600
4233,2024-04-11,Jason Huber,Qom,Sports,Football,3,30,90
4234,2024-09-01,Joshua Meyers,Qom,Sports,Tennis Racket,4,180,720
4235,2025-11-27,Brian Spencer,Mashhad,Sports,Fitness Band,1,90,90
4236,2024-08-20,Bonnie Lowe,Karaj,Electronics,Tablet,4,500,2000
4237,2024-09-01,Robert Coleman,Mashhad,Books,Python Programming,1,45,45
4238,2025-07-14,Samuel Thompson,Tehran,Sports,Tennis Racket,1,180,180
4239,2024-07-08,Michele Beasley,Isfahan,Home Appliances,Air Conditioner,2,2000,4000
4240,2024-01-19,Deanna Austin,Qom,Home Appliances,Washing Machine,1,1500,1500
4241,2024-02-20,John Douglas Jr.,Isfahan,Electronics,Headphones,3,150,450
4242,2024-07-10,Robyn Ramos,Tehran,Home Appliances,Washing Machine,5,1500,7500
4243,2025-04-07,Bianca Baxter,Rasht,Electronics,Smart Watch,5,250,1250
4244,2024-08-15,David Lewis,Rasht,Books,Data Science Handbook,2,60,120
4245,2024-01-14,Ricky Clark,Tabriz,Sports,Fitness Band,2,90,180
4246,2024-02-08,James Barron,Shiraz,Electronics,Tablet,2,500,1000
4247,2024-09-06,Dominic Thomas,Kermanshah,Sports,Basketball,4,35,140
4248,2025-01-06,Lindsey Hood,Kermanshah,Books,Data Science Handbook,5,60,300
4249,2024-05-04,Tina Greene,Kermanshah,Electronics,Laptop,1,1200,1200
4250,2024-01-31,Tyler Adams,Mashhad,Sports,Basketball,1,35,35
4251,2024-10-01,Shannon Curry,Ahvaz,Home Appliances,Microwave,3,220,660
4252,2025-12-28,Teresa Crawford,Ahvaz,Books,Python Programming,4,45,180
4253,2025-08-11,Laura Green,Shiraz,Home Appliances,Microwave,2,220,440
4254,2024-03-14,Carlos Daniel,Rasht,Sports,Running Shoes,2,120,240
4255,2024-11-19,Elizabeth Lowe,Karaj,Electronics,Headphones,5,150,750
4256,2024-06-24,Edward Perez,Qom,Electronics,Laptop,1,1200,1200
4257,2025-03-10,Adam Thomas,Qom,Home Appliances,Washing Machine,5,1500,7500
4258,2025-11-25,Nicole Doyle,Shiraz,Sports,Fitness Band,4,90,360
4259,2025-10-25,Charles Figueroa,Kermanshah,Sports,Basketball,2,35,70
4260,2025-11-24,Whitney Mendoza,Qom,Sports,Tennis Racket,3,180,540
4261,2025-12-05,Erin Morgan,Tabriz,Books,Machine Learning,3,80,240
4262,2025-07-12,Donald Hall,Qom,Books,Algorithms,5,70,350
4263,2024-08-03,Isaac Navarro,Rasht,Electronics,Headphones,4,150,600
4264,2024-09-21,Daniel Watson,Karaj,Home Appliances,Air Conditioner,4,2000,8000
4265,2025-01-08,Daniel Villegas,Tehran,Books,Machine Learning,1,80,80
4266,2024-07-16,Kathleen Wallace,Shiraz,Electronics,Headphones,2,150,300
4267,2025-07-04,Gregory Peterson,Karaj,Sports,Tennis Racket,4,180,720
4268,2024-11-15,Victoria Morse,Mashhad,Home Appliances,Microwave,2,220,440
4269,2025-12-14,Ann Wright,Kermanshah,Books,Machine Learning,5,80,400
4270,2025-01-02,Shannon Rosario DVM,Shiraz,Electronics,Smartphone,4,800,3200
4271,2025-06-19,Tiffany David,Rasht,Sports,Football,3,30,90
4272,2024-04-01,Timothy Lopez,Mashhad,Sports,Tennis Racket,3,180,540
4273,2025-01-28,Becky Ford,Isfahan,Books,Machine Learning,1,80,80
4274,2025-06-17,Kathy Buck,Karaj,Books,Clean Code,3,55,165
4275,2025-09-22,Arthur Chen,Rasht,Books,Python Programming,3,45,135
4276,2025-05-22,Jeffery Mcconnell,Mashhad,Sports,Basketball,3,35,105
4277,2024-05-06,Harry Jimenez,Shiraz,Sports,Fitness Band,1,90,90
4278,2024-02-13,Edgar West,Shiraz,Books,Clean Code,5,55,275
4279,2025-04-21,Ashley Vazquez,Kermanshah,Home Appliances,Refrigerator,2,1800,3600
4280,2024-05-25,Dr. Rebecca Ramirez DDS,Karaj,Home Appliances,Washing Machine,3,1500,4500
4281,2024-03-22,Daniel Mack,Ahvaz,Electronics,Tablet,5,500,2500
4282,2024-06-14,Matthew Lopez,Isfahan,Books,Algorithms,3,70,210
4283,2024-05-25,Ronald Ward,Tabriz,Home Appliances,Refrigerator,2,1800,3600
4284,2024-10-27,Joe May,Mashhad,Sports,Tennis Racket,3,180,540
4285,2025-10-12,Justin Chapman,Ahvaz,Home Appliances,Vacuum Cleaner,1,300,300
4286,2024-03-21,Bryan Rodriguez,Isfahan,Home Appliances,Washing Machine,2,1500,3000
4287,2025-10-15,Jonathan Conrad,Tabriz,Electronics,Smart Watch,4,250,1000
4288,2025-03-03,Anthony Jordan,Tabriz,Home Appliances,Microwave,3,220,660
4289,2025-03-05,Ms. Stacy Dunn,Tabriz,Home Appliances,Microwave,5,220,1100
4290,2024-01-26,Lauren Ray,Ahvaz,Home Appliances,Microwave,4,220,880
4291,2024-01-20,Dr. Emily Armstrong,Qom,Electronics,Laptop,1,1200,1200
4292,2024-01-09,Alexandria Jones,Rasht,Books,Clean Code,1,55,55
4293,2025-05-10,Ricardo Edwards,Kermanshah,Sports,Basketball,2,35,70
4294,2024-09-06,Henry Jennings,Karaj,Books,Clean Code,5,55,275
4295,2024-11-10,Taylor Ruiz,Tehran,Home Appliances,Washing Machine,3,1500,4500
4296,2025-07-19,Jason Harris,Karaj,Sports,Football,3,30,90
4297,2024-07-18,Jeanette Wallace,Qom,Sports,Basketball,1,35,35
4298,2024-12-11,Ashley Jones,Isfahan,Sports,Tennis Racket,2,180,360
4299,2024-01-19,Cheryl Morgan,Ahvaz,Books,Data Science Handbook,2,60,120
4300,2024-01-25,Amanda Jones,Qom,Books,Algorithms,1,70,70
4301,2024-02-22,Sheryl Mendoza,Kermanshah,Sports,Fitness Band,2,90,180
4302,2025-01-07,Ryan Smith,Qom,Books,Python Programming,4,45,180
4303,2024-04-18,Russell Evans,Ahvaz,Home Appliances,Microwave,5,220,1100
4304,2025-12-15,Robert Robinson,Karaj,Home Appliances,Air Conditioner,4,2000,8000
4305,2025-03-27,Joanna Marshall,Qom,Electronics,Smartphone,2,800,1600
4306,2025-01-14,Jose Wright,Tehran,Home Appliances,Microwave,3,220,660
4307,2024-12-02,Monica Lopez,Mashhad,Electronics,Smartphone,5,800,4000
4308,2025-06-19,Jasmin Bender,Kermanshah,Sports,Running Shoes,5,120,600
4309,2024-12-05,Peter Russell,Shiraz,Electronics,Laptop,5,1200,6000
4310,2024-01-09,Jennifer Smith,Shiraz,Home Appliances,Vacuum Cleaner,3,300,900
4311,2024-07-25,Brandon Clarke,Rasht,Sports,Basketball,2,35,70
4312,2025-05-21,Marvin Harvey,Rasht,Home Appliances,Refrigerator,1,1800,1800
4313,2025-11-17,Mr. Jimmy Manning,Shiraz,Home Appliances,Washing Machine,1,1500,1500
4314,2024-03-16,Cassidy Morales,Shiraz,Sports,Fitness Band,3,90,270
4315,2024-05-15,Mr. Gavin Gibson PhD,Tehran,Books,Algorithms,2,70,140
4316,2025-01-14,Karen Franklin MD,Ahvaz,Home Appliances,Microwave,2,220,440
4317,2024-01-03,Michael Smith,Karaj,Electronics,Smartphone,4,800,3200
4318,2025-12-28,Andrew Robinson,Isfahan,Electronics,Laptop,2,1200,2400
4319,2025-10-03,Jeffrey Rodriguez,Tabriz,Home Appliances,Air Conditioner,3,2000,6000
4320,2025-07-07,Alejandro Morrow,Ahvaz,Sports,Football,3,30,90
4321,2024-06-05,James Brown,Qom,Electronics,Laptop,5,1200,6000
4322,2024-09-29,Frank Vazquez,Tehran,Sports,Tennis Racket,3,180,540
4323,2024-11-18,Courtney Price,Ahvaz,Sports,Running Shoes,3,120,360
4324,2025-05-25,Robert Garcia,Tehran,Electronics,Smart Watch,5,250,1250
4325,2024-10-04,Brittany Thompson,Qom,Books,Data Science Handbook,5,60,300
4326,2024-10-11,Jennifer Benton,Qom,Electronics,Laptop,3,1200,3600
4327,2024-09-11,Melissa Smith,Mashhad,Home Appliances,Microwave,2,220,440
4328,2024-11-12,Kristin Robertson,Isfahan,Sports,Tennis Racket,5,180,900
4329,2025-01-03,Robert Massey,Karaj,Books,Algorithms,1,70,70
4330,2025-10-27,Samuel Anderson,Rasht,Electronics,Laptop,5,1200,6000
4331,2024-10-14,Stephanie Saunders,Tabriz,Sports,Football,4,30,120
4332,2025-09-16,Sarah Bennett,Tabriz,Sports,Football,1,30,30
4333,2024-04-29,Anthony Miller,Kermanshah,Sports,Running Shoes,4,120,480
4334,2024-01-19,Amy Novak,Ahvaz,Home Appliances,Air Conditioner,1,2000,2000
4335,2025-07-30,Diane Blackwell,Kermanshah,Electronics,Smart Watch,2,250,500
4336,2025-08-19,Hannah Ramirez,Tehran,Home Appliances,Air Conditioner,1,2000,2000
4337,2024-08-23,Kaylee Reed,Isfahan,Sports,Football,3,30,90
4338,2025-02-24,Kimberly Mata,Mashhad,Books,Clean Code,5,55,275
4339,2025-02-19,Andrew Allen,Tehran,Electronics,Headphones,3,150,450
4340,2025-03-08,Kimberly Schmitt,Karaj,Electronics,Tablet,1,500,500
4341,2024-07-26,Cheyenne Wells,Mashhad,Home Appliances,Vacuum Cleaner,4,300,1200
4342,2025-01-11,Dr. James Andrews,Shiraz,Sports,Fitness Band,1,90,90
4343,2025-11-09,Wesley Weber,Isfahan,Books,Algorithms,3,70,210
4344,2025-10-31,Sharon Taylor,Shiraz,Electronics,Tablet,5,500,2500
4345,2024-09-15,Jose Wilson,Kermanshah,Books,Machine Learning,4,80,320
4346,2025-01-23,Nathan Sharp,Shiraz,Books,Python Programming,4,45,180
4347,2025-07-03,James Smith,Qom,Home Appliances,Microwave,3,220,660
4348,2024-03-25,Erin Underwood,Karaj,Home Appliances,Refrigerator,4,1800,7200
4349,2024-07-22,Veronica Rhodes,Isfahan,Home Appliances,Vacuum Cleaner,2,300,600
4350,2025-01-12,Mark Church,Shiraz,Home Appliances,Washing Machine,2,1500,3000
4351,2024-10-20,Charles Myers Jr.,Kermanshah,Home Appliances,Vacuum Cleaner,4,300,1200
4352,2025-05-10,Matthew Luna,Karaj,Electronics,Smart Watch,2,250,500
4353,2025-04-11,Benjamin Heath,Tehran,Electronics,Tablet,4,500,2000
4354,2025-06-16,Kenneth Owens,Tabriz,Books,Algorithms,3,70,210
4355,2025-06-23,Michelle Wells,Karaj,Sports,Fitness Band,1,90,90
4356,2024-03-14,Douglas Hill,Rasht,Home Appliances,Refrigerator,3,1800,5400
4357,2024-11-02,Bryan Gonzales,Kermanshah,Electronics,Smart Watch,5,250,1250
4358,2024-08-21,Sean Sutton,Kermanshah,Electronics,Laptop,4,1200,4800
4359,2025-08-15,Ann Cline MD,Isfahan,Sports,Basketball,1,35,35
4360,2024-07-05,Samuel Huynh MD,Kermanshah,Sports,Basketball,4,35,140
4361,2024-02-07,Christina Vaughn,Tehran,Electronics,Headphones,3,150,450
4362,2024-05-24,Emily Hernandez,Karaj,Electronics,Smart Watch,3,250,750
4363,2025-08-12,John Contreras,Tehran,Sports,Fitness Band,1,90,90
4364,2025-08-19,Charlotte Gomez,Ahvaz,Electronics,Headphones,4,150,600
4365,2024-03-29,Theresa Henderson,Mashhad,Home Appliances,Air Conditioner,5,2000,10000
4366,2025-08-14,Kelly Jackson,Tehran,Sports,Tennis Racket,2,180,360
4367,2025-03-03,Stephanie Andrews,Kermanshah,Books,Data Science Handbook,1,60,60
4368,2024-10-25,Andrea Schultz,Kermanshah,Sports,Fitness Band,3,90,270
4369,2024-01-16,Ann Vazquez,Tehran,Sports,Basketball,1,35,35
4370,2024-12-21,Michael Hill,Shiraz,Electronics,Smart Watch,2,250,500
4371,2024-09-04,Ashley Mitchell,Shiraz,Sports,Tennis Racket,1,180,180
4372,2024-08-06,Amanda Cooper,Kermanshah,Home Appliances,Washing Machine,2,1500,3000
4373,2025-06-28,Amanda Hunter,Ahvaz,Electronics,Laptop,5,1200,6000
4374,2024-01-21,Ashley Yoder,Tehran,Books,Machine Learning,4,80,320
4375,2025-12-27,Christine Simon,Qom,Home Appliances,Refrigerator,5,1800,9000
4376,2025-05-17,Michelle Cummings,Tehran,Books,Data Science Handbook,1,60,60
4377,2024-08-08,Garrett Nguyen,Ahvaz,Books,Algorithms,1,70,70
4378,2024-09-02,Tracy Thornton,Tehran,Books,Data Science Handbook,2,60,120
4379,2025-02-02,Danielle Price,Isfahan,Sports,Basketball,5,35,175
4380,2024-10-06,Corey Johnson,Shiraz,Home Appliances,Refrigerator,4,1800,7200
4381,2025-09-26,Robyn Mitchell,Rasht,Books,Python Programming,4,45,180
4382,2024-03-01,Cassandra Johnson,Shiraz,Books,Data Science Handbook,5,60,300
4383,2024-02-13,Grant Lee,Mashhad,Books,Algorithms,5,70,350
4384,2025-05-01,Kristin Richards,Mashhad,Electronics,Laptop,1,1200,1200
4385,2024-07-18,Christopher Morales,Qom,Books,Algorithms,1,70,70
4386,2024-05-01,Laura Robbins,Shiraz,Home Appliances,Refrigerator,5,1800,9000
4387,2025-05-30,Jenny Oliver,Mashhad,Books,Data Science Handbook,1,60,60
4388,2025-06-17,Steven Lewis,Isfahan,Sports,Tennis Racket,2,180,360
4389,2025-03-25,Daniel Nguyen,Tehran,Sports,Football,3,30,90
4390,2024-12-09,Miss Deanna Schmidt,Isfahan,Home Appliances,Washing Machine,4,1500,6000
4391,2025-09-01,Regina Johnson,Karaj,Books,Machine Learning,2,80,160
4392,2025-05-04,Amanda Bailey,Shiraz,Home Appliances,Washing Machine,1,1500,1500
4393,2025-08-11,Sharon Patterson,Mashhad,Home Appliances,Washing Machine,1,1500,1500
4394,2024-12-10,Theresa Ballard,Tehran,Electronics,Headphones,5,150,750
4395,2024-04-15,Lindsay Larson,Rasht,Home Appliances,Vacuum Cleaner,3,300,900
4396,2024-01-12,Justin Villa,Rasht,Home Appliances,Air Conditioner,3,2000,6000
4397,2024-05-02,Devin Harris,Ahvaz,Electronics,Tablet,2,500,1000
4398,2024-12-16,Joy Alvarado,Shiraz,Electronics,Smart Watch,4,250,1000
4399,2025-01-23,Erik Morales,Mashhad,Sports,Basketball,3,35,105
4400,2024-07-30,Leah Horne,Qom,Books,Clean Code,2,55,110
4401,2025-09-06,Christopher Flores,Karaj,Electronics,Laptop,5,1200,6000
4402,2025-11-02,Joel Moss,Isfahan,Home Appliances,Washing Machine,5,1500,7500
4403,2025-08-08,Jeffrey James,Qom,Electronics,Tablet,1,500,500
4404,2024-12-08,Robert Lane,Tehran,Sports,Basketball,3,35,105
4405,2024-11-02,Jennifer Woods,Ahvaz,Books,Machine Learning,5,80,400
4406,2025-05-20,Patricia Jones,Ahvaz,Home Appliances,Microwave,3,220,660
4407,2025-03-11,Phillip Huber,Qom,Books,Data Science Handbook,3,60,180
4408,2025-11-08,Sean Russell,Shiraz,Home Appliances,Vacuum Cleaner,2,300,600
4409,2024-01-07,Amy Lopez,Qom,Electronics,Tablet,4,500,2000
4410,2024-10-11,Beth Hawkins,Rasht,Books,Python Programming,4,45,180
4411,2024-11-26,Mrs. Tammie Reid MD,Mashhad,Electronics,Headphones,2,150,300
4412,2024-01-24,Kevin Bond,Rasht,Home Appliances,Washing Machine,3,1500,4500
4413,2025-09-02,Christopher Robles,Tabriz,Books,Python Programming,1,45,45
4414,2024-08-31,Sarah Richards,Karaj,Books,Data Science Handbook,5,60,300
4415,2024-05-04,Renee Reynolds,Shiraz,Books,Python Programming,4,45,180
4416,2025-08-21,Gerald Allen,Isfahan,Books,Algorithms,3,70,210
4417,2024-04-20,Dustin Hernandez,Shiraz,Books,Algorithms,1,70,70
4418,2025-01-19,Tonya Thompson,Qom,Electronics,Tablet,5,500,2500
4419,2024-06-25,Katrina Ramos,Qom,Sports,Tennis Racket,2,180,360
4420,2024-03-10,Charles Snyder,Qom,Home Appliances,Air Conditioner,2,2000,4000
4421,2024-12-08,Luke Austin,Ahvaz,Home Appliances,Vacuum Cleaner,5,300,1500
4422,2025-09-27,Jennifer Wolfe,Rasht,Home Appliances,Refrigerator,5,1800,9000
4423,2025-03-23,Christopher Cordova,Shiraz,Electronics,Laptop,1,1200,1200
4424,2025-05-04,Kelsey May,Isfahan,Electronics,Smartphone,3,800,2400
4425,2024-11-06,Matthew Torres,Ahvaz,Home Appliances,Air Conditioner,1,2000,2000
4426,2024-05-07,Eddie Henson,Isfahan,Sports,Basketball,1,35,35
4427,2025-08-10,Phillip Phelps,Tabriz,Electronics,Laptop,5,1200,6000
4428,2024-02-10,Melinda Lopez,Karaj,Home Appliances,Microwave,1,220,220
4429,2025-07-02,David Williams,Tabriz,Home Appliances,Microwave,5,220,1100
4430,2024-04-18,Sean Terrell,Kermanshah,Home Appliances,Air Conditioner,1,2000,2000
4431,2024-06-04,Richard Chang,Isfahan,Sports,Basketball,4,35,140
4432,2025-08-14,Dr. Gary Golden,Mashhad,Home Appliances,Vacuum Cleaner,5,300,1500
4433,2025-08-20,Laura Gallegos,Rasht,Home Appliances,Microwave,1,220,220
4434,2025-02-11,Ralph Harris,Karaj,Sports,Fitness Band,2,90,180
4435,2025-05-16,Kathleen Kelly,Qom,Sports,Running Shoes,1,120,120
4436,2025-10-22,Tiffany Baker,Ahvaz,Books,Data Science Handbook,4,60,240
4437,2025-03-14,Victoria Williams,Ahvaz,Books,Machine Learning,3,80,240
4438,2025-08-02,Lisa West,Tabriz,Home Appliances,Air Conditioner,3,2000,6000
4439,2025-07-03,Samantha Jackson,Qom,Home Appliances,Vacuum Cleaner,1,300,300
4440,2025-02-15,Nicholas Williams,Mashhad,Electronics,Headphones,3,150,450
4441,2024-02-17,Brandon Mayo,Tehran,Sports,Tennis Racket,3,180,540
4442,2025-08-16,Joshua Prince,Tabriz,Sports,Fitness Band,1,90,90
4443,2024-11-05,Veronica Alvarado,Shiraz,Electronics,Smart Watch,4,250,1000
4444,2025-08-31,Vincent Bailey,Karaj,Home Appliances,Refrigerator,1,1800,1800
4445,2024-03-09,Dr. Frank Fox,Isfahan,Books,Clean Code,1,55,55
4446,2025-10-09,Maria Ferguson,Mashhad,Sports,Fitness Band,5,90,450
4447,2024-01-28,Mrs. Laura Johnson,Kermanshah,Home Appliances,Air Conditioner,4,2000,8000
4448,2024-10-15,Courtney Jefferson,Karaj,Sports,Fitness Band,1,90,90
4449,2024-04-07,Kathy Hill,Tehran,Home Appliances,Air Conditioner,1,2000,2000
4450,2025-11-15,Laurie Rosario,Qom,Home Appliances,Air Conditioner,2,2000,4000
4451,2024-12-02,Edward Burns,Tehran,Books,Python Programming,5,45,225
4452,2024-08-23,Erin Jackson,Rasht,Sports,Running Shoes,4,120,480
4453,2025-06-24,Kelly Hicks,Tabriz,Home Appliances,Vacuum Cleaner,5,300,1500
4454,2024-05-29,Anna Jackson,Shiraz,Sports,Running Shoes,4,120,480
4455,2025-12-29,Steven Thompson,Rasht,Sports,Basketball,5,35,175
4456,2024-10-25,James Jones,Qom,Home Appliances,Refrigerator,1,1800,1800
4457,2024-03-19,Edward Jones,Ahvaz,Electronics,Tablet,2,500,1000
4458,2025-02-24,Jason Lopez,Kermanshah,Electronics,Headphones,1,150,150
4459,2025-04-20,Richard Herring,Mashhad,Sports,Football,3,30,90
4460,2024-06-04,Harry Brown,Karaj,Electronics,Smart Watch,3,250,750
4461,2025-02-19,Judy Brown,Rasht,Home Appliances,Vacuum Cleaner,5,300,1500
4462,2025-02-20,Christopher Goodwin,Tabriz,Home Appliances,Vacuum Cleaner,4,300,1200
4463,2025-06-07,John Davis,Ahvaz,Books,Python Programming,4,45,180
4464,2024-02-23,Robert Johnson,Tehran,Sports,Football,5,30,150
4465,2025-01-03,Mr. Phillip Smith DDS,Karaj,Home Appliances,Microwave,2,220,440
4466,2024-12-25,Danielle Johnson,Isfahan,Sports,Football,4,30,120
4467,2025-05-19,Lauren Townsend,Rasht,Electronics,Laptop,5,1200,6000
4468,2024-06-04,Jeremy Orr,Rasht,Books,Algorithms,1,70,70
4469,2024-12-18,George Lopez,Rasht,Sports,Tennis Racket,5,180,900
4470,2024-08-06,Mark Watkins,Mashhad,Electronics,Headphones,4,150,600
4471,2024-08-24,Emily Richards,Ahvaz,Home Appliances,Vacuum Cleaner,2,300,600
4472,2024-08-12,Michael Cooley,Ahvaz,Books,Data Science Handbook,4,60,240
4473,2024-01-22,Michael Mclaughlin,Mashhad,Sports,Football,3,30,90
4474,2025-05-13,Brendan Chase,Rasht,Books,Clean Code,2,55,110
4475,2025-11-22,Jeremy Todd,Shiraz,Electronics,Laptop,2,1200,2400
4476,2025-04-25,Walter Gill,Shiraz,Electronics,Smart Watch,2,250,500
4477,2024-05-09,Nathan Grant,Tabriz,Books,Python Programming,2,45,90
4478,2024-01-12,Lauren Petersen,Qom,Books,Algorithms,1,70,70
4479,2024-12-05,Michael Sheppard,Qom,Electronics,Laptop,1,1200,1200
4480,2025-11-06,Tyler Stuart,Isfahan,Sports,Running Shoes,2,120,240
4481,2024-08-22,Sonya Munoz,Isfahan,Books,Clean Code,2,55,110
4482,2025-10-20,Cynthia Pineda,Shiraz,Electronics,Laptop,1,1200,1200
4483,2025-06-19,Rebecca Jones,Tabriz,Sports,Running Shoes,3,120,360
4484,2024-08-04,Terri Gutierrez,Tehran,Electronics,Smart Watch,2,250,500
4485,2024-10-17,Carl Jones,Tehran,Home Appliances,Refrigerator,4,1800,7200
4486,2024-12-11,Christina Brown,Tehran,Home Appliances,Refrigerator,2,1800,3600
4487,2024-11-15,Annette Moon,Qom,Sports,Running Shoes,4,120,480
4488,2025-09-22,Dale Carter,Isfahan,Sports,Basketball,1,35,35
4489,2025-03-14,Deborah Leon,Ahvaz,Home Appliances,Vacuum Cleaner,3,300,900
4490,2025-05-20,Terry Moore,Rasht,Home Appliances,Microwave,5,220,1100
4491,2025-04-29,Kathy Ritter,Rasht,Home Appliances,Refrigerator,2,1800,3600
4492,2024-04-24,Ryan Hudson,Tabriz,Books,Clean Code,1,55,55
4493,2025-01-14,John Ramsey,Rasht,Electronics,Tablet,5,500,2500
4494,2024-01-29,Jennifer Mcmillan,Shiraz,Home Appliances,Air Conditioner,3,2000,6000
4495,2024-03-16,Christine Shelton,Karaj,Home Appliances,Refrigerator,5,1800,9000
4496,2025-05-20,Robert Blanchard,Qom,Sports,Running Shoes,3,120,360
4497,2025-12-10,Kenneth Stephens,Tehran,Home Appliances,Microwave,5,220,1100
4498,2024-01-11,David Norris,Karaj,Books,Machine Learning,1,80,80
4499,2025-11-23,Melissa Jensen,Tabriz,Home Appliances,Washing Machine,2,1500,3000
4500,2025-02-12,Edwin Moore,Tehran,Sports,Basketball,1,35,35
4501,2024-03-02,Lisa Hudson,Tabriz,Electronics,Headphones,3,150,450
4502,2024-09-17,Jill Henderson,Tabriz,Books,Algorithms,3,70,210
4503,2024-06-26,Jillian Thomas,Ahvaz,Home Appliances,Washing Machine,5,1500,7500
4504,2024-01-25,Jared Smith,Qom,Home Appliances,Washing Machine,5,1500,7500
4505,2024-02-23,Laura Larson,Tehran,Electronics,Smartphone,5,800,4000
4506,2025-09-02,Ashley Taylor,Shiraz,Sports,Football,1,30,30
4507,2025-04-28,Robert Huynh,Shiraz,Books,Clean Code,2,55,110
4508,2025-05-21,Scott White,Mashhad,Electronics,Smartphone,1,800,800
4509,2025-03-12,Heather Ellison,Kermanshah,Home Appliances,Refrigerator,2,1800,3600
4510,2025-01-14,Cameron Turner,Rasht,Sports,Basketball,5,35,175
4511,2025-09-24,Matthew Edwards,Shiraz,Electronics,Smartphone,1,800,800
4512,2025-03-23,Samantha Nelson,Isfahan,Sports,Running Shoes,4,120,480
4513,2024-01-11,Jeffrey Harris,Ahvaz,Home Appliances,Air Conditioner,1,2000,2000
4514,2025-09-13,Jeremiah Martin,Tabriz,Electronics,Smart Watch,1,250,250
4515,2024-12-06,Jasmine Webster,Shiraz,Books,Python Programming,3,45,135
4516,2024-02-09,William Morgan,Tabriz,Sports,Fitness Band,1,90,90
4517,2024-03-29,Kendra Lara,Rasht,Home Appliances,Vacuum Cleaner,5,300,1500
4518,2025-07-15,Paula Moreno,Ahvaz,Sports,Running Shoes,3,120,360
4519,2025-11-29,Andrew Trevino,Karaj,Home Appliances,Microwave,2,220,440
4520,2024-03-15,Eric Johnson,Tabriz,Home Appliances,Microwave,3,220,660
4521,2024-10-30,Laura Davis,Qom,Electronics,Smart Watch,4,250,1000
4522,2025-01-30,Derek Erickson,Rasht,Sports,Basketball,4,35,140
4523,2025-10-23,Thomas Roberts,Rasht,Electronics,Headphones,3,150,450
4524,2025-07-10,Charles Keller,Karaj,Sports,Basketball,1,35,35
4525,2024-12-19,Wendy Jackson,Kermanshah,Electronics,Laptop,3,1200,3600
4526,2024-11-25,Michelle Olson,Tabriz,Sports,Running Shoes,5,120,600
4527,2025-07-11,Jonathan Roberts,Mashhad,Books,Clean Code,1,55,55
4528,2024-07-15,Bonnie Johnson,Kermanshah,Sports,Tennis Racket,4,180,720
4529,2024-04-15,Erin Vasquez,Rasht,Electronics,Laptop,5,1200,6000
4530,2024-12-10,Jason Williams,Ahvaz,Books,Algorithms,5,70,350
4531,2024-05-26,Randall Burgess,Kermanshah,Sports,Running Shoes,1,120,120
4532,2024-05-03,Gina Collier,Karaj,Electronics,Headphones,2,150,300
4533,2025-07-12,Haley Smith,Mashhad,Sports,Fitness Band,2,90,180
4534,2025-09-01,Kristina Smith,Shiraz,Home Appliances,Refrigerator,1,1800,1800
4535,2025-12-07,Gregory Hernandez,Tabriz,Electronics,Smart Watch,3,250,750
4536,2024-12-02,Mrs. Sherry Burns,Karaj,Home Appliances,Washing Machine,2,1500,3000
4537,2024-04-29,Steven Gomez,Rasht,Sports,Fitness Band,3,90,270
4538,2025-07-17,Jaime Boyer,Isfahan,Sports,Football,2,30,60
4539,2025-09-10,Brittany Jackson,Karaj,Home Appliances,Washing Machine,2,1500,3000
4540,2025-07-06,Lisa Blackburn,Qom,Electronics,Headphones,1,150,150
4541,2025-11-01,Jeremy Henry,Ahvaz,Books,Algorithms,5,70,350
4542,2024-12-04,Gabriel Hall,Mashhad,Sports,Basketball,3,35,105
4543,2024-08-06,Thomas Clarke,Qom,Home Appliances,Microwave,4,220,880
4544,2024-07-12,Doris Rodriguez,Shiraz,Books,Python Programming,2,45,90
4545,2024-04-11,Eric Ferguson,Shiraz,Electronics,Tablet,5,500,2500
4546,2024-02-28,Cathy Howell,Shiraz,Electronics,Laptop,5,1200,6000
4547,2025-12-13,Jason Sanchez,Tehran,Books,Python Programming,5,45,225
4548,2024-01-15,Joseph Hill,Karaj,Electronics,Headphones,5,150,750
4549,2025-10-01,Susan Taylor,Mashhad,Home Appliances,Vacuum Cleaner,5,300,1500
4550,2024-05-12,Joel Williams,Rasht,Electronics,Laptop,2,1200,2400
4551,2025-12-20,Mr. Scott Dawson Jr.,Kermanshah,Electronics,Smartphone,5,800,4000
4552,2025-05-07,Donna Ritter,Shiraz,Sports,Football,3,30,90
4553,2025-07-18,Lauren Jackson,Karaj,Home Appliances,Vacuum Cleaner,2,300,600
4554,2024-01-11,Amanda Larson,Mashhad,Home Appliances,Refrigerator,2,1800,3600
4555,2025-11-08,Brian Williams,Kermanshah,Electronics,Smart Watch,2,250,500
4556,2025-07-20,Jaime Allen,Isfahan,Sports,Tennis Racket,2,180,360
4557,2024-10-10,Daniel Gonzales,Qom,Home Appliances,Air Conditioner,4,2000,8000
4558,2025-12-05,Catherine Moore,Kermanshah,Electronics,Smartphone,1,800,800
4559,2024-10-08,Crystal Sloan,Kermanshah,Books,Python Programming,5,45,225
4560,2025-05-17,Melissa Boyle,Karaj,Books,Algorithms,2,70,140
4561,2025-10-10,Sarah Watkins,Ahvaz,Books,Machine Learning,4,80,320
4562,2025-11-24,Timothy Potts,Rasht,Sports,Basketball,1,35,35
4563,2024-01-26,Bradley Jackson,Isfahan,Electronics,Laptop,1,1200,1200
4564,2025-06-04,Angela Ryan,Shiraz,Electronics,Tablet,3,500,1500
4565,2025-03-27,Jason Torres,Mashhad,Sports,Basketball,3,35,105
4566,2024-06-03,Gabriella Garcia,Isfahan,Sports,Football,4,30,120
4567,2024-04-23,Cynthia Harvey,Shiraz,Sports,Basketball,4,35,140
4568,2025-04-14,Ralph Lee,Qom,Home Appliances,Microwave,3,220,660
4569,2024-02-29,Adam Ford,Shiraz,Home Appliances,Washing Machine,5,1500,7500
4570,2025-01-16,Jesus Benitez,Kermanshah,Home Appliances,Vacuum Cleaner,2,300,600
4571,2025-05-03,Andrew Graham,Kermanshah,Electronics,Laptop,3,1200,3600
4572,2025-08-12,Joshua Smith,Qom,Books,Python Programming,5,45,225
4573,2025-02-22,Michael Park,Ahvaz,Home Appliances,Microwave,5,220,1100
4574,2024-12-27,Kristen King,Qom,Home Appliances,Vacuum Cleaner,1,300,300
4575,2024-01-27,Jessica Smith,Mashhad,Books,Algorithms,4,70,280
4576,2024-04-02,Abigail Taylor,Karaj,Sports,Tennis Racket,3,180,540
4577,2025-08-11,Rebecca Jones,Ahvaz,Sports,Tennis Racket,3,180,540
4578,2024-10-28,Sheri Fuentes,Shiraz,Books,Algorithms,3,70,210
4579,2025-03-10,Christopher Cline,Shiraz,Books,Python Programming,2,45,90
4580,2025-02-11,Marissa Williams,Mashhad,Sports,Running Shoes,2,120,240
4581,2025-09-12,Matthew Miller,Mashhad,Electronics,Laptop,3,1200,3600
4582,2024-12-25,Leslie Davidson,Tehran,Sports,Fitness Band,2,90,180
4583,2025-05-21,Shane Rogers,Isfahan,Books,Machine Learning,1,80,80
4584,2024-05-07,Robert Robinson,Isfahan,Electronics,Smart Watch,4,250,1000
4585,2025-01-28,Erin Powell,Mashhad,Home Appliances,Refrigerator,5,1800,9000
4586,2025-02-07,Kyle Jensen,Shiraz,Books,Python Programming,1,45,45
4587,2024-07-15,Mark Velez,Kermanshah,Books,Machine Learning,2,80,160
4588,2025-01-04,Diana Garcia,Tehran,Books,Machine Learning,3,80,240
4589,2024-10-17,Natalie Miller,Tehran,Books,Machine Learning,5,80,400
4590,2025-05-16,Sarah Woodard,Shiraz,Home Appliances,Refrigerator,2,1800,3600
4591,2025-03-06,Kimberly Wong,Rasht,Home Appliances,Microwave,5,220,1100
4592,2024-06-19,Gregory Flores,Ahvaz,Electronics,Smartphone,3,800,2400
4593,2024-07-09,Shannon Sutton,Rasht,Home Appliances,Air Conditioner,5,2000,10000
4594,2024-12-08,Christopher Hurst,Isfahan,Sports,Fitness Band,3,90,270
4595,2025-11-20,Jonathan Weaver,Shiraz,Sports,Basketball,2,35,70
4596,2025-12-18,Michael Anderson,Tabriz,Sports,Running Shoes,3,120,360
4597,2024-08-14,Michele Cooper,Rasht,Sports,Football,5,30,150
4598,2024-05-31,Jaime Pacheco,Shiraz,Books,Clean Code,3,55,165
4599,2024-11-20,William Rasmussen,Rasht,Sports,Football,1,30,30
4600,2025-04-08,Joseph Jones,Isfahan,Books,Machine Learning,3,80,240
4601,2025-02-25,Monica Aguirre,Rasht,Home Appliances,Vacuum Cleaner,3,300,900
4602,2024-02-20,Bryan Burnett,Kermanshah,Sports,Football,2,30,60
4603,2024-06-10,Michael Greene,Rasht,Sports,Basketball,2,35,70
4604,2025-11-28,Shane Lee,Kermanshah,Books,Machine Learning,2,80,160
4605,2024-10-21,Seth Francis,Qom,Books,Machine Learning,4,80,320
4606,2025-02-19,Desiree Jones,Tabriz,Electronics,Headphones,2,150,300
4607,2025-10-31,Edward Gibson,Tehran,Home Appliances,Air Conditioner,3,2000,6000
4608,2024-03-20,Kelly Fleming,Shiraz,Electronics,Laptop,1,1200,1200
4609,2025-06-25,Justin Kim,Ahvaz,Sports,Running Shoes,4,120,480
4610,2024-02-09,Valerie Hale,Qom,Books,Data Science Handbook,4,60,240
4611,2025-05-27,Ashley Ferguson,Qom,Sports,Running Shoes,4,120,480
4612,2025-05-03,David Schmitt,Isfahan,Sports,Fitness Band,1,90,90
4613,2025-11-27,Sandra Perez,Karaj,Home Appliances,Vacuum Cleaner,5,300,1500
4614,2024-03-28,Gregory Chapman,Tabriz,Electronics,Laptop,1,1200,1200
4615,2025-05-02,Michael Grant,Qom,Electronics,Headphones,2,150,300
4616,2025-11-19,Michael Mendoza,Rasht,Electronics,Laptop,5,1200,6000
4617,2024-04-16,Jay Ellis,Karaj,Electronics,Laptop,3,1200,3600
4618,2024-04-26,Blake Manning,Isfahan,Home Appliances,Refrigerator,3,1800,5400
4619,2025-07-27,Julie Brown,Tabriz,Sports,Basketball,1,35,35
4620,2024-12-30,Jeffrey Jackson,Rasht,Sports,Running Shoes,1,120,120
4621,2025-07-31,Kathleen Thomas,Qom,Home Appliances,Microwave,4,220,880
4622,2024-01-03,Brenda Carson,Shiraz,Electronics,Headphones,2,150,300
4623,2025-06-15,Erik Davis,Ahvaz,Electronics,Smart Watch,2,250,500
4624,2024-01-17,Jennifer Becker,Mashhad,Home Appliances,Microwave,5,220,1100
4625,2025-03-07,Nicholas Hall,Isfahan,Books,Machine Learning,2,80,160
4626,2025-04-06,Rebecca Wheeler,Qom,Books,Python Programming,3,45,135
4627,2025-02-01,Vanessa Hernandez,Shiraz,Home Appliances,Air Conditioner,3,2000,6000
4628,2024-10-30,Vickie Allen,Mashhad,Home Appliances,Washing Machine,3,1500,4500
4629,2025-09-07,Carol Davis,Qom,Electronics,Laptop,5,1200,6000
4630,2025-06-01,Jennifer Welch,Rasht,Electronics,Laptop,4,1200,4800
4631,2024-03-02,Christine Williams,Karaj,Electronics,Laptop,1,1200,1200
4632,2025-01-29,Kristen Copeland,Karaj,Home Appliances,Vacuum Cleaner,5,300,1500
4633,2024-05-26,Michael Mullins,Ahvaz,Books,Data Science Handbook,3,60,180
4634,2024-10-28,John Berger,Tabriz,Home Appliances,Vacuum Cleaner,2,300,600
4635,2024-07-26,Adam Contreras,Qom,Sports,Tennis Racket,2,180,360
4636,2025-07-08,Elizabeth Mejia,Kermanshah,Books,Machine Learning,1,80,80
4637,2025-07-13,Ashley Sanchez,Mashhad,Books,Python Programming,1,45,45
4638,2024-12-20,Sydney Moran,Karaj,Sports,Basketball,3,35,105
4639,2024-07-22,Dr. Latoya Garrison,Mashhad,Sports,Basketball,5,35,175
4640,2024-04-18,Maria Russo,Tehran,Books,Machine Learning,3,80,240
4641,2025-05-17,Dwayne Cervantes,Kermanshah,Home Appliances,Washing Machine,2,1500,3000
4642,2024-04-09,Kyle Cook,Rasht,Books,Machine Learning,3,80,240
4643,2024-04-17,Ashley Stanton,Shiraz,Sports,Tennis Racket,4,180,720
4644,2024-05-08,David Reyes,Karaj,Books,Clean Code,5,55,275
4645,2024-06-01,Annette Jones,Kermanshah,Sports,Running Shoes,5,120,600
4646,2024-01-09,Sandra Johnson,Kermanshah,Home Appliances,Vacuum Cleaner,4,300,1200
4647,2025-07-10,Susan Woods,Tehran,Books,Machine Learning,2,80,160
4648,2024-10-06,Kari Mason,Isfahan,Home Appliances,Vacuum Cleaner,2,300,600
4649,2024-11-09,Autumn Escobar,Kermanshah,Books,Algorithms,5,70,350
4650,2025-04-11,Thomas Copeland,Isfahan,Books,Clean Code,4,55,220
4651,2025-08-18,Amanda Fisher,Qom,Home Appliances,Microwave,3,220,660
4652,2024-05-15,Mallory Walker,Karaj,Books,Algorithms,4,70,280
4653,2025-08-04,Douglas Cooper,Tabriz,Electronics,Smart Watch,2,250,500
4654,2024-08-14,Omar Phelps,Mashhad,Sports,Basketball,3,35,105
4655,2024-05-27,Joe Nash,Ahvaz,Electronics,Smartphone,5,800,4000
4656,2024-12-04,Terry Salazar,Karaj,Sports,Tennis Racket,2,180,360
4657,2025-08-14,Brittany Burns,Ahvaz,Sports,Basketball,2,35,70
4658,2025-12-30,John Lawson,Shiraz,Books,Clean Code,5,55,275
4659,2024-01-23,Mitchell Zhang,Tabriz,Electronics,Smartphone,2,800,1600
4660,2025-11-20,Michael Johnston,Ahvaz,Books,Data Science Handbook,2,60,120
4661,2024-11-28,Billy Sheppard,Kermanshah,Electronics,Smart Watch,4,250,1000
4662,2024-08-08,Toni Cox,Mashhad,Sports,Running Shoes,3,120,360
4663,2025-07-15,Christina Roberson,Rasht,Books,Data Science Handbook,1,60,60
4664,2024-10-03,Eric Lamb,Qom,Books,Data Science Handbook,3,60,180
4665,2024-01-08,Nicholas Hughes,Tehran,Electronics,Smart Watch,2,250,500
4666,2025-03-29,Debra Miller,Shiraz,Electronics,Smartphone,2,800,1600
4667,2025-11-23,Kim Miller,Kermanshah,Electronics,Headphones,2,150,300
4668,2025-03-28,Troy Bryant,Tehran,Books,Algorithms,5,70,350
4669,2025-10-09,Jared Greer,Mashhad,Home Appliances,Washing Machine,1,1500,1500
4670,2025-01-28,Charles Gomez,Kermanshah,Books,Python Programming,3,45,135
4671,2025-10-26,David Davis,Qom,Sports,Tennis Racket,1,180,180
4672,2024-08-20,Kevin Holloway,Karaj,Home Appliances,Washing Machine,4,1500,6000
4673,2025-01-19,Connor Smith,Ahvaz,Sports,Basketball,5,35,175
4674,2025-01-10,Patrick Hall,Tabriz,Home Appliances,Refrigerator,4,1800,7200
4675,2025-11-04,Elizabeth Roberts,Rasht,Electronics,Tablet,1,500,500
4676,2025-10-14,David Avery,Tabriz,Books,Clean Code,3,55,165
4677,2025-08-25,Michelle Johnson,Shiraz,Sports,Tennis Racket,3,180,540
4678,2024-11-22,Ronnie Andrews,Isfahan,Home Appliances,Refrigerator,1,1800,1800
4679,2024-07-26,Dorothy Williams,Mashhad,Sports,Football,5,30,150
4680,2025-08-07,Keith Williams PhD,Karaj,Electronics,Tablet,1,500,500
4681,2024-01-31,Louis Butler,Tabriz,Home Appliances,Air Conditioner,1,2000,2000
4682,2024-11-14,Michelle Rivas,Mashhad,Books,Clean Code,3,55,165
4683,2025-04-15,Victoria Roberson,Tabriz,Electronics,Headphones,1,150,150
4684,2025-05-23,Sharon Dawson,Tehran,Home Appliances,Vacuum Cleaner,5,300,1500
4685,2024-03-20,Kathy Mcintyre,Tehran,Sports,Tennis Racket,1,180,180
4686,2025-08-09,Valerie Wilcox DVM,Tabriz,Electronics,Tablet,3,500,1500
4687,2025-10-09,Cassandra Smith,Shiraz,Electronics,Laptop,3,1200,3600
4688,2025-10-21,Candice Bailey,Ahvaz,Home Appliances,Vacuum Cleaner,4,300,1200
4689,2025-01-06,Marissa Escobar,Rasht,Home Appliances,Microwave,5,220,1100
4690,2025-03-19,Ashley Eaton,Karaj,Home Appliances,Refrigerator,1,1800,1800
4691,2025-09-23,Cheryl Cox,Tabriz,Sports,Running Shoes,5,120,600
4692,2024-03-13,Eric Nguyen,Qom,Books,Clean Code,1,55,55
4693,2025-07-23,Charles Bell,Mashhad,Sports,Running Shoes,2,120,240
4694,2024-08-26,Anthony Lane,Tehran,Sports,Basketball,4,35,140
4695,2024-01-18,Robert Hughes,Kermanshah,Home Appliances,Microwave,2,220,440
4696,2024-08-08,Christina Rodriguez,Tabriz,Books,Clean Code,3,55,165
4697,2024-02-25,Gina Roberts,Kermanshah,Home Appliances,Vacuum Cleaner,1,300,300
4698,2025-07-27,Leslie Hamilton,Qom,Sports,Football,2,30,60
4699,2024-09-05,Megan Bond,Ahvaz,Books,Algorithms,2,70,140
4700,2025-04-03,Mark Anderson,Qom,Home Appliances,Washing Machine,1,1500,1500
4701,2024-12-04,David Nguyen,Isfahan,Books,Clean Code,1,55,55
4702,2024-08-20,Jessica Hudson,Karaj,Home Appliances,Washing Machine,4,1500,6000
4703,2025-11-23,Tracy Lucas,Tehran,Sports,Basketball,2,35,70
4704,2025-01-26,Veronica Montoya,Tehran,Books,Machine Learning,3,80,240
4705,2024-01-27,Jennifer Hampton,Tehran,Home Appliances,Microwave,3,220,660
4706,2024-09-17,Tyler Maldonado,Isfahan,Home Appliances,Air Conditioner,5,2000,10000
4707,2024-04-15,Justin Sullivan,Isfahan,Home Appliances,Washing Machine,2,1500,3000
4708,2025-02-09,Marc Arias,Mashhad,Home Appliances,Microwave,4,220,880
4709,2024-12-09,Jared Wright,Ahvaz,Home Appliances,Washing Machine,2,1500,3000
4710,2024-08-16,Lori Fox,Qom,Electronics,Laptop,3,1200,3600
4711,2024-11-21,Elizabeth Craig,Isfahan,Electronics,Smart Watch,2,250,500
4712,2024-07-24,Laura Thomas,Kermanshah,Sports,Basketball,3,35,105
4713,2024-09-03,Eric Fisher,Kermanshah,Electronics,Tablet,4,500,2000
4714,2024-11-24,Tammy Wilson,Isfahan,Sports,Running Shoes,1,120,120
4715,2024-06-06,Jackie Cuevas,Isfahan,Sports,Tennis Racket,4,180,720
4716,2025-06-29,Chad Burton,Kermanshah,Electronics,Smartphone,4,800,3200
4717,2025-12-07,Brandon Williams,Kermanshah,Electronics,Laptop,3,1200,3600
4718,2025-10-19,Lori Solis,Qom,Sports,Basketball,3,35,105
4719,2024-01-19,Danielle Steele,Ahvaz,Electronics,Laptop,4,1200,4800
4720,2024-10-07,Austin Pham,Rasht,Electronics,Smart Watch,3,250,750
4721,2024-12-26,Scott Jones,Isfahan,Home Appliances,Refrigerator,1,1800,1800
4722,2025-01-23,John Fritz,Shiraz,Home Appliances,Washing Machine,4,1500,6000
4723,2025-01-23,Mr. Raymond Garcia DDS,Qom,Electronics,Tablet,1,500,500
4724,2025-01-04,John Humphrey,Tehran,Electronics,Headphones,4,150,600
4725,2025-07-31,John Houston,Shiraz,Electronics,Smart Watch,5,250,1250
4726,2024-11-12,April Weaver,Kermanshah,Sports,Basketball,5,35,175
4727,2024-02-02,Jared Nelson,Tehran,Books,Python Programming,5,45,225
4728,2025-11-20,Christopher Craig,Isfahan,Books,Machine Learning,5,80,400
4729,2024-09-28,Barbara Greene,Shiraz,Home Appliances,Vacuum Cleaner,5,300,1500
4730,2024-12-19,Cassandra Hodges,Tabriz,Home Appliances,Refrigerator,2,1800,3600
4731,2024-01-26,James Carroll,Mashhad,Home Appliances,Vacuum Cleaner,1,300,300
4732,2025-08-25,Phillip Watkins,Mashhad,Home Appliances,Air Conditioner,1,2000,2000
4733,2025-10-10,Mario Martin,Qom,Sports,Basketball,2,35,70
4734,2024-01-01,Veronica Whitaker,Kermanshah,Home Appliances,Refrigerator,2,1800,3600
4735,2025-04-07,Valerie Browning,Kermanshah,Sports,Football,5,30,150
4736,2024-03-27,Gina Nguyen,Karaj,Electronics,Tablet,4,500,2000
4737,2025-04-28,Jerry Kirby,Kermanshah,Books,Machine Learning,5,80,400
4738,2024-05-31,Carl Hamilton,Rasht,Sports,Basketball,2,35,70
4739,2025-03-11,Kim Swanson,Isfahan,Books,Data Science Handbook,3,60,180
4740,2024-11-28,Emily Powell,Ahvaz,Books,Machine Learning,1,80,80
4741,2025-07-21,Michelle Brown,Tabriz,Books,Machine Learning,1,80,80
4742,2025-03-03,James Brooks,Mashhad,Home Appliances,Washing Machine,2,1500,3000
4743,2024-11-22,Ryan Park,Ahvaz,Sports,Tennis Racket,5,180,900
4744,2024-01-25,Alvin Sanders,Rasht,Books,Algorithms,1,70,70
4745,2024-01-19,Tonya Aguirre,Isfahan,Home Appliances,Microwave,3,220,660
4746,2024-06-15,Megan Taylor,Karaj,Sports,Running Shoes,3,120,360
4747,2024-03-24,Lynn Smith,Karaj,Electronics,Tablet,1,500,500
4748,2025-09-02,Kevin Thompson,Kermanshah,Books,Machine Learning,4,80,320
4749,2025-12-12,Nathan Mosley,Ahvaz,Home Appliances,Vacuum Cleaner,2,300,600
4750,2025-02-02,Angel Cook,Mashhad,Electronics,Headphones,1,150,150
4751,2025-01-09,Shannon Guzman,Isfahan,Sports,Tennis Racket,5,180,900
4752,2024-09-03,Dustin Simpson,Tehran,Electronics,Smart Watch,3,250,750
4753,2024-02-16,Anthony Fowler,Isfahan,Electronics,Smart Watch,1,250,250
4754,2025-02-16,Katie Robertson,Tabriz,Sports,Running Shoes,2,120,240
4755,2025-12-04,Robert Whitehead,Mashhad,Home Appliances,Vacuum Cleaner,5,300,1500
4756,2025-05-25,Richard Gentry,Qom,Electronics,Smart Watch,4,250,1000
4757,2025-02-17,Mrs. Lisa Smith,Rasht,Sports,Basketball,1,35,35
4758,2024-11-05,Zachary Ramirez,Shiraz,Home Appliances,Air Conditioner,1,2000,2000
4759,2024-09-21,Jason Phillips,Isfahan,Home Appliances,Microwave,2,220,440
4760,2024-07-07,Hector Graves,Tabriz,Home Appliances,Refrigerator,1,1800,1800
4761,2024-04-21,Eddie Washington,Mashhad,Home Appliances,Vacuum Cleaner,1,300,300
4762,2025-05-09,Brian Jones,Kermanshah,Home Appliances,Air Conditioner,1,2000,2000
4763,2025-03-26,William Mitchell,Shiraz,Books,Data Science Handbook,1,60,60
4764,2024-12-26,Peggy Pearson,Karaj,Sports,Tennis Racket,2,180,360
4765,2024-04-17,Michele Arias,Ahvaz,Electronics,Laptop,3,1200,3600
4766,2025-04-09,Cindy Bryan,Isfahan,Sports,Tennis Racket,1,180,180
4767,2024-01-26,Kenneth Washington,Rasht,Home Appliances,Washing Machine,4,1500,6000
4768,2024-03-03,Kenneth Miller,Karaj,Home Appliances,Air Conditioner,2,2000,4000
4769,2024-07-29,William Fleming,Qom,Home Appliances,Air Conditioner,2,2000,4000
4770,2025-05-16,Michael Sanford,Qom,Sports,Football,4,30,120
4771,2024-11-01,Samuel Mcmillan,Shiraz,Home Appliances,Air Conditioner,1,2000,2000
4772,2025-11-06,Kevin Moon,Isfahan,Sports,Football,3,30,90
4773,2024-07-06,Jacqueline Hoffman,Qom,Books,Data Science Handbook,4,60,240
4774,2025-10-17,Melissa Watson,Kermanshah,Sports,Basketball,3,35,105
4775,2024-01-14,Steven Frederick,Shiraz,Books,Algorithms,2,70,140
4776,2025-06-08,Diana Wolfe,Rasht,Sports,Tennis Racket,5,180,900
4777,2024-07-02,Amanda Romero,Karaj,Electronics,Smartphone,4,800,3200
4778,2024-10-25,John Gallagher,Qom,Electronics,Smartphone,1,800,800
4779,2024-03-22,Stephanie Goodwin,Mashhad,Sports,Football,3,30,90
4780,2024-10-28,Jermaine Cain,Rasht,Books,Clean Code,2,55,110
4781,2025-10-16,Bruce Garcia,Tehran,Sports,Running Shoes,1,120,120
4782,2024-03-18,Jacob Crawford,Mashhad,Sports,Basketball,2,35,70
4783,2025-03-23,David Perry,Mashhad,Home Appliances,Microwave,1,220,220
4784,2025-07-05,Nicole Spencer,Karaj,Electronics,Tablet,5,500,2500
4785,2024-03-02,Maria Smith,Tabriz,Home Appliances,Washing Machine,2,1500,3000
4786,2025-02-09,Mr. John Smith,Tehran,Sports,Running Shoes,5,120,600
4787,2025-04-24,Walter Vargas,Tabriz,Home Appliances,Microwave,3,220,660
4788,2024-09-27,Joanna Miller,Rasht,Books,Machine Learning,1,80,80
4789,2025-06-08,Kelly Hancock,Kermanshah,Electronics,Tablet,3,500,1500
4790,2024-12-10,Robert Mora,Shiraz,Sports,Basketball,4,35,140
4791,2025-12-16,David Shea,Isfahan,Electronics,Headphones,1,150,150
4792,2025-10-14,John Solomon,Karaj,Sports,Football,5,30,150
4793,2024-07-08,Tyler Clark,Isfahan,Electronics,Laptop,3,1200,3600
4794,2024-01-14,Lisa Dunn,Rasht,Home Appliances,Washing Machine,2,1500,3000
4795,2025-09-22,Kelly Pena,Shiraz,Books,Algorithms,2,70,140
4796,2025-04-01,Wanda Hernandez,Kermanshah,Home Appliances,Air Conditioner,3,2000,6000
4797,2024-11-29,Justin Williams,Karaj,Electronics,Tablet,2,500,1000
4798,2024-03-20,Katie Barker,Shiraz,Sports,Tennis Racket,3,180,540
4799,2025-12-16,Harry Waller,Qom,Sports,Running Shoes,1,120,120
4800,2025-03-17,Laura Thomas,Ahvaz,Electronics,Headphones,1,150,150
4801,2024-12-07,Lisa Smith,Rasht,Books,Algorithms,5,70,350
4802,2024-04-30,Christian Carter,Isfahan,Sports,Tennis Racket,4,180,720
4803,2024-08-28,Lindsey Nielsen,Shiraz,Books,Algorithms,5,70,350
4804,2025-11-12,Mr. Curtis Porter MD,Karaj,Sports,Football,4,30,120
4805,2024-05-17,Meagan Dean,Mashhad,Books,Data Science Handbook,1,60,60
4806,2025-02-18,Greg Morris,Kermanshah,Books,Data Science Handbook,2,60,120
4807,2025-11-05,Mason Martin,Qom,Sports,Fitness Band,3,90,270
4808,2024-11-01,Cindy Johnson,Ahvaz,Electronics,Headphones,4,150,600
4809,2024-03-06,Michael Sanders,Kermanshah,Home Appliances,Microwave,1,220,220
4810,2024-07-02,Sarah Fischer,Isfahan,Books,Algorithms,2,70,140
4811,2024-03-31,Judy Walsh,Karaj,Electronics,Smartphone,1,800,800
4812,2025-12-17,Peter Todd,Tehran,Home Appliances,Air Conditioner,4,2000,8000
4813,2024-06-16,Bradley Pierce,Ahvaz,Home Appliances,Vacuum Cleaner,1,300,300
4814,2024-01-31,Dale Weber,Tabriz,Books,Clean Code,4,55,220
4815,2024-01-02,Jennifer Key,Mashhad,Sports,Basketball,5,35,175
4816,2025-12-18,Natasha Luna,Karaj,Books,Data Science Handbook,3,60,180
4817,2025-08-05,Christopher Perez,Mashhad,Electronics,Tablet,4,500,2000
4818,2025-08-20,Deanna Lee,Isfahan,Sports,Tennis Racket,1,180,180
4819,2024-05-24,Christina Gallagher,Shiraz,Home Appliances,Vacuum Cleaner,3,300,900
4820,2025-10-30,Andrew Sullivan,Mashhad,Electronics,Laptop,1,1200,1200
4821,2024-03-14,Alison Warren,Shiraz,Books,Machine Learning,1,80,80
4822,2025-08-12,Amber Castillo,Kermanshah,Home Appliances,Refrigerator,2,1800,3600
4823,2024-08-15,Anthony Jones,Ahvaz,Electronics,Tablet,1,500,500
4824,2025-10-28,Terrence Guerrero,Ahvaz,Books,Algorithms,5,70,350
4825,2025-09-12,Anthony Garcia,Shiraz,Sports,Basketball,2,35,70
4826,2025-08-22,Jennifer Hunt,Rasht,Books,Machine Learning,2,80,160
4827,2025-07-30,Betty Lucero,Tehran,Electronics,Headphones,1,150,150
4828,2024-10-04,Scott Harris,Qom,Books,Clean Code,3,55,165
4829,2025-09-11,Mrs. Lori Schmidt,Ahvaz,Sports,Football,3,30,90
4830,2025-06-27,Claudia Massey,Isfahan,Electronics,Smartphone,4,800,3200
4831,2024-09-17,Steven Hill,Ahvaz,Electronics,Smartphone,2,800,1600
4832,2025-04-12,Erin Guzman,Shiraz,Home Appliances,Refrigerator,4,1800,7200
4833,2024-01-07,David Mendez,Karaj,Books,Machine Learning,2,80,160
4834,2025-06-07,Michael Riddle,Isfahan,Electronics,Headphones,3,150,450
4835,2025-12-30,Gabrielle Miller,Tehran,Electronics,Smart Watch,3,250,750
4836,2025-02-13,Michelle Hughes,Mashhad,Electronics,Tablet,4,500,2000
4837,2024-08-28,Jennifer Patterson,Rasht,Home Appliances,Vacuum Cleaner,1,300,300
4838,2024-09-13,Ronald Deleon,Qom,Books,Clean Code,3,55,165
4839,2025-06-17,Timothy Lara,Ahvaz,Books,Data Science Handbook,2,60,120
4840,2024-06-30,Troy Larson,Shiraz,Electronics,Laptop,1,1200,1200
4841,2024-09-17,Adam Woodard,Qom,Home Appliances,Refrigerator,4,1800,7200
4842,2025-03-20,Patricia Henderson,Mashhad,Books,Clean Code,5,55,275
4843,2025-07-18,Erica Stephens,Karaj,Books,Clean Code,2,55,110
4844,2024-08-25,Linda Williams,Tehran,Books,Data Science Handbook,2,60,120
4845,2025-10-23,Paige Payne,Tabriz,Electronics,Laptop,1,1200,1200
4846,2024-05-10,Alicia Rowe,Tabriz,Sports,Fitness Band,2,90,180
4847,2025-04-07,Natalie Bush,Shiraz,Electronics,Laptop,3,1200,3600
4848,2024-08-15,Marc Manning,Isfahan,Books,Python Programming,3,45,135
4849,2024-08-23,Zachary Hoffman,Rasht,Sports,Basketball,1,35,35
4850,2024-06-14,Patricia Spears,Tehran,Sports,Tennis Racket,5,180,900
4851,2025-05-26,Stephanie Moran,Isfahan,Home Appliances,Air Conditioner,5,2000,10000
4852,2025-10-31,Emily Miller,Kermanshah,Books,Data Science Handbook,2,60,120
4853,2025-02-08,Brian Romero,Tehran,Books,Python Programming,3,45,135
4854,2025-07-27,Kerry Mitchell,Rasht,Sports,Running Shoes,4,120,480
4855,2025-04-05,Taylor Sanchez,Ahvaz,Electronics,Tablet,3,500,1500
4856,2024-06-22,Natalie Carr,Karaj,Home Appliances,Vacuum Cleaner,3,300,900
4857,2024-09-02,Courtney Keith,Tabriz,Sports,Running Shoes,5,120,600
4858,2025-01-08,Dawn Boone,Rasht,Electronics,Headphones,1,150,150
4859,2025-11-22,Ronald Flores,Kermanshah,Home Appliances,Vacuum Cleaner,4,300,1200
4860,2024-07-01,Elizabeth Duncan,Tabriz,Sports,Basketball,5,35,175
4861,2024-01-10,Joshua Reilly,Qom,Books,Algorithms,3,70,210
4862,2025-02-04,Donna Sheppard,Isfahan,Home Appliances,Washing Machine,2,1500,3000
4863,2024-06-26,Jacob Nelson,Mashhad,Home Appliances,Air Conditioner,5,2000,10000
4864,2025-09-11,Maria Case,Ahvaz,Sports,Fitness Band,4,90,360
4865,2024-07-15,John Sanchez,Tehran,Sports,Football,3,30,90
4866,2025-01-06,Todd Cummings,Kermanshah,Books,Data Science Handbook,5,60,300
4867,2024-09-18,Mrs. Tina Jefferson,Kermanshah,Sports,Tennis Racket,1,180,180
4868,2025-02-17,Kenneth Kidd,Tehran,Electronics,Tablet,1,500,500
4869,2024-04-27,Mr. Andrew Allen,Ahvaz,Books,Python Programming,2,45,90
4870,2025-05-16,Dr. Tiffany Martinez MD,Ahvaz,Home Appliances,Washing Machine,1,1500,1500
4871,2025-08-20,William Little,Karaj,Electronics,Headphones,5,150,750
4872,2025-09-25,Christina Carpenter,Shiraz,Electronics,Laptop,2,1200,2400
4873,2025-02-24,Tiffany Green,Kermanshah,Sports,Running Shoes,1,120,120
4874,2024-01-21,Heather Allen,Karaj,Electronics,Tablet,2,500,1000
4875,2025-03-16,Thomas Kirby,Shiraz,Home Appliances,Air Conditioner,4,2000,8000
4876,2024-05-10,Erin Silva,Tabriz,Electronics,Tablet,3,500,1500
4877,2024-06-03,Sara Martin,Qom,Electronics,Headphones,4,150,600
4878,2025-08-04,Jose Frazier,Karaj,Sports,Fitness Band,1,90,90
4879,2025-12-13,Heather Petersen,Isfahan,Sports,Tennis Racket,4,180,720
4880,2025-11-15,Johnathan Garner,Tehran,Electronics,Laptop,1,1200,1200
4881,2025-01-04,Amanda Lowery,Kermanshah,Electronics,Smart Watch,2,250,500
4882,2024-08-16,Tina Melendez,Karaj,Electronics,Smart Watch,4,250,1000
4883,2025-02-17,Angela Brooks,Rasht,Electronics,Tablet,1,500,500
4884,2025-08-03,Holly Martin,Qom,Electronics,Tablet,2,500,1000
4885,2024-07-14,Bryan Shaw,Kermanshah,Electronics,Tablet,3,500,1500
4886,2025-01-19,Christy Salazar,Kermanshah,Home Appliances,Vacuum Cleaner,3,300,900
4887,2025-10-12,Karen Rios,Isfahan,Sports,Football,5,30,150
4888,2024-07-26,Michelle Torres,Shiraz,Sports,Running Shoes,3,120,360
4889,2025-07-11,Brian Cruz,Karaj,Home Appliances,Air Conditioner,4,2000,8000
4890,2025-10-10,Nicholas Michael,Shiraz,Books,Data Science Handbook,1,60,60
4891,2025-10-21,Morgan Kim PhD,Isfahan,Home Appliances,Refrigerator,3,1800,5400
4892,2025-09-15,Douglas Smith,Mashhad,Home Appliances,Air Conditioner,2,2000,4000
4893,2024-01-29,Roberto White,Ahvaz,Books,Machine Learning,1,80,80
4894,2025-02-01,Maria Morrison,Tehran,Books,Machine Learning,5,80,400
4895,2025-08-07,Donald Coleman,Tabriz,Books,Python Programming,4,45,180
4896,2025-05-28,Kenneth Cowan,Rasht,Books,Data Science Handbook,4,60,240
4897,2024-05-12,Brandon Price,Tehran,Books,Data Science Handbook,4,60,240
4898,2025-10-01,David Howe,Karaj,Electronics,Headphones,4,150,600
4899,2025-10-02,Cheyenne Mcmillan,Kermanshah,Electronics,Headphones,3,150,450
4900,2024-02-25,Amy Singh,Tabriz,Electronics,Smartphone,3,800,2400
4901,2025-02-01,Leslie Lewis,Ahvaz,Books,Algorithms,5,70,350
4902,2024-05-23,Arthur Stevens,Kermanshah,Home Appliances,Microwave,5,220,1100
4903,2025-12-09,Audrey Wood MD,Tehran,Electronics,Headphones,5,150,750
4904,2025-05-02,Paul Holt,Tehran,Books,Algorithms,3,70,210
4905,2025-02-03,Justin Wilson,Tehran,Electronics,Smartphone,1,800,800
4906,2025-04-17,Daniel Patton,Tehran,Books,Clean Code,5,55,275
4907,2024-03-13,Shirley Steele,Tehran,Books,Clean Code,5,55,275
4908,2025-04-26,David Zuniga,Isfahan,Books,Clean Code,3,55,165
4909,2024-06-17,Virginia Conway,Kermanshah,Electronics,Laptop,2,1200,2400
4910,2025-09-02,Michael Villarreal,Kermanshah,Home Appliances,Air Conditioner,4,2000,8000
4911,2024-08-20,Erica Yang,Isfahan,Electronics,Headphones,4,150,600
4912,2024-02-07,Krista Carlson,Ahvaz,Home Appliances,Washing Machine,3,1500,4500
4913,2025-02-14,Victoria Bryant DDS,Karaj,Books,Clean Code,5,55,275
4914,2024-03-13,Alexander Brown,Tehran,Electronics,Smartphone,2,800,1600
4915,2025-10-18,Jacqueline Barrera,Ahvaz,Home Appliances,Vacuum Cleaner,4,300,1200
4916,2024-08-05,Sandra Shelton,Qom,Electronics,Smart Watch,4,250,1000
4917,2024-02-25,Jacob Adams,Ahvaz,Electronics,Tablet,3,500,1500
4918,2024-12-06,Dawn Sanchez,Mashhad,Sports,Running Shoes,5,120,600
4919,2024-03-14,Brady Hunter,Karaj,Sports,Football,5,30,150
4920,2024-04-30,Xavier Ayala,Kermanshah,Electronics,Smart Watch,1,250,250
4921,2025-09-29,Kevin Ortiz,Shiraz,Electronics,Smartphone,1,800,800
4922,2024-12-18,Christopher Higgins,Mashhad,Home Appliances,Washing Machine,4,1500,6000
4923,2025-02-08,Cheryl Monroe,Karaj,Electronics,Smart Watch,1,250,250
4924,2024-06-20,Christopher Chavez,Mashhad,Electronics,Smart Watch,3,250,750
4925,2024-07-29,James Travis,Tabriz,Books,Clean Code,5,55,275
4926,2024-04-22,Timothy Roach,Ahvaz,Electronics,Smart Watch,2,250,500
4927,2024-04-08,Lori Cox,Shiraz,Sports,Tennis Racket,4,180,720
4928,2024-07-30,Brenda Arnold,Shiraz,Home Appliances,Vacuum Cleaner,2,300,600
4929,2024-11-08,Sarah Leonard,Qom,Books,Machine Learning,2,80,160
4930,2025-11-26,Stephanie Cain,Shiraz,Books,Python Programming,5,45,225
4931,2024-04-22,Madison Oconnor,Kermanshah,Sports,Tennis Racket,2,180,360
4932,2025-01-12,William Maxwell,Qom,Electronics,Smartphone,5,800,4000
4933,2025-11-25,Joan Beard,Mashhad,Electronics,Smart Watch,1,250,250
4934,2024-08-09,Kimberly Lane,Shiraz,Home Appliances,Refrigerator,4,1800,7200
4935,2025-11-27,Christina Hunter,Kermanshah,Sports,Running Shoes,5,120,600
4936,2025-12-25,Chelsey Morris,Tabriz,Home Appliances,Vacuum Cleaner,1,300,300
4937,2024-11-09,Austin Anderson,Kermanshah,Electronics,Smartphone,2,800,1600
4938,2025-06-26,Mrs. Samantha Robbins,Mashhad,Books,Data Science Handbook,3,60,180
4939,2024-02-11,Michael Miller,Kermanshah,Sports,Running Shoes,3,120,360
4940,2025-04-08,Thomas Thomas,Isfahan,Sports,Fitness Band,4,90,360
4941,2025-03-13,Joanna Cuevas,Kermanshah,Electronics,Laptop,3,1200,3600
4942,2024-03-06,John Murray,Shiraz,Home Appliances,Air Conditioner,5,2000,10000
4943,2025-11-23,Emily Miller,Tehran,Sports,Tennis Racket,4,180,720
4944,2025-08-16,James Frey,Shiraz,Sports,Basketball,3,35,105
4945,2025-03-13,Tina Ballard,Ahvaz,Electronics,Headphones,3,150,450
4946,2024-11-12,Marcus Nguyen,Isfahan,Books,Algorithms,1,70,70
4947,2025-06-17,Joseph Johnson,Karaj,Books,Python Programming,1,45,45
4948,2025-04-14,Arthur Acosta,Kermanshah,Books,Data Science Handbook,2,60,120
4949,2025-01-07,David Johnson,Karaj,Electronics,Laptop,1,1200,1200
4950,2024-02-13,David Ryan,Qom,Electronics,Laptop,2,1200,2400
4951,2024-07-28,Angela Coleman,Karaj,Sports,Running Shoes,4,120,480
4952,2025-11-30,Michael Mcconnell,Kermanshah,Home Appliances,Washing Machine,2,1500,3000
4953,2024-08-13,Lisa Hall,Tabriz,Books,Python Programming,1,45,45
4954,2025-06-09,Michelle Elliott,Tehran,Electronics,Laptop,2,1200,2400
4955,2025-10-21,Sandra Decker,Tehran,Books,Data Science Handbook,1,60,60
4956,2024-04-11,Donna Davis,Tabriz,Sports,Running Shoes,2,120,240
4957,2025-05-01,William Tate,Ahvaz,Books,Python Programming,5,45,225
4958,2025-06-01,Brett Wilson,Karaj,Books,Algorithms,2,70,140
4959,2024-04-05,Jeremy Anderson,Mashhad,Sports,Fitness Band,4,90,360
4960,2025-04-02,Kimberly Baker,Rasht,Sports,Fitness Band,4,90,360
4961,2025-03-01,Hannah Miller,Karaj,Home Appliances,Microwave,2,220,440
4962,2025-02-03,Martha Williams,Mashhad,Sports,Football,4,30,120
4963,2024-11-22,Travis Hoffman,Mashhad,Electronics,Smartphone,5,800,4000
4964,2024-11-20,Devon Jensen,Shiraz,Electronics,Smartphone,5,800,4000
4965,2025-02-28,Tammy Sandoval,Isfahan,Home Appliances,Refrigerator,1,1800,1800
4966,2024-06-05,Andrea Riley,Mashhad,Sports,Tennis Racket,4,180,720
4967,2025-06-16,Susan Miller,Mashhad,Electronics,Tablet,3,500,1500
4968,2024-07-08,Erin Graham,Ahvaz,Electronics,Tablet,3,500,1500
4969,2024-07-18,William Bradley,Kermanshah,Sports,Basketball,1,35,35
4970,2025-05-18,Jamie Stewart,Tabriz,Electronics,Tablet,2,500,1000
4971,2025-11-15,Ryan Arnold,Karaj,Electronics,Smart Watch,1,250,250
4972,2025-06-16,Mary Wiggins,Qom,Electronics,Smartphone,1,800,800
4973,2025-04-13,Tara Dunn,Rasht,Sports,Tennis Racket,1,180,180
4974,2025-08-11,Kevin Schmidt,Rasht,Electronics,Tablet,3,500,1500
4975,2025-12-21,Kelly Hubbard,Isfahan,Home Appliances,Vacuum Cleaner,4,300,1200
4976,2024-07-22,Jennifer Castillo,Mashhad,Sports,Running Shoes,2,120,240
4977,2024-08-24,Cameron Johnson MD,Isfahan,Electronics,Laptop,3,1200,3600
4978,2025-04-12,Kelsey Baker,Tabriz,Sports,Football,5,30,150
4979,2025-12-14,Carrie Davila,Shiraz,Sports,Football,5,30,150
4980,2024-04-30,Ryan Mitchell,Tehran,Home Appliances,Refrigerator,1,1800,1800
4981,2024-04-07,Tyler Kim,Mashhad,Home Appliances,Microwave,1,220,220
4982,2024-02-18,Virginia Morgan,Kermanshah,Books,Data Science Handbook,2,60,120
4983,2024-03-02,Kimberly Ware,Kermanshah,Electronics,Headphones,1,150,150
4984,2025-11-05,Antonio Reeves,Shiraz,Home Appliances,Microwave,3,220,660
4985,2024-08-03,Mark Jenkins,Ahvaz,Sports,Fitness Band,4,90,360
4986,2025-10-18,Michael Ortega,Tehran,Books,Algorithms,2,70,140
4987,2024-08-14,Thomas Turner,Karaj,Sports,Running Shoes,2,120,240
4988,2024-08-03,Jennifer Allison,Karaj,Electronics,Headphones,4,150,600
4989,2025-09-18,Tiffany Davis,Ahvaz,Electronics,Laptop,4,1200,4800
4990,2025-09-14,Christopher Mercado,Ahvaz,Home Appliances,Vacuum Cleaner,1,300,300
4991,2024-01-21,Deborah Ortiz,Qom,Sports,Fitness Band,5,90,450
4992,2024-11-02,Rita Bishop,Kermanshah,Home Appliances,Air Conditioner,1,2000,2000
4993,2024-09-09,Wayne Lee,Ahvaz,Books,Machine Learning,2,80,160
4994,2025-12-01,Daniel Barnes,Qom,Home Appliances,Washing Machine,3,1500,4500
4995,2025-07-10,Timothy Franco,Shiraz,Electronics,Laptop,4,1200,4800
4996,2024-08-30,Patricia Hardin,Tehran,Home Appliances,Washing Machine,2,1500,3000
4997,2024-10-17,Jacqueline Miller,Mashhad,Sports,Running Shoes,3,120,360
4998,2025-12-04,Maria Cochran,Rasht,Books,Clean Code,1,55,55
4999,2024-05-20,Jeff Strickland,Karaj,Books,Data Science Handbook,1,60,60
5000,2025-10-19,Nicholas Hogan,Shiraz,Sports,Running Shoes,5,120,600
5001,2025-06-10,Anna Williams,Tehran,Home Appliances,Air Conditioner,1,2000,2000
5002,2025-10-06,Arthur Taylor,Qom,Sports,Tennis Racket,3,180,540
5003,2024-06-13,Jimmy Hernandez,Isfahan,Books,Machine Learning,4,80,320
5004,2024-10-16,Jonathan Ramsey,Rasht,Sports,Running Shoes,4,120,480
5005,2024-08-10,Eric Jones,Tabriz,Sports,Football,5,30,150
5006,2025-02-12,Laura Robertson,Isfahan,Electronics,Laptop,3,1200,3600
5007,2024-06-09,Christopher Walker,Isfahan,Sports,Tennis Racket,5,180,900
5008,2025-09-15,Paul Chan,Mashhad,Sports,Tennis Racket,3,180,540
5009,2024-03-15,Kimberly Jones,Mashhad,Home Appliances,Air Conditioner,1,2000,2000
5010,2025-10-12,Jason Huynh,Karaj,Books,Python Programming,5,45,225
5011,2024-09-05,Mr. Matthew Mcmahon,Tabriz,Home Appliances,Microwave,3,220,660
5012,2025-06-08,Diana Gonzalez,Qom,Books,Algorithms,2,70,140
5013,2024-12-10,Edwin Soto,Rasht,Home Appliances,Vacuum Cleaner,4,300,1200
5014,2024-09-04,Levi Davis,Tehran,Home Appliances,Washing Machine,3,1500,4500
5015,2025-11-24,Jordan Gonzalez,Tehran,Sports,Basketball,1,35,35
5016,2024-07-02,Michele Gomez,Tehran,Electronics,Headphones,2,150,300
5017,2024-11-02,Rodney Gay,Shiraz,Sports,Tennis Racket,4,180,720
5018,2025-07-08,Wendy Shepherd,Ahvaz,Home Appliances,Vacuum Cleaner,5,300,1500
5019,2024-06-08,Joseph David,Ahvaz,Electronics,Tablet,5,500,2500
5020,2025-04-11,Heather Taylor,Karaj,Books,Clean Code,2,55,110
5021,2024-09-28,Veronica Lewis,Isfahan,Home Appliances,Refrigerator,2,1800,3600
5022,2024-10-20,Susan Tran,Ahvaz,Electronics,Smartphone,3,800,2400
5023,2025-08-26,Scott Jackson,Tabriz,Home Appliances,Refrigerator,3,1800,5400
5024,2025-02-23,Luis Ortiz,Shiraz,Home Appliances,Vacuum Cleaner,1,300,300
5025,2024-05-07,Cindy Cochran,Isfahan,Home Appliances,Refrigerator,5,1800,9000
5026,2025-01-18,William Lawson,Mashhad,Sports,Running Shoes,3,120,360
5027,2024-03-29,Ronald Werner,Isfahan,Electronics,Smartphone,3,800,2400
5028,2025-12-03,Jessica Howell,Qom,Sports,Football,5,30,150
5029,2025-12-09,Joseph Kelley,Tabriz,Home Appliances,Air Conditioner,5,2000,10000
5030,2024-11-27,Michael Mitchell,Shiraz,Books,Algorithms,1,70,70
5031,2025-10-07,John Cook,Qom,Books,Algorithms,2,70,140
5032,2025-12-07,Aimee Brown,Isfahan,Sports,Fitness Band,3,90,270
5033,2024-09-25,Lauren Edwards,Tehran,Books,Data Science Handbook,1,60,60
5034,2024-04-25,Crystal Bell,Kermanshah,Books,Python Programming,2,45,90
5035,2024-06-27,Nancy Miller,Isfahan,Books,Machine Learning,2,80,160
5036,2024-06-29,Jennifer Daniels,Tabriz,Books,Algorithms,3,70,210
5037,2024-02-05,Timothy Bradford,Kermanshah,Electronics,Laptop,2,1200,2400
5038,2024-01-13,Jeffrey Walker,Ahvaz,Books,Python Programming,2,45,90
5039,2024-08-25,Joshua Carter,Isfahan,Sports,Basketball,3,35,105
5040,2025-06-16,Edward Patel,Ahvaz,Electronics,Headphones,1,150,150
5041,2025-06-22,Daniel Carter,Qom,Home Appliances,Refrigerator,3,1800,5400
5042,2024-04-23,Kaitlyn Eaton,Isfahan,Electronics,Laptop,3,1200,3600
5043,2025-12-08,Katherine Riley,Mashhad,Sports,Fitness Band,2,90,180
5044,2024-10-06,Logan Bright,Tehran,Electronics,Smartphone,2,800,1600
5045,2025-03-11,Gregory Jones,Tabriz,Home Appliances,Microwave,1,220,220
5046,2024-05-25,David Foley,Karaj,Books,Python Programming,3,45,135
5047,2024-01-20,Samantha Anderson,Kermanshah,Electronics,Smartphone,3,800,2400
5048,2024-11-19,Erika Henry,Mashhad,Electronics,Laptop,2,1200,2400
5049,2025-05-04,Dylan Best,Tabriz,Sports,Basketball,4,35,140
5050,2024-06-21,Craig Baxter,Tabriz,Books,Machine Learning,4,80,320
5051,2025-10-30,Derrick Lam,Mashhad,Sports,Basketball,4,35,140
5052,2025-03-31,Monique Jensen,Tehran,Sports,Running Shoes,5,120,600
5053,2025-12-20,Cassandra Vazquez,Karaj,Electronics,Laptop,5,1200,6000
5054,2025-06-28,Megan Martin,Ahvaz,Electronics,Headphones,1,150,150
5055,2025-01-28,Phyllis Mata,Qom,Home Appliances,Microwave,4,220,880
5056,2025-02-24,Sarah Fernandez,Tabriz,Home Appliances,Microwave,5,220,1100
5057,2025-04-01,Sarah Coleman,Ahvaz,Home Appliances,Vacuum Cleaner,2,300,600
5058,2025-07-28,Bryan Garcia,Qom,Books,Machine Learning,3,80,240
5059,2025-05-06,Vicki Castro,Isfahan,Home Appliances,Microwave,1,220,220
5060,2025-12-15,Tiffany King,Ahvaz,Books,Machine Learning,2,80,160
5061,2024-07-23,Kathleen Kirby,Tehran,Books,Clean Code,2,55,110
5062,2025-01-27,Tristan Walker,Qom,Electronics,Smart Watch,1,250,250
5063,2025-06-18,Julie Brown,Qom,Books,Python Programming,5,45,225
5064,2025-02-20,Andre Santiago,Shiraz,Sports,Football,2,30,60
5065,2024-10-21,Ryan Johnson,Shiraz,Books,Data Science Handbook,2,60,120
5066,2024-03-06,Michael Mcdonald,Karaj,Books,Python Programming,2,45,90
5067,2024-12-12,Timothy Hernandez,Qom,Sports,Football,1,30,30
5068,2025-08-10,Danielle Gross,Tehran,Electronics,Headphones,4,150,600
5069,2025-09-14,Megan Wells,Shiraz,Sports,Fitness Band,3,90,270
5070,2025-11-18,Kimberly Ryan,Karaj,Home Appliances,Washing Machine,3,1500,4500
5071,2025-03-01,Sara Jennings,Qom,Books,Clean Code,1,55,55
5072,2024-11-25,Tracey Knight,Kermanshah,Home Appliances,Refrigerator,1,1800,1800
5073,2024-09-02,Matthew Smith,Tabriz,Home Appliances,Vacuum Cleaner,1,300,300
5074,2025-05-02,Craig Thompson,Tabriz,Electronics,Headphones,3,150,450
5075,2024-07-12,Sarah Williams,Tabriz,Sports,Basketball,3,35,105
5076,2024-03-10,Sarah Ross,Kermanshah,Sports,Basketball,1,35,35
5077,2025-03-05,Kathryn Thompson,Ahvaz,Home Appliances,Microwave,3,220,660
5078,2025-03-26,Kristen Berg,Kermanshah,Home Appliances,Refrigerator,5,1800,9000
5079,2024-06-20,Kristine Harrison,Tehran,Books,Python Programming,2,45,90
5080,2025-03-05,Julie Blackwell,Tehran,Sports,Tennis Racket,5,180,900
5081,2024-01-23,Charles Kramer,Qom,Electronics,Smart Watch,2,250,500
5082,2024-12-25,Joanne Chaney,Shiraz,Home Appliances,Refrigerator,1,1800,1800
5083,2024-04-23,Steven Walker,Tehran,Books,Machine Learning,3,80,240
5084,2024-01-09,Anna Ross,Kermanshah,Books,Clean Code,3,55,165
5085,2025-10-28,Justin Bailey,Rasht,Books,Data Science Handbook,4,60,240
5086,2024-08-06,Jason Davis,Mashhad,Sports,Basketball,2,35,70
5087,2024-01-02,Wesley Reed,Isfahan,Sports,Fitness Band,5,90,450
5088,2025-07-17,Dillon Roberts,Mashhad,Books,Python Programming,3,45,135
5089,2025-07-12,Michael Li,Isfahan,Books,Algorithms,3,70,210
5090,2025-10-15,Tamara Giles,Ahvaz,Electronics,Laptop,5,1200,6000
5091,2024-05-28,Dana Taylor,Ahvaz,Home Appliances,Air Conditioner,2,2000,4000
5092,2025-07-08,Monica Williams,Shiraz,Sports,Running Shoes,5,120,600
5093,2024-11-08,Danielle Peck,Tabriz,Books,Algorithms,2,70,140
5094,2025-11-27,William Cox,Rasht,Books,Clean Code,5,55,275
5095,2025-03-19,Mark Williams,Tehran,Electronics,Smart Watch,1,250,250
5096,2024-07-14,Katie Peck,Karaj,Home Appliances,Vacuum Cleaner,2,300,600
5097,2024-07-09,Robin Sanchez,Karaj,Electronics,Smartphone,1,800,800
5098,2025-06-19,Jill Brown,Tabriz,Sports,Tennis Racket,2,180,360
5099,2024-02-12,Mary Nguyen,Qom,Books,Data Science Handbook,2,60,120
5100,2024-10-19,Michael Galloway,Ahvaz,Books,Clean Code,2,55,110
5101,2024-11-05,Mr. David Olson,Kermanshah,Sports,Football,2,30,60
5102,2025-05-03,Glenn Bennett,Tehran,Electronics,Smart Watch,2,250,500
5103,2025-12-09,Carlos Murphy,Karaj,Electronics,Laptop,5,1200,6000
5104,2024-01-24,Amanda Gregory,Karaj,Books,Data Science Handbook,2,60,120
5105,2025-08-24,Russell Jensen,Tehran,Sports,Basketball,5,35,175
5106,2025-08-16,Dennis Brown,Mashhad,Books,Data Science Handbook,4,60,240
5107,2024-08-25,Alexandria Mcintyre,Rasht,Electronics,Laptop,5,1200,6000
5108,2024-03-17,John Rios,Rasht,Sports,Running Shoes,2,120,240
5109,2024-11-15,Heather Coffey,Mashhad,Sports,Football,1,30,30
5110,2024-10-09,Thomas Shaw,Shiraz,Books,Clean Code,2,55,110
5111,2024-01-02,Carl Duran,Ahvaz,Books,Python Programming,4,45,180
5112,2025-04-30,Corey Johnston,Kermanshah,Electronics,Laptop,1,1200,1200
5113,2025-09-29,Austin Fernandez,Karaj,Electronics,Headphones,1,150,150
5114,2025-08-18,Edward Freeman,Rasht,Books,Data Science Handbook,2,60,120
5115,2025-05-29,Jackson Dillon,Kermanshah,Books,Algorithms,5,70,350
5116,2024-12-07,Amanda Sellers,Isfahan,Home Appliances,Air Conditioner,5,2000,10000
5117,2025-06-15,Darren Bass,Rasht,Books,Data Science Handbook,1,60,60
5118,2024-09-12,Stephanie Bartlett,Rasht,Home Appliances,Air Conditioner,5,2000,10000
5119,2024-02-03,Shannon Waters,Shiraz,Electronics,Laptop,5,1200,6000
5120,2024-12-07,Rachel Miller,Qom,Electronics,Tablet,5,500,2500
5121,2025-01-25,Kelly Adams,Tabriz,Electronics,Laptop,5,1200,6000
5122,2024-07-27,Taylor Miller,Isfahan,Sports,Basketball,5,35,175
5123,2025-10-21,Mary Molina,Karaj,Home Appliances,Refrigerator,3,1800,5400
5124,2025-11-12,Victoria Bird,Isfahan,Books,Python Programming,1,45,45
5125,2024-12-23,Donna Simon,Qom,Home Appliances,Refrigerator,3,1800,5400
5126,2024-06-24,Michael Smith,Kermanshah,Home Appliances,Washing Machine,5,1500,7500
5127,2024-09-14,Brandon Jackson,Karaj,Books,Algorithms,3,70,210
5128,2024-10-26,William Short,Tehran,Electronics,Headphones,5,150,750
5129,2024-06-21,Antonio Miller,Isfahan,Books,Python Programming,2,45,90
5130,2024-08-11,Christopher Jordan,Karaj,Sports,Running Shoes,5,120,600
5131,2025-04-29,Andrew Bullock,Tehran,Home Appliances,Washing Machine,5,1500,7500
5132,2025-12-26,Amber Callahan,Kermanshah,Books,Python Programming,4,45,180
5133,2025-05-10,Denise Russell,Tehran,Home Appliances,Vacuum Cleaner,4,300,1200
5134,2025-09-10,Christopher Murphy,Tabriz,Sports,Running Shoes,1,120,120
5135,2025-11-01,Ryan Jackson,Karaj,Electronics,Tablet,2,500,1000
5136,2024-08-13,Christopher Lewis,Shiraz,Home Appliances,Washing Machine,3,1500,4500
5137,2024-05-21,Peter Williams,Isfahan,Sports,Running Shoes,1,120,120
5138,2025-11-01,Derek Lewis,Mashhad,Books,Python Programming,2,45,90
5139,2025-07-15,Madison Mcgee,Isfahan,Sports,Football,1,30,30
5140,2024-10-19,Tammy Price,Tabriz,Home Appliances,Microwave,3,220,660
5141,2024-04-26,Charles Campbell,Qom,Sports,Running Shoes,3,120,360
5142,2025-03-23,Margaret Rodriguez,Shiraz,Home Appliances,Refrigerator,4,1800,7200
5143,2024-09-11,Ronald Hamilton,Mashhad,Electronics,Smart Watch,3,250,750
5144,2024-10-03,Caroline Robbins,Tehran,Home Appliances,Microwave,3,220,660
5145,2025-11-02,Jaclyn Morales,Isfahan,Electronics,Smart Watch,4,250,1000
5146,2024-03-25,Ricky Brown,Mashhad,Electronics,Tablet,5,500,2500
5147,2024-11-03,Tom Crosby,Kermanshah,Electronics,Smartphone,2,800,1600
5148,2025-01-27,Nathan Fernandez,Tehran,Books,Python Programming,3,45,135
5149,2025-04-16,Jennifer Lopez,Mashhad,Books,Machine Learning,5,80,400
5150,2025-01-27,Veronica King,Qom,Electronics,Tablet,4,500,2000
5151,2024-05-13,Alan Silva,Ahvaz,Home Appliances,Refrigerator,4,1800,7200
5152,2024-10-12,Rebecca Harris,Qom,Sports,Running Shoes,2,120,240
5153,2025-10-12,Barbara Zhang,Tehran,Books,Clean Code,3,55,165
5154,2024-01-16,Matthew Wilkinson,Qom,Home Appliances,Refrigerator,5,1800,9000
5155,2024-05-19,Kathryn Wright,Isfahan,Electronics,Smart Watch,3,250,750
5156,2024-03-25,Courtney Smith,Rasht,Sports,Running Shoes,5,120,600
5157,2024-02-11,Alexandria Miller,Shiraz,Books,Python Programming,5,45,225
5158,2025-11-26,Brian Williams,Rasht,Home Appliances,Washing Machine,3,1500,4500
5159,2024-09-23,Erica Murray,Kermanshah,Sports,Tennis Racket,1,180,180
5160,2025-01-12,Jason Gordon,Ahvaz,Electronics,Tablet,4,500,2000
5161,2025-12-28,Holly Hartman,Tehran,Books,Algorithms,1,70,70
5162,2025-04-22,Martha Grant,Karaj,Home Appliances,Vacuum Cleaner,2,300,600
5163,2024-11-19,Mark Sloan,Tabriz,Home Appliances,Air Conditioner,2,2000,4000
5164,2024-02-18,Caitlin Berry,Isfahan,Home Appliances,Washing Machine,4,1500,6000
5165,2025-09-27,Molly Horton,Shiraz,Books,Clean Code,5,55,275
5166,2024-05-03,Mrs. Shannon Kramer DVM,Tabriz,Sports,Football,5,30,150
5167,2025-06-22,Joanna Harris,Karaj,Sports,Basketball,5,35,175
5168,2024-09-11,Eric Ingram,Isfahan,Sports,Fitness Band,1,90,90
5169,2024-04-14,Carol Johnson,Qom,Sports,Tennis Racket,1,180,180
5170,2025-10-04,Cheryl Martinez,Ahvaz,Home Appliances,Washing Machine,5,1500,7500
5171,2024-05-03,Kimberly Vance,Tabriz,Sports,Fitness Band,4,90,360
5172,2025-12-28,Jake Knapp,Kermanshah,Books,Clean Code,3,55,165
5173,2024-05-27,Melissa Foster,Mashhad,Electronics,Smartphone,1,800,800
5174,2024-07-08,Kenneth Phillips,Rasht,Electronics,Headphones,1,150,150
5175,2025-01-11,Robert Miller,Mashhad,Sports,Running Shoes,5,120,600
5176,2024-12-09,Kim Allen,Qom,Books,Clean Code,5,55,275
5177,2024-11-25,Samantha Baker,Isfahan,Electronics,Tablet,5,500,2500
5178,2025-04-18,Andrea Kline,Qom,Books,Machine Learning,1,80,80
5179,2024-10-07,Clarence Ballard,Qom,Books,Algorithms,3,70,210
5180,2025-10-06,Dr. Cristina Gay,Kermanshah,Home Appliances,Vacuum Cleaner,4,300,1200
5181,2024-09-22,James Wood,Rasht,Home Appliances,Microwave,5,220,1100
5182,2024-06-17,Derrick Peck,Kermanshah,Electronics,Headphones,5,150,750
5183,2024-07-19,Michelle Patrick,Shiraz,Books,Python Programming,5,45,225
5184,2024-06-14,Melissa Sanders,Tabriz,Electronics,Smartphone,4,800,3200
5185,2025-02-08,Haley Becker,Mashhad,Books,Clean Code,5,55,275
5186,2024-02-03,Nathaniel Estes,Qom,Electronics,Smart Watch,2,250,500
5187,2025-03-31,Adrienne Reid,Tabriz,Home Appliances,Vacuum Cleaner,5,300,1500
5188,2025-05-04,Louis Robinson,Qom,Books,Clean Code,2,55,110
5189,2025-04-25,Ann Shah,Rasht,Sports,Tennis Racket,1,180,180
5190,2025-10-08,Greg Porter,Karaj,Sports,Basketball,1,35,35
5191,2025-05-08,Jenna Duncan,Mashhad,Home Appliances,Vacuum Cleaner,4,300,1200
5192,2025-11-13,Lauren Patton,Shiraz,Books,Machine Learning,5,80,400
5193,2024-11-09,Preston Burke,Mashhad,Books,Clean Code,3,55,165
5194,2025-08-23,Eugene Conway,Qom,Home Appliances,Refrigerator,1,1800,1800
5195,2024-12-22,Patrick Reyes,Tehran,Sports,Football,3,30,90
5196,2024-09-22,Cassie Dixon,Kermanshah,Electronics,Laptop,1,1200,1200
5197,2024-02-19,Daniel Harris,Tabriz,Home Appliances,Air Conditioner,4,2000,8000
5198,2024-06-27,Nicholas Thomas,Ahvaz,Electronics,Smartphone,3,800,2400
5199,2024-03-30,Patricia Cordova,Rasht,Electronics,Laptop,2,1200,2400
5200,2024-06-11,Andrew Gregory,Tabriz,Home Appliances,Refrigerator,5,1800,9000
5201,2024-10-03,Dana Campbell,Tehran,Sports,Football,3,30,90
5202,2025-05-15,Renee Anderson,Tabriz,Home Appliances,Refrigerator,1,1800,1800
5203,2024-10-12,Chad Clark,Shiraz,Books,Python Programming,1,45,45
5204,2025-03-01,Jamie Rhodes,Tabriz,Home Appliances,Microwave,2,220,440
5205,2024-06-11,Valerie Walters,Kermanshah,Home Appliances,Vacuum Cleaner,4,300,1200
5206,2025-09-23,Sherry Fisher,Tehran,Books,Machine Learning,2,80,160
5207,2024-11-29,Tiffany Vasquez,Qom,Home Appliances,Washing Machine,3,1500,4500
5208,2024-10-12,Patricia Jones,Ahvaz,Electronics,Tablet,4,500,2000
5209,2024-11-17,Deborah Porter,Mashhad,Electronics,Smart Watch,1,250,250
5210,2024-01-06,Terri Cox,Qom,Home Appliances,Air Conditioner,5,2000,10000
5211,2025-10-13,Kimberly Whitehead,Ahvaz,Books,Algorithms,3,70,210
5212,2025-10-08,Devin Ryan,Karaj,Sports,Tennis Racket,1,180,180
5213,2025-02-08,Michael Bonilla,Shiraz,Electronics,Headphones,4,150,600
5214,2025-05-24,David Casey,Mashhad,Books,Algorithms,2,70,140
5215,2024-06-30,Thomas Horton,Ahvaz,Home Appliances,Washing Machine,3,1500,4500
5216,2024-02-21,John Greer,Mashhad,Home Appliances,Air Conditioner,3,2000,6000
5217,2025-03-24,Terrance Wilson,Tehran,Electronics,Laptop,2,1200,2400
5218,2024-11-14,Jose Calderon,Qom,Electronics,Laptop,4,1200,4800
5219,2025-01-20,Amy Bush,Qom,Sports,Fitness Band,4,90,360
5220,2024-05-24,James Nguyen,Tabriz,Books,Machine Learning,2,80,160
5221,2024-12-17,William Adams,Tehran,Electronics,Smartphone,4,800,3200
5222,2024-11-10,Sabrina Moore,Ahvaz,Home Appliances,Refrigerator,2,1800,3600
5223,2024-11-30,Dr. Nathan Espinoza,Kermanshah,Electronics,Smart Watch,5,250,1250
5224,2025-06-24,Benjamin Davis,Tabriz,Electronics,Laptop,2,1200,2400
5225,2025-03-23,Ryan Park,Ahvaz,Sports,Running Shoes,5,120,600
5226,2024-08-19,Tamara Price,Kermanshah,Sports,Football,3,30,90
5227,2025-01-25,Benjamin Chang,Qom,Home Appliances,Washing Machine,5,1500,7500
5228,2024-01-18,Jessica Nunez,Tehran,Sports,Running Shoes,4,120,480
5229,2025-01-25,Samuel Walker,Rasht,Books,Clean Code,1,55,55
5230,2024-03-18,Shelly Campbell,Isfahan,Home Appliances,Refrigerator,1,1800,1800
5231,2024-12-30,Joshua Parker,Shiraz,Sports,Fitness Band,5,90,450
5232,2024-02-01,Thomas Bell,Karaj,Books,Python Programming,1,45,45
5233,2025-07-26,David Wong,Tehran,Sports,Tennis Racket,4,180,720
5234,2024-03-11,Caleb Clark,Karaj,Electronics,Laptop,3,1200,3600
5235,2024-03-21,Adam Welch,Shiraz,Books,Machine Learning,2,80,160
5236,2024-12-29,Alec Hinton,Mashhad,Sports,Basketball,4,35,140
5237,2024-07-06,Joseph Fry,Shiraz,Electronics,Laptop,2,1200,2400
5238,2024-02-11,Erica Williamson,Ahvaz,Books,Clean Code,3,55,165
5239,2025-09-23,Alexa Davis,Kermanshah,Sports,Football,4,30,120
5240,2025-09-15,Deanna Jordan,Rasht,Books,Clean Code,4,55,220
5241,2024-06-22,Todd Turner,Karaj,Books,Clean Code,4,55,220
5242,2025-08-01,Amy Jackson,Qom,Books,Algorithms,1,70,70
5243,2024-03-08,Melanie Morris,Ahvaz,Sports,Football,3,30,90
5244,2024-08-07,Anna Roberts,Tehran,Books,Clean Code,3,55,165
5245,2024-01-07,Garrett Munoz,Tehran,Electronics,Tablet,2,500,1000
5246,2025-08-15,Edward Gibson,Qom,Electronics,Smartphone,4,800,3200
5247,2024-02-22,Jennifer Adams,Qom,Home Appliances,Vacuum Cleaner,2,300,600
5248,2025-03-25,James Green,Ahvaz,Sports,Running Shoes,1,120,120
5249,2024-12-11,Jacob Osborn,Kermanshah,Electronics,Smart Watch,3,250,750
5250,2024-01-28,Steven Thomas,Tehran,Books,Clean Code,2,55,110
5251,2024-05-24,James Perez,Shiraz,Sports,Running Shoes,1,120,120
5252,2025-07-18,Deborah Johnson,Shiraz,Sports,Tennis Racket,1,180,180
5253,2025-06-13,Paul Walker Jr.,Shiraz,Home Appliances,Vacuum Cleaner,3,300,900
5254,2024-06-01,Alexis Scott,Karaj,Electronics,Headphones,2,150,300
5255,2024-08-27,Tiffany May,Ahvaz,Books,Machine Learning,1,80,80
5256,2025-10-27,Jacob Tate,Ahvaz,Sports,Running Shoes,4,120,480
5257,2025-06-01,Theresa Mcbride,Tehran,Books,Python Programming,3,45,135
5258,2025-06-03,Joe Miller,Rasht,Home Appliances,Vacuum Cleaner,4,300,1200
5259,2025-06-11,Tracie Hensley,Shiraz,Home Appliances,Air Conditioner,3,2000,6000
5260,2024-04-22,Mr. Michael Collins,Kermanshah,Home Appliances,Washing Machine,5,1500,7500
5261,2024-12-12,Sheryl Pratt,Rasht,Electronics,Smart Watch,1,250,250
5262,2024-06-09,Benjamin Simpson MD,Rasht,Books,Machine Learning,3,80,240
5263,2024-02-26,Katie Holmes,Mashhad,Home Appliances,Washing Machine,2,1500,3000
5264,2024-07-01,Mario Howard,Ahvaz,Books,Algorithms,3,70,210
5265,2024-10-09,Johnathan Lopez,Ahvaz,Books,Algorithms,1,70,70
5266,2025-02-02,Patrick Shaw,Qom,Electronics,Tablet,3,500,1500
5267,2025-02-15,Cindy Torres,Shiraz,Electronics,Laptop,5,1200,6000
5268,2025-12-14,Brandon Kelly,Qom,Books,Python Programming,1,45,45
5269,2025-10-03,Stephen Golden,Rasht,Home Appliances,Washing Machine,5,1500,7500
5270,2025-06-21,Penny Morton,Karaj,Books,Python Programming,5,45,225
5271,2025-06-29,Patricia Williams,Kermanshah,Electronics,Tablet,1,500,500
5272,2025-05-11,Frank Wagner,Qom,Electronics,Tablet,1,500,500
5273,2024-07-15,David Simmons,Shiraz,Home Appliances,Microwave,3,220,660
5274,2025-04-30,Andrew Martin,Shiraz,Books,Machine Learning,4,80,320
5275,2025-09-20,James Smith,Qom,Home Appliances,Vacuum Cleaner,5,300,1500
5276,2024-11-01,Kaitlyn Bass,Kermanshah,Sports,Basketball,5,35,175
5277,2024-07-12,Brian Good,Shiraz,Books,Data Science Handbook,2,60,120
5278,2024-03-29,Erica Wilkinson,Mashhad,Home Appliances,Refrigerator,5,1800,9000
5279,2024-05-02,Mr. Jose Simmons,Isfahan,Books,Data Science Handbook,2,60,120
5280,2025-09-22,Michael Rogers,Tehran,Books,Clean Code,3,55,165
5281,2024-08-02,Benjamin Dougherty,Tehran,Electronics,Headphones,3,150,450
5282,2025-09-04,Vincent Brown,Ahvaz,Electronics,Laptop,3,1200,3600
5283,2024-11-21,Kathy Mitchell,Kermanshah,Sports,Basketball,5,35,175
5284,2024-10-27,Adam Dixon,Tehran,Books,Machine Learning,4,80,320
5285,2024-12-20,William Moore,Mashhad,Electronics,Smartphone,2,800,1600
5286,2025-02-27,Douglas Cook,Ahvaz,Home Appliances,Air Conditioner,1,2000,2000
5287,2025-08-15,Sarah Benson,Ahvaz,Sports,Fitness Band,1,90,90
5288,2024-10-24,Jennifer Stewart,Karaj,Home Appliances,Refrigerator,2,1800,3600
5289,2025-09-16,Richard Morales,Tabriz,Sports,Football,1,30,30
5290,2025-11-16,Amber Potter,Mashhad,Home Appliances,Vacuum Cleaner,4,300,1200
5291,2024-05-20,Samuel Stewart,Tabriz,Home Appliances,Refrigerator,2,1800,3600
5292,2025-12-15,April Vance,Shiraz,Electronics,Smart Watch,2,250,500
5293,2024-03-28,Kristina Landry,Rasht,Electronics,Laptop,5,1200,6000
5294,2025-07-24,Michelle Neal,Tabriz,Electronics,Smartphone,3,800,2400
5295,2024-02-25,Derrick Young,Ahvaz,Home Appliances,Microwave,4,220,880
5296,2024-04-27,Rachel Hart,Mashhad,Sports,Running Shoes,2,120,240
5297,2024-08-10,William Brown,Rasht,Sports,Running Shoes,2,120,240
5298,2025-01-31,Michael Burnett,Kermanshah,Electronics,Tablet,4,500,2000
5299,2025-03-13,Daniel Hernandez,Tabriz,Books,Clean Code,1,55,55
5300,2025-09-15,Joshua Sanchez,Qom,Home Appliances,Washing Machine,4,1500,6000
5301,2024-06-16,Patricia Petersen,Tabriz,Home Appliances,Vacuum Cleaner,5,300,1500
5302,2025-07-15,William Guerra,Kermanshah,Home Appliances,Refrigerator,1,1800,1800
5303,2024-02-27,Thomas Graham,Tabriz,Sports,Football,2,30,60
5304,2025-09-25,Eric Franklin,Tehran,Books,Python Programming,2,45,90
5305,2025-04-19,Brandy Lopez,Mashhad,Home Appliances,Air Conditioner,1,2000,2000
5306,2025-06-17,Tiffany Duarte,Isfahan,Sports,Fitness Band,3,90,270
5307,2024-08-17,Allison Davis,Karaj,Books,Machine Learning,4,80,320
5308,2025-05-03,Robert Brown,Ahvaz,Sports,Fitness Band,4,90,360
5309,2024-03-24,Curtis Mcintyre,Kermanshah,Electronics,Laptop,3,1200,3600
5310,2025-04-18,Amanda Colon DVM,Qom,Home Appliances,Washing Machine,3,1500,4500
5311,2025-06-20,Hannah Hancock,Mashhad,Home Appliances,Washing Machine,3,1500,4500
5312,2025-06-22,Shane Jordan,Tehran,Books,Algorithms,1,70,70
5313,2025-05-12,Stephanie James,Karaj,Electronics,Smart Watch,2,250,500
5314,2025-10-16,Jeffrey Davis,Ahvaz,Sports,Fitness Band,4,90,360
5315,2024-05-31,Jim Taylor,Rasht,Electronics,Laptop,4,1200,4800
5316,2025-02-09,Kathryn Adams,Karaj,Home Appliances,Refrigerator,3,1800,5400
5317,2024-07-15,Erin Alvarez,Shiraz,Sports,Basketball,2,35,70
5318,2024-08-04,Amy Bowman,Rasht,Sports,Fitness Band,3,90,270
5319,2024-05-11,William Pace,Tehran,Sports,Football,3,30,90
5320,2025-12-15,Amanda Sparks,Shiraz,Home Appliances,Refrigerator,4,1800,7200
5321,2025-11-27,Ann Evans,Mashhad,Home Appliances,Refrigerator,5,1800,9000
5322,2025-10-25,Jacob James,Karaj,Sports,Basketball,1,35,35
5323,2025-09-17,Daniel Burton,Karaj,Home Appliances,Washing Machine,5,1500,7500
5324,2024-05-29,Chad Moore,Tehran,Home Appliances,Microwave,4,220,880
5325,2025-08-18,Brandi Smith,Shiraz,Electronics,Laptop,1,1200,1200
5326,2025-06-30,Tyler Wright,Isfahan,Books,Data Science Handbook,4,60,240
5327,2025-11-06,Allison Knight,Ahvaz,Electronics,Tablet,3,500,1500
5328,2025-05-09,Laura Mason,Isfahan,Electronics,Smartphone,3,800,2400
5329,2025-06-08,John Woods,Karaj,Books,Data Science Handbook,5,60,300
5330,2024-12-20,Henry Thomas,Qom,Books,Machine Learning,2,80,160
5331,2025-12-13,Daniel Lowe,Tehran,Books,Algorithms,3,70,210
5332,2025-04-04,Christopher Parks,Tehran,Electronics,Headphones,4,150,600
5333,2025-12-21,Mark Graham,Qom,Books,Python Programming,5,45,225
5334,2024-04-11,Sarah Thompson,Qom,Home Appliances,Washing Machine,3,1500,4500
5335,2024-06-15,Mr. Caleb Mitchell,Rasht,Electronics,Smart Watch,5,250,1250
5336,2025-05-17,Charles Glover,Shiraz,Books,Algorithms,5,70,350
5337,2025-02-06,Jennifer Pena,Isfahan,Electronics,Smartphone,2,800,1600
5338,2024-01-21,Katie Wheeler,Ahvaz,Electronics,Laptop,4,1200,4800
5339,2025-01-22,Christopher Barton,Mashhad,Books,Data Science Handbook,5,60,300
5340,2024-05-22,Brittany Flores,Karaj,Home Appliances,Microwave,3,220,660
5341,2024-07-01,Amber Chapman,Karaj,Home Appliances,Microwave,4,220,880
5342,2024-11-07,Bethany Phillips,Isfahan,Home Appliances,Washing Machine,2,1500,3000
5343,2025-11-07,John Lynch,Karaj,Electronics,Smartphone,1,800,800
5344,2024-10-04,Emily Holland MD,Isfahan,Sports,Basketball,2,35,70
5345,2024-04-17,Tiffany Powell,Qom,Books,Machine Learning,5,80,400
5346,2024-05-24,Erica Cordova,Tabriz,Electronics,Tablet,3,500,1500
5347,2025-10-22,Robert Ward,Karaj,Sports,Football,2,30,60
5348,2024-03-29,Sherry Gilbert,Qom,Sports,Running Shoes,4,120,480
5349,2025-06-25,Sean Lawrence,Isfahan,Home Appliances,Washing Machine,1,1500,1500
5350,2025-09-28,Scott Collins,Isfahan,Electronics,Smartphone,3,800,2400
5351,2024-04-07,Carolyn Kramer,Rasht,Books,Algorithms,3,70,210
5352,2025-11-02,Sara Aguilar,Tehran,Books,Machine Learning,1,80,80
5353,2024-02-01,Dale Young,Kermanshah,Electronics,Smart Watch,5,250,1250
5354,2024-02-02,Anthony Byrd,Ahvaz,Home Appliances,Air Conditioner,4,2000,8000
5355,2025-01-24,Harold Rodriguez,Qom,Electronics,Smartphone,5,800,4000
5356,2024-12-02,Yvette White,Shiraz,Electronics,Smart Watch,3,250,750
5357,2024-05-20,Elizabeth Simpson,Shiraz,Books,Clean Code,1,55,55
5358,2024-09-21,John Stuart,Shiraz,Sports,Running Shoes,2,120,240
5359,2025-07-26,Heidi Peterson,Ahvaz,Sports,Football,5,30,150
5360,2025-03-04,Steven Chung,Tehran,Home Appliances,Washing Machine,2,1500,3000
5361,2024-12-19,Jay Williams,Tehran,Sports,Running Shoes,2,120,240
5362,2025-04-19,Steven Dominguez,Shiraz,Electronics,Headphones,3,150,450
5363,2025-08-04,Jenna Hoffman,Karaj,Sports,Tennis Racket,3,180,540
5364,2025-10-04,Karen Ortiz,Karaj,Sports,Fitness Band,5,90,450
5365,2024-11-09,Antonio Aguilar,Kermanshah,Electronics,Smartphone,2,800,1600
5366,2025-03-21,Angela Jackson,Tabriz,Home Appliances,Microwave,1,220,220
5367,2025-03-28,Brittany Sanders,Rasht,Books,Python Programming,4,45,180
5368,2024-12-20,Jennifer Harris,Kermanshah,Books,Data Science Handbook,1,60,60
5369,2025-04-18,Cynthia Scott,Karaj,Books,Machine Learning,2,80,160
5370,2024-12-09,Donald Tran,Qom,Electronics,Smartphone,2,800,1600
5371,2024-05-08,Jill Dorsey,Rasht,Home Appliances,Microwave,3,220,660
5372,2025-02-28,Victoria Stone,Rasht,Books,Data Science Handbook,4,60,240
5373,2025-10-03,Robert Mayer,Rasht,Books,Machine Learning,2,80,160
5374,2024-12-28,Jesse Hogan,Tabriz,Electronics,Tablet,1,500,500
5375,2024-09-21,Samuel Edwards,Tabriz,Electronics,Laptop,5,1200,6000
5376,2025-01-11,Mark Shepherd,Karaj,Books,Data Science Handbook,2,60,120
5377,2025-02-11,Kari Martin,Kermanshah,Sports,Running Shoes,4,120,480
5378,2024-04-17,Renee Parker DDS,Tehran,Books,Machine Learning,1,80,80
5379,2024-04-04,John Jenkins,Shiraz,Books,Clean Code,4,55,220
5380,2025-09-26,Sabrina Robinson,Qom,Sports,Tennis Racket,3,180,540
5381,2024-09-11,Robert George,Rasht,Sports,Tennis Racket,5,180,900
5382,2025-10-24,Ms. Kim Bell,Qom,Electronics,Laptop,3,1200,3600
5383,2025-12-30,Mary Carrillo DVM,Tabriz,Sports,Football,3,30,90
5384,2024-06-06,Eric Herman,Karaj,Books,Machine Learning,2,80,160
5385,2025-08-28,Angela Scott,Kermanshah,Home Appliances,Refrigerator,5,1800,9000
5386,2024-09-14,William Warren,Isfahan,Home Appliances,Washing Machine,5,1500,7500
5387,2024-07-02,Terry Sexton,Karaj,Sports,Football,5,30,150
5388,2024-06-20,Derek Williams,Tabriz,Electronics,Laptop,5,1200,6000
5389,2025-01-03,Leslie Dominguez,Qom,Sports,Football,3,30,90
5390,2025-07-16,Cassandra Huber,Mashhad,Books,Algorithms,1,70,70
5391,2025-09-20,Victor Campbell,Shiraz,Home Appliances,Refrigerator,4,1800,7200
5392,2025-12-17,Dr. Andrew Buck,Tabriz,Sports,Fitness Band,3,90,270
5393,2025-08-21,Adrian Vaughn,Rasht,Sports,Tennis Racket,3,180,540
5394,2025-03-23,Nathan Mills,Isfahan,Home Appliances,Vacuum Cleaner,1,300,300
5395,2025-12-23,Charles Bates,Tabriz,Books,Algorithms,1,70,70
5396,2024-08-06,Diana Johnson,Shiraz,Sports,Basketball,5,35,175
5397,2025-02-10,James Smith,Rasht,Sports,Football,1,30,30
5398,2024-10-18,Cynthia Woods,Isfahan,Home Appliances,Microwave,5,220,1100
5399,2024-12-31,Laura Curtis,Kermanshah,Sports,Football,2,30,60
5400,2025-06-11,Alyssa Cabrera,Tabriz,Electronics,Smartphone,5,800,4000
5401,2024-04-26,Christopher Smith,Ahvaz,Books,Python Programming,3,45,135
5402,2024-03-27,Kyle James,Tehran,Books,Clean Code,3,55,165
5403,2025-05-18,David Simmons,Isfahan,Sports,Basketball,2,35,70
5404,2024-03-22,Diana Richmond,Rasht,Electronics,Smart Watch,1,250,250
5405,2024-06-22,Kiara Rivera,Kermanshah,Sports,Fitness Band,2,90,180
5406,2024-05-12,Dylan Campbell,Karaj,Home Appliances,Vacuum Cleaner,1,300,300
5407,2024-07-21,Daniel Perez,Qom,Home Appliances,Air Conditioner,5,2000,10000
5408,2024-10-04,Richard Hopkins,Shiraz,Home Appliances,Refrigerator,1,1800,1800
5409,2024-08-21,Samuel Hill,Tehran,Electronics,Tablet,5,500,2500
5410,2024-06-04,Jasmine Ford,Tehran,Sports,Football,1,30,30
5411,2024-08-09,Beth Lopez,Mashhad,Home Appliances,Washing Machine,3,1500,4500
5412,2024-11-10,Erica Baker,Qom,Books,Algorithms,5,70,350
5413,2025-11-22,Kenneth Martin,Qom,Sports,Tennis Racket,1,180,180
5414,2025-04-03,John Mercado,Shiraz,Home Appliances,Refrigerator,2,1800,3600
5415,2024-12-03,Rebecca Lopez,Isfahan,Home Appliances,Microwave,2,220,440
5416,2025-02-24,Ralph Smith,Shiraz,Home Appliances,Air Conditioner,2,2000,4000
5417,2025-03-21,Justin Mayer,Karaj,Sports,Tennis Racket,1,180,180
5418,2024-02-25,Michael Patel,Karaj,Books,Machine Learning,5,80,400
5419,2024-04-16,Samantha Manning,Rasht,Electronics,Smart Watch,4,250,1000
5420,2025-06-06,Spencer Hanson,Qom,Books,Clean Code,4,55,220
5421,2025-12-11,Jay Huff,Mashhad,Home Appliances,Washing Machine,4,1500,6000
5422,2024-02-11,Lisa Shaw,Isfahan,Home Appliances,Washing Machine,4,1500,6000
5423,2025-11-15,Kristin Macdonald,Qom,Books,Algorithms,3,70,210
5424,2025-04-22,Sharon Cooper,Kermanshah,Sports,Fitness Band,4,90,360
5425,2025-07-05,Charles Hodges,Karaj,Books,Algorithms,2,70,140
5426,2025-04-17,Phillip Smith,Isfahan,Sports,Basketball,2,35,70
5427,2024-11-04,Bradley Thornton,Ahvaz,Electronics,Smartphone,4,800,3200
5428,2024-10-11,Randy Patrick MD,Karaj,Books,Algorithms,5,70,350
5429,2025-01-26,Bob Williams,Qom,Electronics,Smartphone,4,800,3200
5430,2024-11-02,Kimberly Bell,Kermanshah,Sports,Running Shoes,3,120,360
5431,2025-08-06,Alex Smith,Rasht,Electronics,Smartphone,5,800,4000
5432,2025-01-28,Brian Walker MD,Kermanshah,Sports,Football,4,30,120
5433,2025-08-07,Donna Stewart,Karaj,Books,Python Programming,5,45,225
5434,2024-05-18,Danny Robinson,Tabriz,Sports,Fitness Band,2,90,180
5435,2024-12-12,Zachary Casey,Mashhad,Electronics,Smartphone,2,800,1600
5436,2024-11-09,Nathan Moore,Shiraz,Sports,Basketball,4,35,140
5437,2025-06-15,Anthony Flynn,Mashhad,Home Appliances,Vacuum Cleaner,5,300,1500
5438,2025-01-30,Craig Jacobs,Mashhad,Books,Python Programming,3,45,135
5439,2024-11-30,Jacob Reed,Isfahan,Sports,Running Shoes,4,120,480
5440,2025-10-06,Richard Rodriguez,Qom,Sports,Tennis Racket,5,180,900
5441,2025-08-15,Victoria Lewis,Shiraz,Home Appliances,Microwave,1,220,220
5442,2024-02-29,Kimberly Price,Kermanshah,Books,Machine Learning,2,80,160
5443,2024-12-15,Jane Wilson,Karaj,Home Appliances,Vacuum Cleaner,1,300,300
5444,2024-05-25,Bryan Morales,Mashhad,Books,Algorithms,3,70,210
5445,2025-06-19,Bryan Foster,Shiraz,Sports,Fitness Band,3,90,270
5446,2025-11-11,April Foley,Shiraz,Sports,Running Shoes,2,120,240
5447,2025-06-24,Mark Wolfe,Ahvaz,Sports,Basketball,3,35,105
5448,2024-04-25,Barbara Gordon,Ahvaz,Electronics,Smart Watch,4,250,1000
5449,2024-04-03,Ashley Garcia,Isfahan,Sports,Tennis Racket,5,180,900
5450,2025-09-30,Rachel Wagner,Rasht,Electronics,Smart Watch,5,250,1250
5451,2025-10-13,Maria Frederick,Ahvaz,Sports,Tennis Racket,5,180,900
5452,2024-10-22,Peter Davis,Kermanshah,Sports,Basketball,3,35,105
5453,2024-08-16,Bobby Zamora,Tehran,Books,Algorithms,2,70,140
5454,2025-01-10,Michael Kaiser,Mashhad,Home Appliances,Air Conditioner,1,2000,2000
5455,2025-03-16,Susan Allen,Rasht,Sports,Running Shoes,1,120,120
5456,2024-03-03,William Green,Shiraz,Electronics,Smart Watch,5,250,1250
5457,2024-04-25,Brian Becker,Mashhad,Home Appliances,Washing Machine,4,1500,6000
5458,2024-07-29,Rachel Mcneil,Kermanshah,Electronics,Smartphone,5,800,4000
5459,2025-04-15,Kevin Jones,Tabriz,Sports,Tennis Racket,3,180,540
5460,2024-05-30,Brianna West,Isfahan,Electronics,Smart Watch,2,250,500
5461,2024-04-06,Jeff Giles,Rasht,Electronics,Smart Watch,4,250,1000
5462,2024-07-20,Angela Perez,Ahvaz,Electronics,Laptop,2,1200,2400
5463,2025-06-05,Jessica Morton,Kermanshah,Books,Algorithms,5,70,350
5464,2024-01-03,Charles Sullivan,Qom,Sports,Running Shoes,3,120,360
5465,2025-03-29,Jason Pruitt,Tabriz,Sports,Basketball,2,35,70
5466,2024-04-24,David Thomas,Shiraz,Sports,Fitness Band,4,90,360
5467,2024-09-10,Jesse Combs,Tabriz,Electronics,Smartphone,1,800,800
5468,2024-05-26,Angie Weber,Ahvaz,Books,Machine Learning,2,80,160
5469,2024-02-20,Patricia Miranda,Shiraz,Books,Clean Code,3,55,165
5470,2025-04-21,Ms. Shirley Moore,Karaj,Electronics,Smart Watch,5,250,1250
5471,2024-03-09,Larry Jackson,Shiraz,Sports,Fitness Band,2,90,180
5472,2024-08-25,Mark Brown,Qom,Electronics,Smart Watch,5,250,1250
5473,2024-06-30,Anthony Hall,Karaj,Home Appliances,Microwave,5,220,1100
5474,2025-08-26,David Vaughan,Kermanshah,Books,Python Programming,5,45,225
5475,2025-03-31,Shane Holder,Shiraz,Home Appliances,Washing Machine,4,1500,6000
5476,2024-01-03,Vanessa Lewis,Shiraz,Books,Machine Learning,2,80,160
5477,2025-05-28,Michael Grant,Mashhad,Books,Machine Learning,5,80,400
5478,2025-11-15,Dr. Matthew Murphy MD,Isfahan,Electronics,Laptop,5,1200,6000
5479,2025-11-12,Jose James,Ahvaz,Electronics,Laptop,4,1200,4800
5480,2025-06-18,Emma Padilla,Ahvaz,Electronics,Smartphone,3,800,2400
5481,2024-09-12,Mr. Scott Shields,Tehran,Sports,Football,2,30,60
5482,2024-03-14,Tamara Hamilton,Rasht,Books,Clean Code,2,55,110
5483,2024-07-29,Teresa Singleton,Isfahan,Electronics,Headphones,3,150,450
5484,2025-03-17,Michael Meza,Ahvaz,Books,Algorithms,3,70,210
5485,2025-09-02,David Clark,Ahvaz,Books,Python Programming,4,45,180
5486,2025-01-25,Vanessa Jackson,Karaj,Books,Python Programming,5,45,225
5487,2024-06-29,Michele Christian,Tabriz,Books,Clean Code,3,55,165
5488,2024-12-02,Matthew Guerrero,Tabriz,Home Appliances,Refrigerator,5,1800,9000
5489,2024-08-31,Connor Robertson,Karaj,Sports,Fitness Band,4,90,360
5490,2025-04-03,Jesus Washington,Rasht,Home Appliances,Microwave,3,220,660
5491,2025-12-26,Patricia Moyer,Karaj,Sports,Basketball,1,35,35
5492,2025-11-12,Janice Perez,Rasht,Electronics,Headphones,5,150,750
5493,2024-01-29,Tony Valentine,Shiraz,Electronics,Tablet,4,500,2000
5494,2024-03-22,Kevin Perez,Tabriz,Books,Machine Learning,3,80,240
5495,2025-09-28,Tanya Rowe,Qom,Home Appliances,Vacuum Cleaner,1,300,300
5496,2024-02-14,Isaiah Meyer,Mashhad,Sports,Fitness Band,2,90,180
5497,2024-08-07,Anthony Reyes,Ahvaz,Books,Python Programming,5,45,225
5498,2025-03-29,Nicole Daniels,Kermanshah,Books,Machine Learning,4,80,320
5499,2024-06-11,Jason Taylor,Kermanshah,Books,Python Programming,1,45,45
5500,2025-12-02,Leslie Rivera,Ahvaz,Electronics,Tablet,4,500,2000
5501,2024-11-24,Donald Horne,Karaj,Sports,Running Shoes,1,120,120
5502,2025-06-11,Andrew Santana,Shiraz,Electronics,Tablet,1,500,500
5503,2025-08-04,Teresa Morrow,Isfahan,Home Appliances,Vacuum Cleaner,4,300,1200
5504,2024-12-01,Madeline Potter,Ahvaz,Books,Data Science Handbook,1,60,60
5505,2024-01-19,Jeanette Rodriguez,Mashhad,Home Appliances,Washing Machine,2,1500,3000
5506,2025-10-04,Debra Miller,Karaj,Sports,Football,2,30,60
5507,2025-03-26,Michelle Smith,Tabriz,Books,Clean Code,3,55,165
5508,2024-05-01,Shannon Contreras,Kermanshah,Home Appliances,Washing Machine,4,1500,6000
5509,2025-08-06,Jason King,Mashhad,Books,Clean Code,3,55,165
5510,2025-05-13,Mario Miller,Karaj,Electronics,Smartphone,4,800,3200
5511,2024-11-30,Paul Hurst,Isfahan,Sports,Fitness Band,4,90,360
5512,2025-01-14,Linda Hines,Rasht,Sports,Basketball,2,35,70
5513,2025-06-17,Margaret Smith,Tabriz,Sports,Tennis Racket,5,180,900
5514,2024-10-06,Nathan Murray,Kermanshah,Home Appliances,Microwave,1,220,220
5515,2025-07-04,Susan Hahn,Isfahan,Sports,Tennis Racket,4,180,720
5516,2025-10-11,Dr. Timothy Weber MD,Shiraz,Books,Machine Learning,1,80,80
5517,2025-07-11,Samantha Moss,Qom,Books,Clean Code,3,55,165
5518,2025-07-13,Elizabeth Simpson,Isfahan,Sports,Tennis Racket,5,180,900
5519,2025-05-07,Marie Randall,Tehran,Electronics,Headphones,2,150,300
5520,2025-05-04,Jacob Tate,Karaj,Sports,Basketball,2,35,70
5521,2024-07-02,Elaine Sandoval,Rasht,Home Appliances,Microwave,1,220,220
5522,2025-03-13,Daniel Solomon,Tabriz,Home Appliances,Vacuum Cleaner,5,300,1500
5523,2025-03-12,Matthew Bennett,Tabriz,Home Appliances,Vacuum Cleaner,4,300,1200
5524,2024-09-08,Crystal Nelson,Rasht,Electronics,Headphones,4,150,600
5525,2024-06-19,Carmen Long,Kermanshah,Sports,Basketball,5,35,175
5526,2024-07-22,Michael Jordan,Mashhad,Books,Machine Learning,1,80,80
5527,2024-12-15,Donald Morrison,Kermanshah,Sports,Running Shoes,2,120,240
5528,2024-12-16,Morgan Alvarez,Mashhad,Books,Data Science Handbook,3,60,180
5529,2025-09-22,Cindy Yoder,Qom,Books,Machine Learning,4,80,320
5530,2025-03-11,Andrea Lloyd,Ahvaz,Electronics,Headphones,1,150,150
5531,2024-01-25,Paul Smith,Isfahan,Electronics,Smart Watch,3,250,750
5532,2025-12-07,John Deleon,Mashhad,Books,Data Science Handbook,5,60,300
5533,2025-07-04,Fred Velasquez,Isfahan,Home Appliances,Washing Machine,5,1500,7500
5534,2025-10-26,Tyler Holt Jr.,Shiraz,Home Appliances,Refrigerator,4,1800,7200
5535,2024-01-19,Laura Williams,Kermanshah,Sports,Football,5,30,150
5536,2024-03-12,Selena Moore,Karaj,Sports,Fitness Band,4,90,360
5537,2025-12-05,Danielle Mills,Qom,Electronics,Laptop,3,1200,3600
5538,2024-02-13,John Jones,Tehran,Electronics,Smart Watch,4,250,1000
5539,2024-05-11,Lori Parsons,Isfahan,Sports,Running Shoes,4,120,480
5540,2025-08-14,Darrell Anderson,Ahvaz,Electronics,Smartphone,2,800,1600
5541,2024-10-05,Christopher Moreno,Tabriz,Books,Algorithms,3,70,210
5542,2024-11-01,Kathleen Bryant,Kermanshah,Books,Machine Learning,1,80,80
5543,2024-05-26,Janet Lee,Karaj,Books,Clean Code,5,55,275
5544,2025-01-14,Casey Hunter,Qom,Sports,Running Shoes,5,120,600
5545,2024-03-10,Kenneth Moreno,Shiraz,Home Appliances,Washing Machine,1,1500,1500
5546,2024-10-04,Holly Krause,Kermanshah,Electronics,Smart Watch,4,250,1000
5547,2025-10-07,George Foster,Isfahan,Home Appliances,Vacuum Cleaner,5,300,1500
5548,2025-01-29,Jesse Meyer,Tabriz,Books,Algorithms,2,70,140
5549,2025-12-23,Brandon Costa,Kermanshah,Books,Python Programming,4,45,180
5550,2025-12-22,Daryl Campbell,Mashhad,Sports,Fitness Band,3,90,270
5551,2025-04-03,David Petersen,Qom,Books,Python Programming,5,45,225
5552,2024-07-30,Alexandra Zimmerman,Isfahan,Home Appliances,Refrigerator,1,1800,1800
5553,2024-01-19,Ryan Marshall,Tabriz,Electronics,Headphones,3,150,450
5554,2025-04-21,Cindy Stewart,Shiraz,Sports,Fitness Band,3,90,270
5555,2024-03-27,Melissa Powell,Kermanshah,Sports,Basketball,4,35,140
5556,2024-05-15,Paul Shaw,Ahvaz,Electronics,Headphones,2,150,300
5557,2025-07-07,Kristen Olson,Tehran,Sports,Running Shoes,3,120,360
5558,2024-01-15,Charles Fields,Isfahan,Sports,Running Shoes,3,120,360
5559,2024-02-26,Ashley Johnson,Mashhad,Sports,Basketball,1,35,35
5560,2024-11-23,Amber Moon,Tabriz,Sports,Running Shoes,1,120,120
5561,2024-01-11,Jessica Mcdonald,Rasht,Electronics,Laptop,2,1200,2400
5562,2024-02-12,Debra Baker,Karaj,Books,Clean Code,5,55,275
5563,2024-07-30,Kathryn Jenkins,Rasht,Sports,Running Shoes,2,120,240
5564,2024-11-23,Mario Tate,Qom,Electronics,Laptop,4,1200,4800
5565,2024-01-18,Andrew Williams,Qom,Sports,Basketball,4,35,140
5566,2024-10-14,Bethany Hurst,Mashhad,Sports,Fitness Band,4,90,360
5567,2025-09-02,Crystal Morris,Kermanshah,Home Appliances,Microwave,1,220,220
5568,2024-10-06,Brenda Miller,Tehran,Sports,Running Shoes,5,120,600
5569,2025-06-14,James Wells,Kermanshah,Books,Machine Learning,1,80,80
5570,2025-09-15,Michelle Wong,Isfahan,Books,Python Programming,4,45,180
5571,2024-01-29,Ryan Maldonado,Tabriz,Home Appliances,Refrigerator,2,1800,3600
5572,2024-09-01,Barbara Evans,Mashhad,Sports,Tennis Racket,3,180,540
5573,2025-06-03,Aaron Palmer,Kermanshah,Electronics,Tablet,4,500,2000
5574,2024-12-20,Kerri Wall,Ahvaz,Books,Algorithms,5,70,350
5575,2025-01-08,Lucas Coffey,Mashhad,Electronics,Smart Watch,5,250,1250
5576,2025-01-03,Miranda Espinoza,Isfahan,Home Appliances,Microwave,3,220,660
5577,2025-10-06,Craig Garrett,Shiraz,Sports,Tennis Racket,3,180,540
5578,2024-11-26,Erin Austin,Rasht,Books,Clean Code,4,55,220
5579,2024-01-08,Robert Kramer,Tehran,Books,Algorithms,4,70,280
5580,2024-04-18,Deborah Anderson,Isfahan,Books,Python Programming,3,45,135
5581,2024-01-02,Leah Fuentes,Isfahan,Sports,Football,1,30,30
5582,2024-08-09,Anthony Wright,Ahvaz,Sports,Fitness Band,2,90,180
5583,2025-01-24,Christopher Townsend,Ahvaz,Sports,Fitness Band,4,90,360
5584,2025-05-04,Mark Pennington,Kermanshah,Electronics,Laptop,5,1200,6000
5585,2025-11-29,Jeremy Brewer,Isfahan,Books,Python Programming,3,45,135
5586,2025-11-20,Vickie Sanchez,Isfahan,Books,Clean Code,1,55,55
5587,2024-10-01,James Daniels,Isfahan,Sports,Fitness Band,5,90,450
5588,2025-06-01,Amy Hawkins,Tehran,Sports,Football,5,30,150
5589,2024-07-28,Lorraine Delgado,Kermanshah,Electronics,Smart Watch,1,250,250
5590,2025-04-26,Dominique Coleman,Rasht,Electronics,Smart Watch,1,250,250
5591,2025-03-25,Elizabeth Gates,Shiraz,Sports,Running Shoes,1,120,120
5592,2024-12-30,Stephanie Nelson,Mashhad,Books,Algorithms,3,70,210
5593,2024-11-20,Joseph Robbins,Tehran,Electronics,Smart Watch,2,250,500
5594,2024-02-28,William Herrera,Qom,Home Appliances,Refrigerator,4,1800,7200
5595,2024-12-27,David Johnson,Qom,Home Appliances,Washing Machine,4,1500,6000
5596,2025-04-22,John Johnson,Qom,Home Appliances,Air Conditioner,4,2000,8000
5597,2024-06-25,Leslie Yates,Tehran,Books,Algorithms,4,70,280
5598,2024-07-18,Natasha Mendoza,Isfahan,Books,Algorithms,4,70,280
5599,2025-02-20,Roger Wright,Mashhad,Books,Python Programming,2,45,90
5600,2025-09-23,Lisa Irwin,Tehran,Books,Machine Learning,4,80,320
5601,2025-09-13,Melissa Hernandez,Tabriz,Home Appliances,Washing Machine,1,1500,1500
5602,2024-11-24,Richard Beasley,Tabriz,Sports,Basketball,1,35,35
5603,2025-11-16,Kevin Rios,Tabriz,Books,Machine Learning,5,80,400
5604,2024-05-07,Peter Herrera,Isfahan,Books,Algorithms,2,70,140
5605,2024-03-21,Daniel Le,Tehran,Home Appliances,Air Conditioner,5,2000,10000
5606,2024-10-25,Eric Rivas,Karaj,Sports,Fitness Band,1,90,90
5607,2025-02-13,David Jones,Shiraz,Electronics,Tablet,5,500,2500
5608,2024-04-13,Heather Miles,Tabriz,Books,Python Programming,5,45,225
5609,2025-06-13,Timothy Evans,Tehran,Home Appliances,Vacuum Cleaner,4,300,1200
5610,2024-02-21,Geoffrey Hicks,Qom,Home Appliances,Washing Machine,2,1500,3000
5611,2024-03-19,Devin Young,Qom,Electronics,Headphones,5,150,750
5612,2024-06-20,Tracy Moses,Karaj,Electronics,Tablet,1,500,500
5613,2024-07-09,Timothy Stewart,Isfahan,Home Appliances,Microwave,4,220,880
5614,2025-12-22,Debra Schneider,Karaj,Books,Machine Learning,4,80,320
5615,2024-06-18,William Evans,Tabriz,Books,Machine Learning,1,80,80
5616,2024-04-24,Tina Mejia,Qom,Books,Algorithms,3,70,210
5617,2025-05-23,Garrett Watson,Ahvaz,Books,Data Science Handbook,5,60,300
5618,2024-10-28,Tommy Henry,Ahvaz,Home Appliances,Vacuum Cleaner,4,300,1200
5619,2024-12-26,Jeffrey Curtis,Shiraz,Electronics,Smartphone,3,800,2400
5620,2024-08-20,Daniel Neal DDS,Ahvaz,Electronics,Smartphone,4,800,3200
5621,2025-02-15,Donald Watson,Tehran,Home Appliances,Washing Machine,3,1500,4500
5622,2025-06-26,Frank Rasmussen,Mashhad,Books,Machine Learning,3,80,240
5623,2025-11-03,Elizabeth Moreno,Shiraz,Books,Machine Learning,1,80,80
5624,2025-10-01,David Bailey,Ahvaz,Books,Data Science Handbook,5,60,300
5625,2025-04-16,Kimberly Stewart,Rasht,Electronics,Smartphone,3,800,2400
5626,2025-08-27,Andrew Collins,Karaj,Home Appliances,Vacuum Cleaner,4,300,1200
5627,2025-02-04,Stacey Roberts,Kermanshah,Home Appliances,Washing Machine,2,1500,3000
5628,2025-05-12,Mrs. Amy Young MD,Rasht,Books,Clean Code,4,55,220
5629,2024-10-23,Suzanne Clay,Rasht,Books,Python Programming,2,45,90
5630,2024-05-02,Joshua Sharp,Rasht,Books,Clean Code,3,55,165
5631,2025-11-18,Lori Williams,Tehran,Sports,Tennis Racket,2,180,360
5632,2024-12-14,Russell Hunt,Tehran,Sports,Basketball,2,35,70
5633,2025-12-06,Brooke Faulkner,Isfahan,Home Appliances,Washing Machine,3,1500,4500
5634,2025-03-16,Samantha Salazar,Tehran,Sports,Basketball,5,35,175
5635,2025-09-30,Mr. John Gutierrez,Karaj,Sports,Fitness Band,5,90,450
5636,2024-07-06,Haley Lawrence,Kermanshah,Sports,Football,5,30,150
5637,2024-02-06,Jennifer Acosta,Karaj,Sports,Basketball,4,35,140
5638,2025-05-15,Sandra Pierce,Shiraz,Electronics,Tablet,1,500,500
5639,2024-05-19,Jerry Washington,Isfahan,Books,Machine Learning,1,80,80
5640,2025-08-12,Cindy Martinez,Shiraz,Home Appliances,Refrigerator,2,1800,3600
5641,2024-09-14,James Hall,Tabriz,Sports,Football,3,30,90
5642,2024-04-13,Isabella Smith,Mashhad,Books,Clean Code,5,55,275
5643,2025-12-22,Ashley Perez,Qom,Electronics,Tablet,5,500,2500
5644,2024-04-05,Tiffany Wyatt,Ahvaz,Electronics,Smartphone,5,800,4000
5645,2025-11-08,Lori White,Isfahan,Home Appliances,Vacuum Cleaner,2,300,600
5646,2024-07-28,Joshua Smith,Ahvaz,Books,Python Programming,5,45,225
5647,2024-11-28,Susan Richardson,Qom,Home Appliances,Refrigerator,5,1800,9000
5648,2025-06-25,Megan Taylor,Rasht,Home Appliances,Vacuum Cleaner,2,300,600
5649,2024-08-24,Matthew Reeves,Mashhad,Books,Machine Learning,4,80,320
5650,2024-04-05,David Maxwell,Karaj,Home Appliances,Washing Machine,2,1500,3000
5651,2024-08-27,Ryan Wheeler,Karaj,Electronics,Laptop,3,1200,3600
5652,2024-06-30,Mark Simmons,Isfahan,Books,Algorithms,5,70,350
5653,2024-03-14,Brian Melendez,Shiraz,Electronics,Headphones,3,150,450
5654,2024-02-06,Kenneth Smith,Rasht,Sports,Tennis Racket,1,180,180
5655,2025-04-01,David Cox,Mashhad,Sports,Running Shoes,1,120,120
5656,2025-09-24,Edward Cummings,Shiraz,Electronics,Laptop,3,1200,3600
5657,2024-10-21,Dale Hodges,Shiraz,Home Appliances,Microwave,4,220,880
5658,2025-02-13,Scott Cook,Rasht,Home Appliances,Washing Machine,3,1500,4500
5659,2024-08-01,Charles Roberts,Rasht,Sports,Running Shoes,2,120,240
5660,2025-01-16,David Tran,Isfahan,Sports,Fitness Band,3,90,270
5661,2024-02-04,Greg Cross,Tabriz,Home Appliances,Microwave,1,220,220
5662,2024-01-11,Morgan Gaines,Rasht,Sports,Basketball,3,35,105
5663,2025-10-23,John Rich,Isfahan,Home Appliances,Air Conditioner,2,2000,4000
5664,2024-09-02,Mark Riley,Tehran,Books,Algorithms,3,70,210
5665,2024-05-08,Robyn Martin,Shiraz,Sports,Running Shoes,5,120,600
5666,2025-01-22,Evan Perry,Karaj,Home Appliances,Washing Machine,4,1500,6000
5667,2024-10-06,Victoria Wagner,Karaj,Home Appliances,Microwave,4,220,880
5668,2025-12-14,John Hill,Ahvaz,Books,Algorithms,3,70,210
5669,2024-04-21,Tina Rodriguez,Isfahan,Books,Clean Code,5,55,275
5670,2024-07-25,James Mcdonald,Mashhad,Electronics,Headphones,4,150,600
5671,2025-09-01,Dominique Phelps,Ahvaz,Sports,Running Shoes,1,120,120
5672,2024-05-20,Victoria Moore,Rasht,Sports,Football,1,30,30
5673,2025-12-06,William Taylor,Tabriz,Books,Python Programming,3,45,135
5674,2025-12-23,Karen Conrad,Isfahan,Electronics,Laptop,4,1200,4800
5675,2025-01-05,Theresa Harris,Rasht,Sports,Fitness Band,5,90,450
5676,2024-02-07,Chad Sheppard,Qom,Electronics,Smartphone,2,800,1600
5677,2024-05-18,Robin Hernandez,Qom,Electronics,Smartphone,4,800,3200
5678,2025-08-04,Zachary Shaw,Tabriz,Books,Data Science Handbook,5,60,300
5679,2024-03-01,Jose Thornton,Shiraz,Books,Clean Code,2,55,110
5680,2025-07-18,Tristan Reese,Rasht,Books,Python Programming,3,45,135
5681,2025-01-08,Caroline Williams,Shiraz,Books,Data Science Handbook,3,60,180
5682,2024-10-10,Hector Kidd,Tabriz,Books,Algorithms,3,70,210
5683,2024-01-22,Monica Doyle,Mashhad,Home Appliances,Refrigerator,3,1800,5400
5684,2025-09-21,Marissa Riley,Shiraz,Electronics,Smartphone,2,800,1600
5685,2024-09-19,Kevin Hart,Tabriz,Home Appliances,Microwave,3,220,660
5686,2025-05-28,Gabriela Randolph,Ahvaz,Books,Python Programming,2,45,90
5687,2025-11-10,Leslie Mccormick,Kermanshah,Sports,Tennis Racket,1,180,180
5688,2024-06-25,Carlos Contreras,Ahvaz,Sports,Basketball,4,35,140
5689,2024-12-13,Matthew Cohen,Tabriz,Sports,Tennis Racket,5,180,900
5690,2024-10-15,Kurt King,Rasht,Books,Data Science Handbook,1,60,60
5691,2024-12-19,Dakota Abbott,Mashhad,Sports,Football,4,30,120
5692,2025-09-21,Stephen Peterson,Shiraz,Sports,Basketball,3,35,105
5693,2025-02-04,Ronald Hanna DDS,Qom,Home Appliances,Vacuum Cleaner,3,300,900
5694,2025-11-15,Christine Scott,Tehran,Books,Clean Code,2,55,110
5695,2024-07-01,Tara Davenport,Shiraz,Sports,Tennis Racket,2,180,360
5696,2025-11-03,Michael Mayo,Tabriz,Books,Python Programming,4,45,180
5697,2025-11-11,Maria Simmons,Tehran,Electronics,Tablet,5,500,2500
5698,2024-10-31,Amber Gordon,Tehran,Electronics,Smartphone,5,800,4000
5699,2025-06-03,Michael Massey,Kermanshah,Books,Data Science Handbook,5,60,300
5700,2025-01-09,Garrett Le,Ahvaz,Sports,Tennis Racket,2,180,360
5701,2024-09-05,Eric Ferguson,Tehran,Sports,Basketball,3,35,105
5702,2024-08-03,Wendy Cruz,Ahvaz,Books,Machine Learning,4,80,320
5703,2024-07-10,Rachel Thomas,Qom,Sports,Tennis Racket,5,180,900
5704,2024-04-20,Jill Gibson,Qom,Books,Data Science Handbook,4,60,240
5705,2024-10-17,Austin Perez,Tehran,Electronics,Smartphone,5,800,4000
5706,2024-11-15,Sarah Vargas,Kermanshah,Sports,Football,5,30,150
5707,2025-03-07,Mr. Derek Coleman,Karaj,Books,Python Programming,4,45,180
5708,2025-01-31,Lori Harrell,Qom,Books,Python Programming,4,45,180
5709,2024-08-16,Jamie Dixon,Rasht,Sports,Running Shoes,2,120,240
5710,2025-04-01,Scott Shea,Ahvaz,Books,Machine Learning,5,80,400
5711,2025-02-18,Larry Contreras,Isfahan,Electronics,Tablet,3,500,1500
5712,2024-10-06,Jennifer Richmond,Isfahan,Home Appliances,Air Conditioner,3,2000,6000
5713,2024-12-02,Daisy Larsen,Tehran,Home Appliances,Air Conditioner,4,2000,8000
5714,2025-09-12,Donna Garcia,Kermanshah,Sports,Running Shoes,4,120,480
5715,2025-09-01,Joe Foster,Shiraz,Home Appliances,Washing Machine,4,1500,6000
5716,2024-07-25,Danielle Freeman,Shiraz,Electronics,Smart Watch,1,250,250
5717,2025-06-10,Chad Reynolds,Rasht,Sports,Running Shoes,4,120,480
5718,2025-11-28,Erika Brock,Rasht,Books,Python Programming,4,45,180
5719,2025-05-17,Beth Curtis,Ahvaz,Sports,Fitness Band,1,90,90
5720,2025-07-18,Mary Vasquez,Shiraz,Sports,Basketball,5,35,175
5721,2024-06-30,Christopher Welch,Ahvaz,Home Appliances,Microwave,4,220,880
5722,2024-02-17,Derek Murray,Rasht,Sports,Tennis Racket,2,180,360
5723,2024-06-03,William Wood,Rasht,Books,Algorithms,2,70,140
5724,2024-08-24,Charlene Logan,Shiraz,Sports,Tennis Racket,3,180,540
5725,2024-05-29,Steven Valencia MD,Qom,Electronics,Smart Watch,5,250,1250
5726,2025-04-24,Amber Tran,Isfahan,Electronics,Smart Watch,2,250,500
5727,2024-06-07,Peter Davis,Qom,Electronics,Tablet,1,500,500
5728,2025-12-17,Justin Beck,Tabriz,Home Appliances,Air Conditioner,3,2000,6000
5729,2025-02-28,Maria Glenn,Tabriz,Books,Data Science Handbook,5,60,300
5730,2025-06-13,Margaret Johnson,Tehran,Books,Clean Code,2,55,110
5731,2024-05-17,Michael Bauer,Kermanshah,Electronics,Laptop,1,1200,1200
5732,2025-07-13,Michelle Kennedy,Mashhad,Sports,Running Shoes,5,120,600
5733,2024-09-21,Mr. Stanley Byrd MD,Tabriz,Books,Data Science Handbook,4,60,240
5734,2025-01-30,Kaitlyn Thompson,Shiraz,Home Appliances,Microwave,5,220,1100
5735,2025-10-02,Matthew Bell,Kermanshah,Home Appliances,Washing Machine,5,1500,7500
5736,2025-12-09,Kimberly Bishop,Tehran,Sports,Fitness Band,2,90,180
5737,2024-05-24,Chris Cummings,Shiraz,Electronics,Headphones,3,150,450
5738,2024-12-13,Laurie Jacobson,Karaj,Sports,Football,4,30,120
5739,2025-07-21,Amy Orr,Shiraz,Electronics,Tablet,3,500,1500
5740,2024-06-26,Lacey Quinn,Qom,Electronics,Tablet,1,500,500
5741,2025-02-23,Jimmy Taylor,Qom,Home Appliances,Vacuum Cleaner,3,300,900
5742,2024-05-11,Omar Nolan,Isfahan,Books,Machine Learning,1,80,80
5743,2025-05-21,Tyler Mercer,Qom,Books,Data Science Handbook,4,60,240
5744,2024-07-29,Deborah Morales,Mashhad,Electronics,Smartphone,2,800,1600
5745,2024-04-24,Robert Hamilton,Karaj,Home Appliances,Vacuum Cleaner,4,300,1200
5746,2024-05-29,Vanessa Abbott,Mashhad,Electronics,Headphones,3,150,450
5747,2024-04-14,Patricia Williams,Ahvaz,Home Appliances,Washing Machine,5,1500,7500
5748,2025-10-08,Patricia Taylor,Shiraz,Books,Clean Code,2,55,110
5749,2024-02-15,Audrey Guerra,Mashhad,Sports,Basketball,4,35,140
5750,2025-02-07,Benjamin Floyd,Qom,Books,Python Programming,5,45,225
5751,2025-09-26,Matthew Mcmillan,Rasht,Books,Machine Learning,2,80,160
5752,2025-07-14,Diane Day,Shiraz,Electronics,Smart Watch,1,250,250
5753,2025-06-26,Shirley Davis,Kermanshah,Home Appliances,Microwave,4,220,880
5754,2024-07-28,Terry Garcia,Shiraz,Books,Machine Learning,5,80,400
5755,2024-12-12,Willie Barr,Tehran,Sports,Fitness Band,4,90,360
5756,2024-09-07,Shelby Kelley,Isfahan,Sports,Running Shoes,4,120,480
5757,2025-08-08,Emily Coleman,Mashhad,Electronics,Laptop,1,1200,1200
5758,2025-12-24,Alexis Jones,Tehran,Sports,Running Shoes,3,120,360
5759,2025-10-27,Micheal Curtis,Kermanshah,Sports,Basketball,4,35,140
5760,2024-08-30,Emma Delgado,Mashhad,Sports,Fitness Band,2,90,180
5761,2025-08-11,Gregory Oliver,Isfahan,Electronics,Smart Watch,5,250,1250
5762,2024-11-22,Stephanie Johnson,Tabriz,Books,Machine Learning,3,80,240
5763,2024-12-29,Sharon Torres,Shiraz,Sports,Tennis Racket,4,180,720
5764,2024-05-26,Keith Walker,Shiraz,Books,Machine Learning,3,80,240
5765,2025-06-25,Cindy Parks DDS,Tabriz,Home Appliances,Vacuum Cleaner,3,300,900
5766,2024-02-23,Laura Pena,Rasht,Home Appliances,Vacuum Cleaner,2,300,600
5767,2024-08-09,Rebecca Hicks,Shiraz,Books,Machine Learning,5,80,400
5768,2025-03-21,Juan Chang,Tehran,Books,Clean Code,2,55,110
5769,2024-03-01,Donna Hall,Tehran,Books,Machine Learning,1,80,80
5770,2025-11-30,Mercedes Sexton,Kermanshah,Sports,Football,4,30,120
5771,2024-08-17,Adam White,Rasht,Books,Algorithms,2,70,140
5772,2025-11-18,Kimberly Parker,Qom,Books,Machine Learning,5,80,400
5773,2025-01-26,Larry Galloway,Rasht,Home Appliances,Washing Machine,2,1500,3000
5774,2025-05-19,Mario Sanchez,Tabriz,Books,Python Programming,4,45,180
5775,2024-04-08,Valerie Martinez,Shiraz,Home Appliances,Air Conditioner,4,2000,8000
5776,2025-12-02,Rhonda Miles,Qom,Home Appliances,Refrigerator,3,1800,5400
5777,2025-07-26,Lisa Page,Tabriz,Electronics,Headphones,5,150,750
5778,2024-12-11,Alexander Johnson,Ahvaz,Books,Machine Learning,4,80,320
5779,2025-04-24,Lauren Park,Tabriz,Home Appliances,Refrigerator,5,1800,9000
5780,2025-11-28,William Bush,Ahvaz,Sports,Running Shoes,3,120,360
5781,2024-01-19,Donna Gutierrez,Rasht,Electronics,Smart Watch,1,250,250
5782,2024-01-16,James Rowland,Mashhad,Sports,Tennis Racket,5,180,900
5783,2025-06-01,George Kane,Qom,Sports,Basketball,5,35,175
5784,2024-01-22,Jill Smith,Tehran,Sports,Football,2,30,60
5785,2025-01-06,Matthew Schneider,Karaj,Sports,Fitness Band,5,90,450
5786,2025-04-13,Aaron Powell,Mashhad,Books,Clean Code,2,55,110
5787,2025-11-28,Robert Hanson,Ahvaz,Sports,Basketball,4,35,140
5788,2024-01-10,Brent Larson,Karaj,Home Appliances,Vacuum Cleaner,1,300,300
5789,2025-03-03,Amanda Garcia,Qom,Home Appliances,Air Conditioner,2,2000,4000
5790,2025-11-23,Victor Cowan,Kermanshah,Books,Clean Code,5,55,275
5791,2024-02-01,Melissa Meadows,Ahvaz,Electronics,Laptop,1,1200,1200
5792,2024-05-21,Joel Phillips,Qom,Home Appliances,Microwave,2,220,440
5793,2024-08-06,Crystal Garcia,Shiraz,Books,Clean Code,1,55,55
5794,2024-05-11,Timothy Thompson,Rasht,Sports,Fitness Band,1,90,90
5795,2025-01-12,Sabrina Wu,Kermanshah,Electronics,Headphones,2,150,300
5796,2024-02-25,Krista Smith,Karaj,Sports,Running Shoes,3,120,360
5797,2024-06-26,Ashley Brown,Ahvaz,Electronics,Smart Watch,5,250,1250
5798,2025-06-06,Christopher Simmons,Mashhad,Books,Machine Learning,1,80,80
5799,2025-11-27,Barbara Jones,Kermanshah,Home Appliances,Refrigerator,1,1800,1800
5800,2024-05-08,Andrea Armstrong,Rasht,Electronics,Laptop,2,1200,2400
5801,2024-02-18,Larry James,Rasht,Home Appliances,Vacuum Cleaner,4,300,1200
5802,2024-10-05,Gina Wilson,Ahvaz,Home Appliances,Air Conditioner,5,2000,10000
5803,2025-07-09,Michael Newman,Qom,Sports,Football,1,30,30
5804,2024-09-14,Anthony Mcmillan,Tabriz,Electronics,Headphones,4,150,600
5805,2024-09-07,Theresa Jones,Karaj,Home Appliances,Washing Machine,2,1500,3000
5806,2025-09-23,Kristi Collier,Rasht,Electronics,Laptop,5,1200,6000
5807,2025-02-20,Haley Goodman,Mashhad,Books,Algorithms,5,70,350
5808,2024-08-26,Candice Kim,Tehran,Sports,Fitness Band,5,90,450
5809,2025-08-14,Mr. Joshua Figueroa,Karaj,Sports,Basketball,2,35,70
5810,2025-02-05,Christopher Moore,Qom,Electronics,Smart Watch,2,250,500
5811,2024-06-29,Alexander Schneider,Ahvaz,Electronics,Headphones,5,150,750
5812,2025-07-20,Lynn Stevenson,Mashhad,Electronics,Smartphone,2,800,1600
5813,2024-08-08,Sarah Walters,Mashhad,Home Appliances,Vacuum Cleaner,5,300,1500
5814,2025-09-26,Michael Waters,Mashhad,Books,Clean Code,1,55,55
5815,2024-01-05,Christopher Lang,Karaj,Books,Python Programming,1,45,45
5816,2024-09-19,Logan Armstrong,Tehran,Books,Algorithms,4,70,280
5817,2024-11-11,Shelia Gallagher,Isfahan,Home Appliances,Refrigerator,3,1800,5400
5818,2025-08-31,Rachel Sharp,Tabriz,Sports,Football,1,30,30
5819,2025-01-24,Diane Watson,Tabriz,Sports,Fitness Band,2,90,180
5820,2024-02-17,Molly Wilson,Tabriz,Books,Data Science Handbook,3,60,180
5821,2025-06-10,Brandi Williams,Rasht,Home Appliances,Microwave,1,220,220
5822,2025-09-22,Brandi Williams,Mashhad,Sports,Running Shoes,4,120,480
5823,2025-08-25,Andrea Ramirez,Mashhad,Home Appliances,Vacuum Cleaner,3,300,900
5824,2024-10-13,Ross Hernandez,Mashhad,Electronics,Headphones,1,150,150
5825,2025-11-25,Veronica Clark,Mashhad,Electronics,Smart Watch,2,250,500
5826,2024-09-23,Brandon Hahn MD,Ahvaz,Electronics,Laptop,3,1200,3600
5827,2024-04-15,Vincent Wood,Mashhad,Books,Machine Learning,1,80,80
5828,2024-08-07,Alison Kennedy,Shiraz,Electronics,Smart Watch,2,250,500
5829,2025-12-17,William Guerra,Kermanshah,Electronics,Smartphone,4,800,3200
5830,2025-08-21,Julie Rangel,Karaj,Books,Python Programming,5,45,225
5831,2025-09-15,William Kent,Qom,Electronics,Smartphone,1,800,800
5832,2024-04-27,Joshua Austin,Qom,Electronics,Smartphone,1,800,800
5833,2025-03-16,Nicholas Jimenez,Tabriz,Books,Python Programming,1,45,45
5834,2025-04-15,Elizabeth Miles,Kermanshah,Sports,Tennis Racket,1,180,180
5835,2024-03-19,Amber Poole,Shiraz,Sports,Football,3,30,90
5836,2025-01-29,Michelle Turner,Tabriz,Home Appliances,Refrigerator,1,1800,1800
5837,2024-05-06,Megan Tucker,Isfahan,Sports,Fitness Band,2,90,180
5838,2024-01-26,Victor Williams,Isfahan,Electronics,Tablet,4,500,2000
5839,2025-07-01,Leslie Robinson,Kermanshah,Home Appliances,Microwave,3,220,660
5840,2024-08-31,James Kelly,Kermanshah,Sports,Basketball,3,35,105
5841,2024-04-08,Bradley Mcknight,Rasht,Home Appliances,Air Conditioner,2,2000,4000
5842,2024-06-21,Jennifer Patterson MD,Karaj,Sports,Basketball,5,35,175
5843,2024-11-17,Alec Roberts,Tabriz,Electronics,Tablet,2,500,1000
5844,2024-10-22,Kristen Melendez,Mashhad,Electronics,Tablet,3,500,1500
5845,2024-04-30,Aaron Ward,Mashhad,Sports,Football,1,30,30
5846,2025-01-28,Anna Welch,Ahvaz,Home Appliances,Washing Machine,1,1500,1500
5847,2024-04-27,Marvin Mckinney,Ahvaz,Books,Clean Code,3,55,165
5848,2025-08-31,Kimberly Fitzpatrick,Isfahan,Electronics,Headphones,2,150,300
5849,2024-05-16,Ray Villegas,Rasht,Sports,Basketball,4,35,140
5850,2025-12-10,Sheila Bentley,Qom,Electronics,Tablet,2,500,1000
5851,2025-03-13,Carlos Klein,Qom,Home Appliances,Vacuum Cleaner,1,300,300
5852,2025-05-07,Tonya Davis,Karaj,Home Appliances,Vacuum Cleaner,3,300,900
5853,2025-04-26,Frank Cruz,Ahvaz,Home Appliances,Vacuum Cleaner,5,300,1500
5854,2025-10-17,Jennifer Lane,Ahvaz,Books,Clean Code,5,55,275
5855,2024-05-03,Jennifer Russell,Qom,Books,Machine Learning,2,80,160
5856,2025-02-20,Kendra Leach,Qom,Sports,Football,1,30,30
5857,2024-05-21,Joann Adams,Karaj,Sports,Basketball,2,35,70
5858,2025-12-26,Joseph Walker,Shiraz,Books,Machine Learning,2,80,160
5859,2025-04-06,Craig Brown,Rasht,Books,Algorithms,2,70,140
5860,2025-05-05,Kimberly Boone,Tehran,Books,Data Science Handbook,5,60,300
5861,2025-06-13,Joseph Sherman,Kermanshah,Books,Algorithms,2,70,140
5862,2025-10-03,Kenneth Fields,Kermanshah,Home Appliances,Microwave,5,220,1100
5863,2025-02-26,Kaitlin Willis,Tehran,Books,Algorithms,2,70,140
5864,2024-05-01,Edward Salas,Mashhad,Books,Python Programming,5,45,225
5865,2024-09-03,Nancy Burke,Qom,Home Appliances,Air Conditioner,5,2000,10000
5866,2025-09-19,Veronica Dawson,Qom,Books,Python Programming,5,45,225
5867,2025-03-08,Jennifer Mullins,Shiraz,Sports,Fitness Band,1,90,90
5868,2024-09-14,David Stein,Isfahan,Home Appliances,Refrigerator,1,1800,1800
5869,2025-11-24,Matthew Cox,Mashhad,Home Appliances,Microwave,4,220,880
5870,2025-12-29,Renee Smith,Qom,Sports,Football,5,30,150
5871,2024-12-18,Christopher Robles,Kermanshah,Books,Clean Code,1,55,55
5872,2025-05-23,Charles Irwin,Qom,Sports,Basketball,5,35,175
5873,2025-01-05,Ronald Meyer,Ahvaz,Home Appliances,Refrigerator,1,1800,1800
5874,2025-05-09,Carla Howard,Tehran,Sports,Tennis Racket,2,180,360
5875,2024-07-26,Barbara Snyder,Ahvaz,Sports,Basketball,4,35,140
5876,2024-08-19,Mary Murphy,Tehran,Home Appliances,Refrigerator,1,1800,1800
5877,2025-03-02,Angelica Wu,Tabriz,Home Appliances,Microwave,5,220,1100
5878,2025-05-09,Jeff Smith,Shiraz,Home Appliances,Air Conditioner,2,2000,4000
5879,2024-06-20,Dana Jones,Rasht,Books,Clean Code,5,55,275
5880,2025-11-18,Nicholas Parker,Ahvaz,Sports,Fitness Band,5,90,450
5881,2024-06-19,Randall Hernandez,Tehran,Electronics,Headphones,4,150,600
5882,2025-08-23,Andrew Martinez,Mashhad,Sports,Basketball,3,35,105
5883,2024-03-06,Holly Ellis,Ahvaz,Home Appliances,Air Conditioner,5,2000,10000
5884,2025-09-05,Zachary Cole,Karaj,Books,Clean Code,3,55,165
5885,2025-07-13,Arthur Hall DDS,Karaj,Electronics,Smartphone,3,800,2400
5886,2024-01-07,Jimmy Reed,Rasht,Books,Python Programming,3,45,135
5887,2025-09-04,Glen Hill,Rasht,Home Appliances,Washing Machine,4,1500,6000
5888,2025-09-01,Jennifer Carter,Kermanshah,Electronics,Laptop,3,1200,3600
5889,2025-01-05,John Rice,Tabriz,Books,Clean Code,5,55,275
5890,2024-08-29,Madison Spears,Tehran,Home Appliances,Vacuum Cleaner,2,300,600
5891,2024-10-12,Kimberly Marshall,Mashhad,Books,Data Science Handbook,5,60,300
5892,2024-07-06,Shannon Stokes,Ahvaz,Books,Python Programming,3,45,135
5893,2024-08-06,Bradley Weber,Rasht,Home Appliances,Washing Machine,4,1500,6000
5894,2025-01-10,Michaela King,Mashhad,Sports,Tennis Racket,1,180,180
5895,2025-10-08,Samantha Jones,Isfahan,Books,Machine Learning,2,80,160
5896,2025-11-14,Virginia Lane,Karaj,Sports,Fitness Band,3,90,270
5897,2025-01-07,Christopher Jones,Kermanshah,Sports,Running Shoes,3,120,360
5898,2024-07-02,Stephen Tate,Kermanshah,Electronics,Smart Watch,1,250,250
5899,2025-06-27,Vanessa Chambers,Ahvaz,Books,Clean Code,5,55,275
5900,2025-07-21,Kevin Johnson,Karaj,Electronics,Headphones,3,150,450
5901,2025-08-26,Nicholas Cannon,Qom,Sports,Tennis Racket,2,180,360
5902,2025-10-16,Kevin Johnson,Mashhad,Books,Clean Code,5,55,275
5903,2024-05-03,Sandra Webb,Tabriz,Home Appliances,Microwave,3,220,660
5904,2024-07-21,Jodi Weeks,Mashhad,Sports,Running Shoes,4,120,480
5905,2025-05-03,Latoya Brown,Tehran,Sports,Fitness Band,5,90,450
5906,2024-03-30,Maria Thompson,Kermanshah,Electronics,Tablet,5,500,2500
5907,2024-11-15,Michael Brown,Ahvaz,Electronics,Smart Watch,4,250,1000
5908,2025-04-10,Tammy Williams,Mashhad,Home Appliances,Washing Machine,2,1500,3000
5909,2025-08-16,David Mills,Tehran,Books,Machine Learning,1,80,80
5910,2025-09-08,Natalie Weiss,Kermanshah,Electronics,Tablet,5,500,2500
5911,2024-10-08,Dylan Barnes,Kermanshah,Home Appliances,Refrigerator,4,1800,7200
5912,2024-11-21,Ivan Harmon,Shiraz,Books,Machine Learning,4,80,320
5913,2025-09-22,Stephanie Morris,Kermanshah,Electronics,Tablet,4,500,2000
5914,2024-08-19,Alexis Leonard,Rasht,Books,Algorithms,4,70,280
5915,2024-11-03,Mrs. Hailey Harris,Karaj,Sports,Fitness Band,1,90,90
5916,2025-07-12,Mark Zimmerman,Rasht,Sports,Running Shoes,3,120,360
5917,2025-08-07,Michael Arias,Mashhad,Electronics,Smartphone,1,800,800
5918,2024-05-30,Danielle Gardner,Qom,Electronics,Laptop,1,1200,1200
5919,2025-06-16,Lisa Diaz,Qom,Home Appliances,Washing Machine,3,1500,4500
5920,2025-02-27,Joe Holmes,Mashhad,Sports,Football,1,30,30
5921,2024-02-11,John Simpson,Mashhad,Home Appliances,Air Conditioner,2,2000,4000
5922,2025-08-14,Nicholas Santiago,Kermanshah,Electronics,Laptop,5,1200,6000
5923,2024-01-31,Christopher Ryan,Isfahan,Sports,Running Shoes,3,120,360
5924,2024-01-04,Nicholas Gonzales,Tehran,Home Appliances,Refrigerator,1,1800,1800
5925,2024-08-06,Diana Moore,Karaj,Home Appliances,Air Conditioner,2,2000,4000
5926,2024-06-25,Edwin Anderson,Mashhad,Books,Algorithms,3,70,210
5927,2025-08-18,Shannon Williams,Kermanshah,Books,Data Science Handbook,5,60,300
5928,2025-01-22,Aaron Stone,Rasht,Books,Machine Learning,2,80,160
5929,2025-10-10,Megan Lewis,Isfahan,Electronics,Smartphone,1,800,800
5930,2025-07-23,Pamela Jackson,Kermanshah,Books,Python Programming,4,45,180
5931,2025-05-14,Wayne Mckenzie,Mashhad,Sports,Football,3,30,90
5932,2024-07-25,Angela King,Tabriz,Electronics,Laptop,4,1200,4800
5933,2024-12-16,Jenny Payne,Shiraz,Electronics,Headphones,5,150,750
5934,2024-12-24,Stacey Beard,Karaj,Sports,Football,1,30,30
5935,2025-11-09,Melissa Atkins,Shiraz,Electronics,Smartphone,2,800,1600
5936,2024-09-12,Mario Perez,Kermanshah,Home Appliances,Refrigerator,4,1800,7200
5937,2025-03-03,Dalton Carroll,Karaj,Electronics,Smartphone,5,800,4000
5938,2024-02-29,Cynthia Miller,Qom,Home Appliances,Vacuum Cleaner,4,300,1200
5939,2025-12-08,Stephen Pruitt,Tabriz,Sports,Football,5,30,150
5940,2024-06-16,Jessica Salazar,Isfahan,Home Appliances,Air Conditioner,2,2000,4000
5941,2024-12-23,Patrick Johnson,Ahvaz,Books,Data Science Handbook,3,60,180
5942,2025-08-04,Gary Howard,Karaj,Sports,Basketball,5,35,175
5943,2025-10-25,Sandra Fletcher,Tabriz,Home Appliances,Washing Machine,1,1500,1500
5944,2024-10-31,Jessica Tyler,Ahvaz,Books,Algorithms,2,70,140
5945,2025-09-13,Garrett Herrera,Isfahan,Sports,Tennis Racket,1,180,180
5946,2024-11-08,Kristin Griffin,Karaj,Books,Machine Learning,5,80,400
5947,2025-07-08,Brooke Garcia,Karaj,Sports,Tennis Racket,5,180,900
5948,2024-02-09,Daniel Morris,Kermanshah,Electronics,Smart Watch,1,250,250
5949,2024-02-25,Gina Garcia MD,Ahvaz,Electronics,Smartphone,1,800,800
5950,2025-06-21,Scott Calderon,Mashhad,Electronics,Tablet,3,500,1500
5951,2025-06-11,James Jackson,Tabriz,Electronics,Headphones,4,150,600
5952,2025-01-13,Anna Smith,Ahvaz,Books,Machine Learning,5,80,400
5953,2025-06-16,Margaret Hill,Qom,Books,Clean Code,2,55,110
5954,2025-12-11,Veronica Burton,Shiraz,Books,Machine Learning,5,80,400
5955,2024-08-19,Dylan Jones,Tabriz,Sports,Football,3,30,90
5956,2024-06-26,Joseph Ortiz,Ahvaz,Home Appliances,Vacuum Cleaner,2,300,600
5957,2025-08-20,Kristine Hudson,Qom,Home Appliances,Vacuum Cleaner,2,300,600
5958,2024-06-24,Allison Martinez,Mashhad,Books,Clean Code,5,55,275
5959,2025-03-06,Frank Evans,Mashhad,Electronics,Laptop,5,1200,6000
5960,2024-11-30,Jonathan Maldonado,Kermanshah,Home Appliances,Vacuum Cleaner,2,300,600
5961,2024-12-07,Zachary Hodges,Qom,Home Appliances,Microwave,3,220,660
5962,2024-04-22,John Williams,Ahvaz,Electronics,Smartphone,1,800,800
5963,2024-10-03,Edward Gonzalez,Shiraz,Sports,Running Shoes,1,120,120
5964,2025-11-08,Paul White,Karaj,Books,Clean Code,5,55,275
5965,2025-02-10,Jill Holmes,Karaj,Sports,Running Shoes,5,120,600
5966,2024-05-12,Christopher Sanchez,Mashhad,Electronics,Headphones,5,150,750
5967,2024-09-07,Mr. Ronnie Carr PhD,Rasht,Sports,Basketball,4,35,140
5968,2025-04-29,Kenneth Anderson,Rasht,Home Appliances,Washing Machine,2,1500,3000
5969,2024-12-26,Julie Bell,Karaj,Books,Python Programming,1,45,45
5970,2024-01-27,Curtis Johnson,Ahvaz,Electronics,Smartphone,4,800,3200
5971,2025-04-17,Kelly Wright,Karaj,Home Appliances,Washing Machine,5,1500,7500
5972,2025-04-05,Ross Johnson,Tabriz,Books,Python Programming,5,45,225
5973,2024-12-18,Michael Farmer,Mashhad,Sports,Fitness Band,4,90,360
5974,2024-10-16,Kyle Guerrero,Rasht,Electronics,Smartphone,1,800,800
5975,2024-12-18,Margaret Miles,Isfahan,Sports,Tennis Racket,4,180,720
5976,2025-09-19,Samuel Ross,Qom,Books,Machine Learning,3,80,240
5977,2024-05-18,Cindy Baker,Tabriz,Sports,Tennis Racket,4,180,720
5978,2025-08-29,John Brown,Ahvaz,Sports,Football,4,30,120
5979,2024-04-26,Karen Morgan,Qom,Sports,Tennis Racket,3,180,540
5980,2025-07-30,Carl White,Karaj,Books,Python Programming,3,45,135
5981,2024-01-08,Kathleen Wade,Isfahan,Home Appliances,Vacuum Cleaner,3,300,900
5982,2025-10-13,Valerie Thornton,Kermanshah,Books,Algorithms,3,70,210
5983,2025-05-09,Jennifer Klein,Qom,Electronics,Laptop,4,1200,4800
5984,2024-07-12,Eric Miller,Shiraz,Books,Clean Code,2,55,110
5985,2024-06-01,Vanessa Bush,Mashhad,Books,Python Programming,5,45,225
5986,2025-01-19,Kyle Berg,Mashhad,Sports,Running Shoes,2,120,240
5987,2025-07-17,Jacqueline Logan,Kermanshah,Electronics,Tablet,1,500,500
5988,2024-04-22,Melissa Johnson,Mashhad,Sports,Basketball,4,35,140
5989,2024-05-20,Stephen Hernandez,Tehran,Home Appliances,Washing Machine,3,1500,4500
5990,2025-01-10,Lisa Phillips,Tabriz,Books,Python Programming,5,45,225
5991,2024-10-07,Bryan Bell,Rasht,Sports,Tennis Racket,2,180,360
5992,2025-09-06,Gregory Bennett,Rasht,Sports,Fitness Band,5,90,450
5993,2025-02-07,Angela Berry,Isfahan,Home Appliances,Refrigerator,1,1800,1800
5994,2025-07-06,Christina Juarez,Shiraz,Home Appliances,Refrigerator,5,1800,9000
5995,2025-10-05,Chelsea Griffin,Tabriz,Electronics,Headphones,5,150,750
5996,2024-04-01,Alec Tapia,Rasht,Electronics,Headphones,4,150,600
5997,2025-02-18,Charlene Schneider,Mashhad,Electronics,Smartphone,3,800,2400
5998,2025-03-16,Lynn Phillips,Mashhad,Books,Data Science Handbook,2,60,120
5999,2024-03-04,Peter Yates,Ahvaz,Electronics,Tablet,2,500,1000
6000,2024-07-08,Gary Morse,Qom,Sports,Running Shoes,3,120,360
6001,2025-05-15,James Marshall,Mashhad,Books,Machine Learning,2,80,160
6002,2024-01-13,Benjamin Rogers,Tehran,Electronics,Laptop,5,1200,6000
6003,2024-05-07,Anna Sloan,Qom,Home Appliances,Microwave,2,220,440
6004,2025-12-08,Manuel Klein,Karaj,Sports,Running Shoes,3,120,360
6005,2024-08-07,Robert Blackburn,Isfahan,Books,Data Science Handbook,4,60,240
6006,2025-03-06,Nancy Murray,Mashhad,Electronics,Laptop,2,1200,2400
6007,2025-02-11,Deborah Carlson,Tabriz,Books,Data Science Handbook,5,60,300
6008,2024-06-21,Danny Barrett,Tehran,Home Appliances,Vacuum Cleaner,3,300,900
6009,2025-09-18,Luke Fisher,Qom,Electronics,Laptop,3,1200,3600
6010,2024-03-23,Ethan Collins,Isfahan,Books,Python Programming,3,45,135
6011,2024-12-21,Ryan Collins,Rasht,Sports,Fitness Band,2,90,180
6012,2025-09-03,Sharon Keller,Qom,Home Appliances,Refrigerator,1,1800,1800
6013,2025-10-11,Sean Hanson,Isfahan,Electronics,Smart Watch,5,250,1250
6014,2025-08-26,Maurice Wheeler,Tabriz,Home Appliances,Air Conditioner,1,2000,2000
6015,2025-03-19,Nicholas Dunn,Rasht,Electronics,Headphones,2,150,300
6016,2025-11-07,Kristen Flores,Tabriz,Home Appliances,Refrigerator,2,1800,3600
6017,2024-12-26,Tammy Davis,Qom,Home Appliances,Vacuum Cleaner,5,300,1500
6018,2025-04-18,Catherine Walker,Tehran,Electronics,Smartphone,3,800,2400
6019,2024-01-22,Candice Harvey,Tehran,Electronics,Tablet,5,500,2500
6020,2024-03-26,Brian Baker,Ahvaz,Sports,Running Shoes,3,120,360
6021,2025-07-16,Terri Davis,Ahvaz,Books,Clean Code,3,55,165
6022,2025-12-12,Randy Carter,Tabriz,Electronics,Smartphone,5,800,4000
6023,2025-06-05,Kevin Evans,Karaj,Sports,Running Shoes,1,120,120
6024,2024-04-04,Richard Ray,Shiraz,Books,Algorithms,5,70,350
6025,2024-08-20,Christopher Maddox,Isfahan,Electronics,Smartphone,1,800,800
6026,2025-02-11,Sarah Murphy,Isfahan,Books,Machine Learning,1,80,80
6027,2025-08-17,Stacey Rose,Tabriz,Electronics,Headphones,3,150,450
6028,2025-11-24,Patricia Golden,Kermanshah,Home Appliances,Vacuum Cleaner,5,300,1500
6029,2024-07-27,Michael Wolf,Rasht,Sports,Tennis Racket,2,180,360
6030,2024-07-12,Brian Turner,Ahvaz,Electronics,Smartphone,3,800,2400
6031,2024-01-08,Deborah Evans,Karaj,Sports,Fitness Band,3,90,270
6032,2024-07-08,Thomas Singleton,Karaj,Home Appliances,Vacuum Cleaner,3,300,900
6033,2025-09-19,Paul Davis,Tehran,Electronics,Headphones,1,150,150
6034,2025-04-09,Deborah Potter,Karaj,Electronics,Headphones,2,150,300
6035,2025-04-27,Philip Bennett,Qom,Sports,Basketball,5,35,175
6036,2024-11-08,Adam Moss,Ahvaz,Electronics,Smartphone,5,800,4000
6037,2025-05-15,Mark Lee,Qom,Home Appliances,Vacuum Cleaner,4,300,1200
6038,2025-10-09,Veronica Hill,Shiraz,Home Appliances,Vacuum Cleaner,2,300,600
6039,2024-06-02,Scott Rivers,Karaj,Sports,Fitness Band,1,90,90
6040,2025-06-14,Tony Moyer,Mashhad,Home Appliances,Washing Machine,1,1500,1500
6041,2025-09-06,Lauren Cole,Mashhad,Sports,Tennis Racket,4,180,720
6042,2024-12-04,Jacqueline Myers,Kermanshah,Books,Clean Code,5,55,275
6043,2024-02-29,Nicholas Dickerson,Karaj,Home Appliances,Refrigerator,5,1800,9000
6044,2025-06-14,Aaron Miller,Kermanshah,Home Appliances,Vacuum Cleaner,2,300,600
6045,2025-04-05,Michele Clark,Karaj,Electronics,Headphones,1,150,150
6046,2025-05-24,Eric Jones,Rasht,Home Appliances,Air Conditioner,4,2000,8000
6047,2025-03-11,Nicholas Simpson,Qom,Sports,Football,4,30,120
6048,2025-01-01,Sharon Duran,Tabriz,Electronics,Smartphone,4,800,3200
6049,2024-05-03,Thomas Hill,Mashhad,Home Appliances,Microwave,3,220,660
6050,2025-07-13,Marcus Rodriguez,Mashhad,Electronics,Smart Watch,2,250,500
6051,2025-04-17,Rachel Lopez,Tehran,Electronics,Smartphone,4,800,3200
6052,2025-08-20,Paul Garner,Isfahan,Books,Python Programming,1,45,45
6053,2025-07-04,Emily Beck,Shiraz,Home Appliances,Microwave,1,220,220
6054,2025-06-15,Alexander Wright,Kermanshah,Electronics,Laptop,2,1200,2400
6055,2025-02-11,Bryan Martin,Karaj,Books,Data Science Handbook,5,60,300
6056,2025-12-17,Benjamin Harris,Shiraz,Sports,Tennis Racket,4,180,720
6057,2024-01-13,Stephanie Ramos,Tehran,Electronics,Smart Watch,5,250,1250
6058,2025-12-03,Michael Miller,Mashhad,Sports,Tennis Racket,1,180,180
6059,2025-08-02,John Brown,Ahvaz,Sports,Football,2,30,60
6060,2025-07-04,Jasmine Moses,Isfahan,Home Appliances,Washing Machine,3,1500,4500
6061,2024-06-23,Alexander Lewis,Tehran,Books,Python Programming,3,45,135
6062,2025-02-15,Andrew Mendoza,Ahvaz,Electronics,Headphones,1,150,150
6063,2025-01-20,Peter Gilbert,Qom,Electronics,Smart Watch,3,250,750
6064,2024-12-24,Michelle Castillo,Kermanshah,Books,Data Science Handbook,3,60,180
6065,2024-11-06,Julie Parker,Mashhad,Sports,Running Shoes,5,120,600
6066,2025-10-21,Samantha Lawrence,Tabriz,Home Appliances,Refrigerator,1,1800,1800
6067,2024-06-16,Diana Collins,Kermanshah,Sports,Football,5,30,150
6068,2024-04-14,Warren Sullivan,Rasht,Electronics,Smart Watch,1,250,250
6069,2024-05-11,Crystal Walsh,Isfahan,Sports,Football,4,30,120
6070,2024-04-13,Margaret Waller,Qom,Home Appliances,Air Conditioner,4,2000,8000
6071,2024-05-05,Natasha Robinson,Tabriz,Home Appliances,Microwave,2,220,440
6072,2024-12-12,Bobby Adams,Ahvaz,Sports,Basketball,4,35,140
6073,2025-05-31,Jennifer Velasquez,Tehran,Books,Machine Learning,1,80,80
6074,2025-05-12,Laurie Rodriguez,Isfahan,Books,Algorithms,2,70,140
6075,2024-10-17,Cody Smith,Ahvaz,Sports,Football,5,30,150
6076,2025-11-13,Ryan Conway,Tehran,Books,Machine Learning,2,80,160
6077,2024-02-04,Christine Mcconnell,Karaj,Electronics,Laptop,2,1200,2400
6078,2024-11-19,Jeremy Strickland,Tehran,Electronics,Laptop,5,1200,6000
6079,2025-10-21,Juan Benton,Kermanshah,Electronics,Headphones,5,150,750
6080,2025-04-26,Christina Martinez,Ahvaz,Books,Python Programming,4,45,180
6081,2024-11-30,James Powell,Karaj,Home Appliances,Washing Machine,3,1500,4500
6082,2025-03-22,Marcus Green,Ahvaz,Electronics,Laptop,2,1200,2400
6083,2025-10-11,Scott Allison,Ahvaz,Home Appliances,Vacuum Cleaner,4,300,1200
6084,2025-05-20,Amy Barber,Isfahan,Sports,Fitness Band,5,90,450
6085,2025-01-13,Jeffrey Hernandez,Shiraz,Electronics,Tablet,1,500,500
6086,2024-07-20,Rebecca Shaw,Shiraz,Home Appliances,Vacuum Cleaner,1,300,300
6087,2024-05-13,Anthony Mccullough,Isfahan,Books,Python Programming,1,45,45
6088,2024-09-10,Sylvia Lyons,Kermanshah,Sports,Basketball,1,35,35
6089,2025-10-23,Christopher Rodriguez,Tehran,Books,Data Science Handbook,5,60,300
6090,2025-08-29,Kimberly Stone,Tehran,Electronics,Headphones,3,150,450
6091,2024-12-01,Tiffany Evans,Karaj,Electronics,Smart Watch,4,250,1000
6092,2024-12-29,Loretta Smith,Tehran,Sports,Football,4,30,120
6093,2024-04-07,Allison Joseph,Qom,Home Appliances,Refrigerator,2,1800,3600
6094,2025-03-05,Steven Strickland,Kermanshah,Home Appliances,Microwave,5,220,1100
6095,2024-06-21,Tammy Strickland,Isfahan,Home Appliances,Vacuum Cleaner,4,300,1200
6096,2024-02-01,Jeanne Morgan,Tehran,Books,Machine Learning,3,80,240
6097,2025-12-06,Michelle Cooper,Tehran,Home Appliances,Air Conditioner,4,2000,8000
6098,2025-05-08,Anthony Barker,Tabriz,Electronics,Tablet,4,500,2000
6099,2025-06-06,Dr. Sabrina Murphy,Isfahan,Sports,Running Shoes,3,120,360
6100,2025-10-14,Cynthia Blake,Kermanshah,Books,Algorithms,1,70,70
6101,2025-08-10,Timothy Rubio,Qom,Books,Machine Learning,1,80,80
6102,2024-10-10,Joanna Salinas,Karaj,Sports,Running Shoes,5,120,600
6103,2025-07-18,Brian Rodriguez,Kermanshah,Books,Machine Learning,3,80,240
6104,2025-06-07,Rachel Mccarty,Shiraz,Sports,Basketball,2,35,70
6105,2025-09-05,Gabriella Blanchard,Karaj,Home Appliances,Microwave,4,220,880
6106,2024-12-05,Matthew Morrison,Karaj,Electronics,Smartphone,5,800,4000
6107,2025-05-12,Michael Villarreal,Qom,Books,Data Science Handbook,2,60,120
6108,2025-02-27,Jerry Conrad,Mashhad,Sports,Tennis Racket,5,180,900
6109,2025-06-13,Ann Morgan,Mashhad,Books,Data Science Handbook,3,60,180
6110,2024-04-30,Paul Torres,Tehran,Home Appliances,Vacuum Cleaner,3,300,900
6111,2024-05-16,Brian Evans,Mashhad,Electronics,Tablet,1,500,500
6112,2024-01-29,Kylie Lane,Qom,Home Appliances,Air Conditioner,1,2000,2000
6113,2025-09-17,Jesse Howard DVM,Tehran,Home Appliances,Washing Machine,4,1500,6000
6114,2025-05-30,Virginia Hood,Ahvaz,Electronics,Headphones,1,150,150
6115,2024-11-02,Rachel Andrews,Shiraz,Electronics,Tablet,4,500,2000
6116,2025-11-20,Hayley Palmer,Karaj,Books,Algorithms,3,70,210
6117,2024-11-07,Laura Carter,Mashhad,Home Appliances,Vacuum Cleaner,4,300,1200
6118,2024-11-14,Teresa Zimmerman,Isfahan,Home Appliances,Microwave,4,220,880
6119,2024-04-25,Mr. Dylan Young,Kermanshah,Books,Machine Learning,1,80,80
6120,2024-09-23,Mary Molina,Kermanshah,Sports,Running Shoes,2,120,240
6121,2024-05-14,Anthony Matthews,Shiraz,Books,Algorithms,2,70,140
6122,2024-08-10,Seth Reyes,Ahvaz,Sports,Running Shoes,3,120,360
6123,2025-03-22,Leon Miller,Ahvaz,Home Appliances,Vacuum Cleaner,2,300,600
6124,2025-08-18,Brian Taylor,Mashhad,Sports,Running Shoes,4,120,480
6125,2024-02-27,Brianna Wilson,Qom,Books,Data Science Handbook,2,60,120
6126,2024-09-19,Diana Hudson,Kermanshah,Home Appliances,Microwave,5,220,1100
6127,2025-12-13,Chase Taylor,Rasht,Sports,Tennis Racket,5,180,900
6128,2024-09-28,Miss Lindsay Schmidt,Ahvaz,Electronics,Headphones,2,150,300
6129,2024-01-21,Stephen Hernandez,Isfahan,Sports,Running Shoes,4,120,480
6130,2025-09-13,Rachel Rivera,Qom,Electronics,Headphones,1,150,150
6131,2025-08-19,Russell Coleman,Kermanshah,Books,Algorithms,5,70,350
6132,2025-10-19,Penny Miller,Mashhad,Home Appliances,Refrigerator,5,1800,9000
6133,2025-12-11,Gregory Clark,Rasht,Sports,Running Shoes,4,120,480
6134,2025-12-19,Colleen Collins,Rasht,Books,Clean Code,1,55,55
6135,2025-08-10,Kayla Smith,Karaj,Books,Python Programming,5,45,225
6136,2025-06-06,Joanne Coleman,Karaj,Home Appliances,Refrigerator,5,1800,9000
6137,2024-12-29,Nicholas Smith,Shiraz,Home Appliances,Refrigerator,5,1800,9000
6138,2025-04-14,James Marquez,Rasht,Electronics,Headphones,2,150,300
6139,2024-03-26,Robert Erickson,Isfahan,Books,Clean Code,2,55,110
6140,2025-10-09,Melissa Lynch,Shiraz,Sports,Fitness Band,2,90,180
6141,2024-02-02,Jennifer Gray,Kermanshah,Home Appliances,Vacuum Cleaner,5,300,1500
6142,2025-10-20,Alexandra Dean,Isfahan,Books,Machine Learning,4,80,320
6143,2025-09-30,Donna Rowe MD,Tehran,Sports,Football,3,30,90
6144,2024-12-24,Jennifer Thomas,Mashhad,Electronics,Smart Watch,2,250,500
6145,2025-02-13,Christina Bauer,Shiraz,Sports,Football,4,30,120
6146,2024-10-03,Justin Joyce,Karaj,Electronics,Smart Watch,4,250,1000
6147,2025-05-12,Robert Fields,Qom,Sports,Tennis Racket,4,180,720
6148,2025-05-30,Connie Romero,Tabriz,Home Appliances,Washing Machine,5,1500,7500
6149,2025-07-31,Alex West,Mashhad,Books,Python Programming,5,45,225
6150,2024-06-24,Arthur Richards,Ahvaz,Home Appliances,Washing Machine,2,1500,3000
6151,2024-01-23,Amy Flynn,Karaj,Electronics,Headphones,3,150,450
6152,2025-06-16,Richard Bell,Tabriz,Books,Algorithms,1,70,70
6153,2025-07-01,Brooke Cruz,Qom,Home Appliances,Microwave,2,220,440
6154,2024-11-29,Carlos Howard,Tabriz,Home Appliances,Microwave,5,220,1100
6155,2025-06-14,Dorothy Matthews,Shiraz,Books,Algorithms,3,70,210
6156,2025-01-15,Tammy Tate,Ahvaz,Books,Data Science Handbook,4,60,240
6157,2025-12-30,Tina Lyons,Qom,Books,Data Science Handbook,3,60,180
6158,2024-11-19,Joshua Vargas,Shiraz,Home Appliances,Air Conditioner,2,2000,4000
6159,2024-01-20,James Ford,Ahvaz,Electronics,Laptop,2,1200,2400
6160,2025-11-17,Bobby Smith,Rasht,Electronics,Headphones,3,150,450
6161,2025-02-17,Donna Ramirez,Rasht,Sports,Fitness Band,3,90,270
6162,2025-01-01,Victoria Brown,Karaj,Electronics,Laptop,5,1200,6000
6163,2025-03-03,Caitlin Joseph,Karaj,Books,Algorithms,3,70,210
6164,2025-08-14,Darrell Stewart,Ahvaz,Electronics,Smartphone,4,800,3200
6165,2024-11-27,Heather Carter,Rasht,Electronics,Tablet,2,500,1000
6166,2024-01-25,Ann Flores,Karaj,Electronics,Headphones,5,150,750
6167,2024-09-27,Alejandra Gamble,Mashhad,Books,Data Science Handbook,5,60,300
6168,2024-07-01,Kevin Turner,Shiraz,Books,Python Programming,1,45,45
6169,2024-10-05,Amy Hoover,Tehran,Electronics,Laptop,2,1200,2400
6170,2025-03-20,Justin Lane,Mashhad,Electronics,Tablet,2,500,1000
6171,2025-05-09,Michael Jackson,Tabriz,Home Appliances,Microwave,5,220,1100
6172,2025-06-28,Jeffery Reynolds,Mashhad,Books,Algorithms,4,70,280
6173,2025-08-14,Evelyn Dunlap,Tehran,Books,Python Programming,3,45,135
6174,2024-10-31,Devin Andrews,Tabriz,Books,Algorithms,3,70,210
6175,2025-01-04,Robert Green,Ahvaz,Sports,Fitness Band,5,90,450
6176,2025-09-20,Jerry Taylor,Mashhad,Sports,Running Shoes,4,120,480
6177,2025-11-26,Robin Cantu,Ahvaz,Home Appliances,Washing Machine,5,1500,7500
6178,2025-06-10,Michael Williams,Shiraz,Sports,Running Shoes,2,120,240
6179,2024-10-29,Nicholas Hansen,Shiraz,Electronics,Laptop,5,1200,6000
6180,2025-04-01,Lisa Wright MD,Karaj,Sports,Basketball,5,35,175
6181,2025-07-15,Robin Myers,Tehran,Books,Data Science Handbook,1,60,60
6182,2024-03-15,Janice Ramsey,Shiraz,Home Appliances,Air Conditioner,1,2000,2000
6183,2024-11-26,Ronnie Turner,Tabriz,Books,Machine Learning,5,80,400
6184,2024-07-22,Kylie Alvarez,Mashhad,Home Appliances,Refrigerator,4,1800,7200
6185,2025-04-16,Michael Padilla,Qom,Electronics,Smart Watch,4,250,1000
6186,2024-03-05,Dr. Benjamin Johnson,Ahvaz,Books,Python Programming,1,45,45
6187,2025-05-24,Ryan Cruz,Ahvaz,Electronics,Laptop,4,1200,4800
6188,2025-06-15,Joseph Long,Ahvaz,Sports,Fitness Band,3,90,270
6189,2024-09-18,Heather Sandoval,Tabriz,Sports,Running Shoes,3,120,360
6190,2025-07-31,Cheyenne Mcconnell,Rasht,Sports,Tennis Racket,3,180,540
6191,2025-09-27,Adam Chavez,Qom,Electronics,Headphones,5,150,750
6192,2024-07-14,Linda Cooper,Rasht,Home Appliances,Washing Machine,2,1500,3000
6193,2025-04-29,Christina Singleton,Karaj,Sports,Running Shoes,3,120,360
6194,2024-06-18,Jeremy Jackson,Rasht,Home Appliances,Air Conditioner,3,2000,6000
6195,2025-09-28,Kaitlyn Smith,Mashhad,Books,Algorithms,4,70,280
6196,2025-07-24,Lisa Moore,Karaj,Home Appliances,Vacuum Cleaner,1,300,300
6197,2024-12-15,Leah Casey,Isfahan,Sports,Basketball,5,35,175
6198,2024-01-10,Karen Smith,Rasht,Sports,Running Shoes,5,120,600
6199,2025-10-31,Mr. Kyle Walker MD,Mashhad,Electronics,Smartphone,5,800,4000
6200,2024-04-28,Jamie Bennett,Qom,Books,Algorithms,5,70,350
6201,2025-11-30,Francisco Hernandez,Ahvaz,Books,Data Science Handbook,2,60,120
6202,2025-09-16,Mrs. Sarah Fisher,Tabriz,Books,Data Science Handbook,3,60,180
6203,2024-01-16,Joseph May,Mashhad,Home Appliances,Vacuum Cleaner,2,300,600
6204,2025-04-29,Linda Hoffman,Mashhad,Home Appliances,Vacuum Cleaner,5,300,1500
6205,2024-05-28,Stephen Roth,Kermanshah,Books,Algorithms,1,70,70
6206,2024-11-12,Donald Moore,Karaj,Sports,Football,3,30,90
6207,2024-12-07,Christine Jimenez,Qom,Home Appliances,Vacuum Cleaner,1,300,300
6208,2025-02-23,Anthony Carlson,Ahvaz,Electronics,Smartphone,5,800,4000
6209,2024-09-18,Amber Crawford,Mashhad,Home Appliances,Microwave,1,220,220
6210,2024-04-17,Michael Sexton,Tehran,Home Appliances,Washing Machine,3,1500,4500
6211,2025-11-01,Jennifer Gomez,Isfahan,Books,Algorithms,4,70,280
6212,2025-03-13,Chelsey Campbell,Karaj,Books,Python Programming,1,45,45
6213,2025-08-21,Daniel Herman,Mashhad,Books,Clean Code,4,55,220
6214,2025-12-19,Brooke Marshall,Qom,Home Appliances,Washing Machine,2,1500,3000
6215,2025-10-24,Charles Smith,Tehran,Sports,Tennis Racket,3,180,540
6216,2024-04-16,Peter Anderson,Karaj,Books,Data Science Handbook,2,60,120
6217,2025-05-15,Claudia Turner,Rasht,Home Appliances,Air Conditioner,1,2000,2000
6218,2025-09-27,Lisa Carroll,Tehran,Home Appliances,Microwave,2,220,440
6219,2024-11-18,William Simmons,Isfahan,Sports,Fitness Band,2,90,180
6220,2025-03-18,Makayla Johnson,Tehran,Sports,Running Shoes,2,120,240
6221,2025-10-21,Robert Johnson,Isfahan,Electronics,Tablet,5,500,2500
6222,2025-10-28,Joshua Cervantes,Kermanshah,Home Appliances,Microwave,1,220,220
6223,2024-03-09,Jordan Mueller,Mashhad,Home Appliances,Air Conditioner,5,2000,10000
6224,2024-10-16,Joshua Jackson,Shiraz,Electronics,Smartphone,4,800,3200
6225,2025-04-02,Benjamin Garcia DDS,Qom,Electronics,Laptop,1,1200,1200
6226,2025-05-20,Ronald Gardner,Mashhad,Books,Machine Learning,3,80,240
6227,2024-07-16,Robin Rodriguez,Mashhad,Sports,Tennis Racket,4,180,720
6228,2024-11-09,Mary Schultz,Karaj,Sports,Running Shoes,1,120,120
6229,2025-09-21,Christina Jones,Rasht,Electronics,Tablet,3,500,1500
6230,2024-01-27,James Lucas,Karaj,Books,Algorithms,1,70,70
6231,2024-10-29,Brian Williams,Kermanshah,Sports,Running Shoes,3,120,360
6232,2025-04-04,Megan Spencer,Ahvaz,Home Appliances,Microwave,5,220,1100
6233,2024-01-05,Peter Pollard,Qom,Home Appliances,Air Conditioner,1,2000,2000
6234,2024-10-31,Jesse Brewer,Rasht,Electronics,Laptop,1,1200,1200
6235,2024-04-14,Angela Payne,Tabriz,Home Appliances,Microwave,1,220,220
6236,2025-07-06,Lori Smith,Shiraz,Electronics,Tablet,3,500,1500
6237,2024-09-26,Richard Johnson,Rasht,Electronics,Smart Watch,1,250,250
6238,2024-06-14,Jeremy Glover,Mashhad,Home Appliances,Washing Machine,1,1500,1500
6239,2025-09-25,John Holder,Qom,Books,Data Science Handbook,1,60,60
6240,2025-05-05,Allison Thompson,Mashhad,Books,Data Science Handbook,2,60,120
6241,2024-01-19,Emily Goodman,Tabriz,Sports,Basketball,3,35,105
6242,2024-04-23,Karen Baker,Mashhad,Electronics,Tablet,3,500,1500
6243,2025-07-17,Elizabeth Hudson,Tabriz,Books,Machine Learning,5,80,400
6244,2025-11-30,Kevin Lee,Rasht,Home Appliances,Refrigerator,5,1800,9000
6245,2025-04-18,Tammy Horton,Karaj,Home Appliances,Refrigerator,4,1800,7200
6246,2025-12-25,Brandi Johnson,Mashhad,Sports,Football,4,30,120
6247,2025-06-15,Tim Holland,Shiraz,Sports,Football,3,30,90
6248,2025-02-05,Regina Cowan,Rasht,Electronics,Laptop,4,1200,4800
6249,2024-02-29,Angela Mejia,Tehran,Home Appliances,Air Conditioner,1,2000,2000
6250,2024-01-16,Mrs. Heidi Rivera MD,Kermanshah,Home Appliances,Microwave,2,220,440
6251,2025-04-08,Matthew Thomas,Karaj,Books,Clean Code,1,55,55
6252,2024-07-20,Sharon Barrett,Qom,Home Appliances,Refrigerator,3,1800,5400
6253,2025-06-07,Pamela Norris,Qom,Books,Algorithms,4,70,280
6254,2024-11-29,Sierra Payne,Tabriz,Books,Algorithms,1,70,70
6255,2025-12-23,Jack Newton,Tehran,Sports,Football,2,30,60
6256,2024-10-25,Robert Rios,Karaj,Home Appliances,Washing Machine,4,1500,6000
6257,2024-08-10,Hannah Smith,Ahvaz,Home Appliances,Vacuum Cleaner,3,300,900
6258,2024-03-01,John Duncan,Mashhad,Electronics,Tablet,3,500,1500
6259,2024-02-26,Christopher Nguyen,Qom,Books,Algorithms,5,70,350
6260,2024-11-06,Kevin James,Kermanshah,Books,Python Programming,5,45,225
6261,2024-04-24,Mark Middleton,Qom,Books,Algorithms,2,70,140
6262,2024-05-20,Katrina Ross,Tabriz,Electronics,Laptop,2,1200,2400
6263,2024-05-31,Cynthia Clark,Mashhad,Electronics,Smart Watch,4,250,1000
6264,2025-04-13,Timothy Phillips,Ahvaz,Sports,Football,1,30,30
6265,2024-03-09,Joseph Lopez,Tehran,Sports,Tennis Racket,2,180,360
6266,2025-01-14,David Cardenas,Tehran,Home Appliances,Air Conditioner,3,2000,6000
6267,2025-02-02,Mitchell Johnson,Shiraz,Sports,Football,2,30,60
6268,2025-06-23,Nancy Turner,Ahvaz,Sports,Football,3,30,90
6269,2025-11-10,Rhonda Johnson,Qom,Electronics,Laptop,1,1200,1200
6270,2025-03-21,Victor Rodgers,Qom,Electronics,Smartphone,4,800,3200
6271,2025-08-14,Aaron Stevens,Isfahan,Books,Data Science Handbook,4,60,240
6272,2024-04-26,David Simpson,Isfahan,Home Appliances,Air Conditioner,2,2000,4000
6273,2024-08-04,Kelli Rowland,Qom,Books,Clean Code,1,55,55
6274,2025-07-22,Michael Gibbs,Kermanshah,Electronics,Laptop,3,1200,3600
6275,2024-06-12,Jason Jones,Qom,Home Appliances,Washing Machine,1,1500,1500
6276,2025-03-17,Matthew Kim,Karaj,Home Appliances,Air Conditioner,2,2000,4000
6277,2025-09-14,Kelly Bradley,Tehran,Books,Algorithms,4,70,280
6278,2024-04-10,Bonnie Perry,Isfahan,Home Appliances,Air Conditioner,3,2000,6000
6279,2024-03-29,Patrick Higgins,Mashhad,Sports,Tennis Racket,2,180,360
6280,2024-05-24,Charles Gonzalez,Karaj,Home Appliances,Washing Machine,5,1500,7500
6281,2025-11-21,Jessica Stewart,Qom,Sports,Fitness Band,5,90,450
6282,2024-01-21,Tracy Marsh,Shiraz,Home Appliances,Microwave,2,220,440
6283,2025-10-06,Travis Gibbs,Tehran,Home Appliances,Microwave,2,220,440
6284,2024-11-05,Kenneth Henson,Karaj,Sports,Basketball,1,35,35
6285,2024-03-14,Joseph Campos,Rasht,Books,Machine Learning,3,80,240
6286,2025-08-17,Rachel Ortega,Rasht,Sports,Football,5,30,150
6287,2025-11-29,Shane Gonzalez,Tehran,Home Appliances,Washing Machine,1,1500,1500
6288,2025-03-25,Ashley Robinson,Tehran,Books,Machine Learning,5,80,400
6289,2024-05-31,Tamara Garza,Shiraz,Home Appliances,Microwave,5,220,1100
6290,2025-10-06,Mr. Harry Diaz,Isfahan,Books,Machine Learning,1,80,80
6291,2024-03-24,Joseph Norton,Tabriz,Sports,Tennis Racket,2,180,360
6292,2024-08-10,Amber Malone,Shiraz,Home Appliances,Microwave,4,220,880
6293,2024-01-14,Donna Chang,Rasht,Sports,Running Shoes,3,120,360
6294,2025-10-07,Melanie Clark,Karaj,Electronics,Laptop,1,1200,1200
6295,2025-11-08,Ryan Haney,Kermanshah,Sports,Fitness Band,5,90,450
6296,2024-11-10,Linda Schwartz,Kermanshah,Electronics,Tablet,3,500,1500
6297,2025-07-14,Michael Hernandez,Isfahan,Home Appliances,Microwave,3,220,660
6298,2025-01-17,Michael Fuentes,Shiraz,Sports,Running Shoes,1,120,120
6299,2024-03-01,Rodney Cruz,Tehran,Books,Algorithms,1,70,70
6300,2024-07-13,Zachary Rogers,Karaj,Books,Clean Code,5,55,275
6301,2025-02-16,Brian Martin,Ahvaz,Electronics,Smart Watch,4,250,1000
6302,2025-09-05,Caroline Richardson,Tabriz,Electronics,Headphones,4,150,600
6303,2024-05-21,Kelly Garcia,Isfahan,Electronics,Smartphone,1,800,800
6304,2024-10-16,Kelly Gibson,Shiraz,Electronics,Tablet,2,500,1000
6305,2024-03-31,Mary Bond,Tabriz,Books,Python Programming,2,45,90
6306,2025-01-02,Christopher Garcia,Rasht,Books,Data Science Handbook,1,60,60
6307,2025-05-23,Nicholas Medina,Tehran,Sports,Fitness Band,1,90,90
6308,2024-07-08,Michael Brown,Mashhad,Electronics,Laptop,3,1200,3600
6309,2024-10-17,Scott Perry DDS,Tabriz,Electronics,Headphones,1,150,150
6310,2025-12-13,Travis Elliott,Rasht,Sports,Running Shoes,2,120,240
6311,2025-10-09,Andrew Taylor,Karaj,Sports,Tennis Racket,1,180,180
6312,2024-04-27,Jennifer Burns,Rasht,Sports,Fitness Band,4,90,360
6313,2025-03-18,Claudia Rodriguez,Karaj,Home Appliances,Vacuum Cleaner,3,300,900
6314,2024-10-04,Danielle Harris,Karaj,Home Appliances,Washing Machine,1,1500,1500
6315,2025-01-17,Mark Gonzales,Qom,Electronics,Headphones,1,150,150
6316,2024-05-29,Catherine Tucker,Isfahan,Books,Data Science Handbook,1,60,60
6317,2024-04-04,Jacqueline Robinson,Tehran,Books,Machine Learning,5,80,400
6318,2025-10-26,Kelly Rice,Kermanshah,Home Appliances,Vacuum Cleaner,4,300,1200
6319,2025-06-18,Melissa Wheeler,Karaj,Home Appliances,Microwave,3,220,660
6320,2025-07-12,Eric Morales,Tehran,Home Appliances,Microwave,4,220,880
6321,2025-09-23,Cynthia Hampton,Kermanshah,Electronics,Tablet,5,500,2500
6322,2024-09-16,Cynthia Fields,Qom,Books,Python Programming,4,45,180
6323,2025-11-26,Eileen Gilbert,Karaj,Electronics,Laptop,5,1200,6000
6324,2024-02-04,Justin Patterson,Karaj,Sports,Running Shoes,4,120,480
6325,2025-07-01,Samantha Peterson,Isfahan,Books,Algorithms,4,70,280
6326,2024-06-30,Joy Nicholson,Karaj,Books,Algorithms,2,70,140
6327,2024-05-08,Sarah Freeman,Rasht,Electronics,Smartphone,5,800,4000
6328,2024-01-05,Mary Adams,Rasht,Home Appliances,Washing Machine,5,1500,7500
6329,2025-02-22,Charles Lopez,Qom,Sports,Basketball,2,35,70
6330,2025-12-24,Alexis Riggs,Tabriz,Home Appliances,Microwave,1,220,220
6331,2024-06-04,Derek Griffin,Mashhad,Home Appliances,Vacuum Cleaner,5,300,1500
6332,2025-09-07,Rebecca Maldonado,Shiraz,Books,Data Science Handbook,5,60,300
6333,2024-08-09,Michael Lewis,Shiraz,Electronics,Smartphone,2,800,1600
6334,2024-09-15,Michael Bender,Isfahan,Home Appliances,Microwave,3,220,660
6335,2024-09-12,Keith Patterson,Mashhad,Sports,Tennis Racket,4,180,720
6336,2025-06-20,Kimberly Murphy,Qom,Electronics,Headphones,2,150,300
6337,2024-11-26,Mrs. Taylor Sandoval,Kermanshah,Home Appliances,Vacuum Cleaner,5,300,1500
6338,2025-07-04,Tiffany Gray,Ahvaz,Electronics,Headphones,4,150,600
6339,2025-11-27,Cody Brown,Karaj,Home Appliances,Washing Machine,3,1500,4500
6340,2024-06-17,Stephanie Clark,Qom,Home Appliances,Air Conditioner,1,2000,2000
6341,2025-07-24,Darren Smith,Mashhad,Home Appliances,Microwave,5,220,1100
6342,2025-03-25,Caleb Lewis,Tehran,Sports,Running Shoes,4,120,480
6343,2025-07-28,Monica Wong,Kermanshah,Electronics,Laptop,2,1200,2400
6344,2025-04-17,David Matthews,Kermanshah,Home Appliances,Microwave,3,220,660
6345,2025-07-12,Jacqueline Lowe,Karaj,Home Appliances,Microwave,5,220,1100
6346,2025-08-09,Phillip Dominguez,Tehran,Home Appliances,Refrigerator,2,1800,3600
6347,2024-01-10,Christina Gordon,Kermanshah,Electronics,Tablet,1,500,500
6348,2024-09-30,Paul Wells,Kermanshah,Sports,Fitness Band,4,90,360
6349,2024-10-20,Chad Gonzalez,Rasht,Home Appliances,Refrigerator,2,1800,3600
6350,2024-04-26,Roy Sutton,Tabriz,Books,Algorithms,5,70,350
6351,2025-07-19,Natalie Ramirez,Rasht,Home Appliances,Washing Machine,5,1500,7500
6352,2025-03-25,George Kennedy,Tehran,Home Appliances,Washing Machine,5,1500,7500
6353,2024-08-16,Edward Carney,Isfahan,Electronics,Smart Watch,3,250,750
6354,2024-01-26,Karen Mitchell,Tabriz,Home Appliances,Vacuum Cleaner,2,300,600
6355,2024-09-05,Catherine Davenport,Mashhad,Books,Data Science Handbook,2,60,120
6356,2025-06-17,Carrie Wong,Shiraz,Books,Data Science Handbook,3,60,180
6357,2024-08-22,Wayne Padilla Jr.,Shiraz,Sports,Basketball,4,35,140
6358,2024-10-23,Christopher Ray,Mashhad,Home Appliances,Air Conditioner,1,2000,2000
6359,2025-02-13,Tanner Duncan,Rasht,Books,Clean Code,1,55,55
6360,2024-10-06,Lauren Patrick,Mashhad,Home Appliances,Air Conditioner,2,2000,4000
6361,2024-06-18,Mark Mcgee,Mashhad,Books,Algorithms,5,70,350
6362,2025-11-15,Robert Prince,Kermanshah,Home Appliances,Refrigerator,2,1800,3600
6363,2024-01-26,Donald Maldonado,Karaj,Electronics,Tablet,5,500,2500
6364,2024-04-26,Jason Williams,Karaj,Books,Python Programming,1,45,45
6365,2025-04-11,Eric Sharp,Rasht,Electronics,Smart Watch,3,250,750
6366,2024-05-03,Amanda Kemp,Rasht,Home Appliances,Air Conditioner,2,2000,4000
6367,2025-02-27,Cheryl Miller,Qom,Home Appliances,Microwave,4,220,880
6368,2024-09-10,Yvonne Murphy,Kermanshah,Books,Clean Code,2,55,110
6369,2025-07-20,Ashley Smith,Kermanshah,Books,Python Programming,3,45,135
6370,2025-07-27,Nicole Charles,Shiraz,Home Appliances,Refrigerator,5,1800,9000
6371,2025-08-07,David Johnson,Karaj,Books,Clean Code,4,55,220
6372,2024-10-19,Jason Diaz,Tehran,Books,Clean Code,4,55,220
6373,2024-10-04,Gabriel Pittman,Rasht,Electronics,Smartphone,4,800,3200
6374,2024-10-12,Jacqueline Bender,Shiraz,Home Appliances,Microwave,5,220,1100
6375,2025-06-06,Shane Wagner,Tabriz,Home Appliances,Air Conditioner,2,2000,4000
6376,2025-09-22,April Parker,Mashhad,Sports,Football,4,30,120
6377,2024-11-13,Cory Gutierrez,Mashhad,Electronics,Smart Watch,3,250,750
6378,2024-12-12,Lisa Campos,Mashhad,Books,Data Science Handbook,5,60,300
6379,2025-04-30,Ashley Gilbert,Tehran,Books,Clean Code,4,55,220
6380,2025-03-13,Joshua Figueroa,Kermanshah,Home Appliances,Vacuum Cleaner,1,300,300
6381,2025-01-12,Christy Avery,Tabriz,Home Appliances,Air Conditioner,4,2000,8000
6382,2025-11-04,Alex Dennis,Mashhad,Electronics,Smart Watch,1,250,250
6383,2025-02-21,Rebekah Bauer,Tehran,Electronics,Laptop,5,1200,6000
6384,2025-12-17,Jeremy Anderson,Rasht,Books,Data Science Handbook,5,60,300
6385,2024-09-03,Pamela Rivera,Tabriz,Books,Machine Learning,1,80,80
6386,2025-08-10,Jacqueline Love,Qom,Books,Algorithms,3,70,210
6387,2025-08-01,Mariah Quinn,Ahvaz,Sports,Basketball,5,35,175
6388,2024-06-01,Lisa Hill,Karaj,Sports,Football,3,30,90
6389,2024-06-29,Erica Robinson,Karaj,Home Appliances,Vacuum Cleaner,1,300,300
6390,2025-07-02,Hector Estes,Qom,Electronics,Smartphone,4,800,3200
6391,2025-04-09,Douglas Nichols,Karaj,Books,Python Programming,5,45,225
6392,2024-05-31,Jason Hill,Ahvaz,Electronics,Laptop,4,1200,4800
6393,2024-12-22,Jessica Scott,Qom,Home Appliances,Washing Machine,5,1500,7500
6394,2024-01-19,Jamie Walton,Kermanshah,Sports,Football,2,30,60
6395,2024-10-08,David Campbell,Tehran,Sports,Basketball,4,35,140
6396,2025-07-16,Michael Jefferson,Ahvaz,Electronics,Smartphone,3,800,2400
6397,2025-01-26,Megan Moore,Kermanshah,Home Appliances,Refrigerator,1,1800,1800
6398,2025-07-27,Luke Leon,Tabriz,Books,Clean Code,4,55,220
6399,2025-09-21,Bryan Goodwin,Tabriz,Electronics,Smart Watch,2,250,500
6400,2025-01-02,Curtis White,Rasht,Home Appliances,Refrigerator,2,1800,3600
6401,2025-10-16,Megan Lawrence,Qom,Sports,Football,1,30,30
6402,2025-01-03,Carmen Chavez,Mashhad,Sports,Fitness Band,3,90,270
6403,2025-06-13,David Christensen,Tabriz,Home Appliances,Microwave,5,220,1100
6404,2024-03-29,Benjamin Sparks,Qom,Electronics,Headphones,4,150,600
6405,2025-02-24,Lauren Baxter,Ahvaz,Electronics,Headphones,2,150,300
6406,2025-01-29,David Flynn,Rasht,Electronics,Smartphone,5,800,4000
6407,2025-08-02,Alexis Smith,Isfahan,Sports,Fitness Band,3,90,270
6408,2025-10-28,Matthew Fowler,Karaj,Sports,Tennis Racket,2,180,360
6409,2024-04-15,April Murray,Tehran,Home Appliances,Air Conditioner,4,2000,8000
6410,2024-02-01,Brooke Whitney,Ahvaz,Books,Algorithms,5,70,350
6411,2025-12-26,Troy Acevedo,Rasht,Electronics,Smart Watch,2,250,500
6412,2024-12-27,Margaret Herman,Rasht,Books,Data Science Handbook,1,60,60
6413,2024-01-22,Lauren Smith,Ahvaz,Electronics,Laptop,3,1200,3600
6414,2024-03-30,Lisa Flores,Shiraz,Books,Data Science Handbook,4,60,240
6415,2025-04-22,Dylan Wilson,Tabriz,Home Appliances,Air Conditioner,4,2000,8000
6416,2024-12-11,Linda Fuller,Tabriz,Electronics,Smartphone,2,800,1600
6417,2025-06-29,Elizabeth Thompson,Rasht,Home Appliances,Refrigerator,5,1800,9000
6418,2024-06-01,Sean Burch,Tabriz,Books,Algorithms,4,70,280
6419,2024-10-02,Christopher Alvarez,Rasht,Sports,Fitness Band,4,90,360
6420,2025-02-16,Kristina Day,Kermanshah,Home Appliances,Air Conditioner,5,2000,10000
6421,2025-10-25,Ruth Walters,Shiraz,Books,Machine Learning,2,80,160
6422,2024-01-18,Jennifer Armstrong,Mashhad,Home Appliances,Washing Machine,1,1500,1500
6423,2025-04-05,Robert Hill,Kermanshah,Home Appliances,Washing Machine,5,1500,7500
6424,2024-11-29,Elizabeth Pearson,Mashhad,Home Appliances,Microwave,1,220,220
6425,2025-02-19,Sean Farley,Kermanshah,Books,Data Science Handbook,5,60,300
6426,2025-11-08,Michele Robertson,Qom,Books,Algorithms,4,70,280
6427,2024-11-29,Courtney Wright,Kermanshah,Sports,Football,5,30,150
6428,2024-09-16,Jesse Lutz,Ahvaz,Electronics,Smartphone,3,800,2400
6429,2025-08-09,Renee Anderson,Shiraz,Home Appliances,Refrigerator,5,1800,9000
6430,2025-07-16,Theresa Anderson,Ahvaz,Books,Machine Learning,2,80,160
6431,2025-08-13,Brian Davis,Shiraz,Home Appliances,Refrigerator,3,1800,5400
6432,2024-12-12,Lindsay Moore,Tehran,Electronics,Smart Watch,5,250,1250
6433,2025-05-12,Kathleen Smith,Tabriz,Electronics,Headphones,2,150,300
6434,2024-02-04,Travis Clayton,Karaj,Sports,Running Shoes,5,120,600
6435,2025-02-28,Colleen Lynch,Mashhad,Sports,Basketball,5,35,175
6436,2025-09-30,Jonathan Phillips,Tehran,Electronics,Laptop,2,1200,2400
6437,2025-10-23,James Sanders,Rasht,Home Appliances,Microwave,1,220,220
6438,2025-04-16,Eric Walker,Rasht,Books,Machine Learning,3,80,240
6439,2025-07-11,Stacy Morgan,Kermanshah,Sports,Football,1,30,30
6440,2024-09-19,Patricia Morgan,Ahvaz,Home Appliances,Refrigerator,1,1800,1800
6441,2025-02-18,Mrs. Mary Kim,Rasht,Books,Clean Code,3,55,165
6442,2024-03-19,Joshua Sanders,Qom,Books,Python Programming,5,45,225
6443,2025-07-21,Mrs. Pamela Smith,Tehran,Home Appliances,Refrigerator,1,1800,1800
6444,2024-10-25,Juan Irwin,Tehran,Books,Algorithms,5,70,350
6445,2025-08-17,Amber Rose,Tehran,Sports,Running Shoes,2,120,240
6446,2025-08-24,Gina Casey,Ahvaz,Home Appliances,Air Conditioner,3,2000,6000
6447,2024-01-15,Susan Floyd,Kermanshah,Home Appliances,Washing Machine,4,1500,6000
6448,2024-12-30,James Fry,Kermanshah,Home Appliances,Vacuum Cleaner,2,300,600
6449,2024-12-10,Shaun Little,Shiraz,Books,Clean Code,1,55,55
6450,2025-12-03,Brett Williams,Tabriz,Electronics,Headphones,2,150,300
6451,2024-11-07,Kristin Knight,Tabriz,Home Appliances,Microwave,1,220,220
6452,2025-04-17,John Pugh,Isfahan,Home Appliances,Refrigerator,1,1800,1800
6453,2024-08-29,Toni Davis,Rasht,Home Appliances,Refrigerator,1,1800,1800
6454,2024-11-27,Alicia Ford,Kermanshah,Home Appliances,Refrigerator,5,1800,9000
6455,2024-05-28,Emily Lindsey,Tehran,Electronics,Smart Watch,3,250,750
6456,2025-01-30,Tom Harris,Karaj,Home Appliances,Refrigerator,3,1800,5400
6457,2024-12-23,Jeff Bell,Rasht,Sports,Tennis Racket,3,180,540
6458,2025-01-02,Sandra Ramirez,Isfahan,Sports,Football,5,30,150
6459,2024-04-26,Matthew Andrade,Mashhad,Electronics,Smartphone,1,800,800
6460,2025-08-06,Robert Armstrong,Qom,Home Appliances,Vacuum Cleaner,3,300,900
6461,2024-05-16,William Mcmahon,Kermanshah,Home Appliances,Microwave,5,220,1100
6462,2024-07-26,Katie Parker,Ahvaz,Sports,Tennis Racket,2,180,360
6463,2024-10-17,Mr. Kevin Collins Jr.,Rasht,Home Appliances,Vacuum Cleaner,1,300,300
6464,2025-04-14,Logan Hester,Karaj,Sports,Tennis Racket,1,180,180
6465,2024-08-16,Timothy Anderson,Karaj,Home Appliances,Washing Machine,3,1500,4500
6466,2024-01-30,Steven Gregory,Isfahan,Books,Machine Learning,3,80,240
6467,2025-06-19,David Johnson,Ahvaz,Books,Python Programming,2,45,90
6468,2024-01-06,Melanie Ryan,Mashhad,Sports,Running Shoes,5,120,600
6469,2024-12-01,Christopher Kirk,Ahvaz,Home Appliances,Air Conditioner,5,2000,10000
6470,2025-08-11,Thomas Ware,Isfahan,Books,Data Science Handbook,5,60,300
6471,2025-08-10,Mary Shannon,Kermanshah,Books,Python Programming,4,45,180
6472,2025-08-06,Dr. Eric Knox,Shiraz,Books,Algorithms,4,70,280
6473,2025-02-20,Mr. Michael Lester,Shiraz,Home Appliances,Air Conditioner,1,2000,2000
6474,2025-03-25,Jason Hill,Isfahan,Electronics,Smart Watch,5,250,1250
6475,2024-03-22,Carmen White MD,Karaj,Books,Python Programming,1,45,45
6476,2024-03-17,Renee Rodriguez,Karaj,Home Appliances,Air Conditioner,4,2000,8000
6477,2024-10-27,Robert Smith,Shiraz,Sports,Running Shoes,1,120,120
6478,2025-08-28,Michael Price,Kermanshah,Books,Clean Code,1,55,55
6479,2025-06-25,Megan Gibson,Kermanshah,Home Appliances,Refrigerator,4,1800,7200
6480,2025-04-05,Lisa Roberson,Isfahan,Home Appliances,Air Conditioner,5,2000,10000
6481,2025-10-04,Jonathan Allen,Isfahan,Books,Python Programming,2,45,90
6482,2025-07-22,Dr. Michelle Arellano,Qom,Books,Algorithms,1,70,70
6483,2024-03-27,Marvin Cooper,Isfahan,Sports,Football,5,30,150
6484,2024-07-19,Kimberly Wood,Rasht,Books,Python Programming,5,45,225
6485,2025-03-14,Amy Kline,Rasht,Electronics,Tablet,1,500,500
6486,2024-09-25,Ana Benitez,Tabriz,Sports,Tennis Racket,2,180,360
6487,2025-03-31,Clifford Sweeney,Rasht,Sports,Fitness Band,5,90,450
6488,2025-08-04,Patty Ortega,Shiraz,Home Appliances,Washing Machine,1,1500,1500
6489,2025-11-02,Randy Arnold,Tabriz,Electronics,Smart Watch,2,250,500
6490,2024-01-25,Joseph Hernandez,Ahvaz,Home Appliances,Microwave,1,220,220
6491,2024-04-14,Patricia Cox,Isfahan,Books,Python Programming,3,45,135
6492,2024-12-24,Laura Torres,Shiraz,Sports,Basketball,1,35,35
6493,2024-01-21,Richard Dean,Kermanshah,Electronics,Laptop,4,1200,4800
6494,2025-10-07,Angela Heath,Qom,Home Appliances,Refrigerator,1,1800,1800
6495,2025-06-15,Heather Vargas,Tehran,Home Appliances,Air Conditioner,1,2000,2000
6496,2024-08-29,Morgan Smith,Isfahan,Books,Machine Learning,2,80,160
6497,2024-02-16,William Lopez,Ahvaz,Books,Python Programming,4,45,180
6498,2024-10-05,Ethan Blake,Kermanshah,Electronics,Smartphone,3,800,2400
6499,2025-11-02,Johnathan Smith,Kermanshah,Sports,Fitness Band,5,90,450
6500,2024-06-13,Tara Pennington,Qom,Books,Algorithms,5,70,350
6501,2025-02-03,Darryl Benson,Kermanshah,Home Appliances,Air Conditioner,1,2000,2000
6502,2024-06-17,Annette Prince,Shiraz,Home Appliances,Washing Machine,4,1500,6000
6503,2025-01-23,Daniel Hall,Karaj,Electronics,Smartphone,4,800,3200
6504,2025-10-11,Lauren Stein,Ahvaz,Books,Algorithms,1,70,70
6505,2024-12-21,Nicole Baker,Tabriz,Home Appliances,Refrigerator,3,1800,5400
6506,2024-08-20,Juan Lopez,Kermanshah,Electronics,Smart Watch,1,250,250
6507,2025-09-07,Michael Scott,Karaj,Books,Clean Code,3,55,165
6508,2025-11-06,Joshua Mack,Isfahan,Electronics,Tablet,3,500,1500
6509,2024-09-20,Jacob Patel,Isfahan,Sports,Football,4,30,120
6510,2024-06-17,Alan Avila,Tehran,Books,Algorithms,5,70,350
6511,2025-11-01,Steven Davis,Kermanshah,Books,Data Science Handbook,2,60,120
6512,2024-08-28,Jennifer Silva,Ahvaz,Books,Data Science Handbook,3,60,180
6513,2025-12-23,Kevin Smith,Kermanshah,Electronics,Smart Watch,1,250,250
6514,2024-08-17,Kevin Morgan,Isfahan,Sports,Running Shoes,1,120,120
6515,2024-12-16,Ronald Jones,Ahvaz,Home Appliances,Refrigerator,4,1800,7200
6516,2024-12-24,Keith Brown,Rasht,Sports,Football,5,30,150
6517,2024-12-13,Gabrielle Moreno,Qom,Sports,Tennis Racket,5,180,900
6518,2024-05-09,Dr. Shannon Contreras,Tabriz,Electronics,Laptop,5,1200,6000
6519,2024-12-03,Richard Sanchez,Tabriz,Electronics,Smart Watch,1,250,250
6520,2024-07-13,Alicia Farrell,Mashhad,Electronics,Laptop,5,1200,6000
6521,2025-06-24,Kelly Mason,Rasht,Sports,Fitness Band,5,90,450
6522,2025-05-01,Kevin Brown,Isfahan,Electronics,Headphones,4,150,600
6523,2024-08-27,Rebecca Baird,Shiraz,Electronics,Smart Watch,5,250,1250
6524,2025-03-07,James Gilmore,Tehran,Sports,Running Shoes,5,120,600
6525,2024-07-02,Robert Woods,Karaj,Home Appliances,Air Conditioner,2,2000,4000
6526,2024-09-21,Kyle Olson,Kermanshah,Home Appliances,Vacuum Cleaner,3,300,900
6527,2024-07-31,Nancy Steele MD,Rasht,Home Appliances,Microwave,2,220,440
6528,2025-05-27,Summer Greene,Mashhad,Electronics,Smart Watch,4,250,1000
6529,2025-04-25,Stacy Pittman,Qom,Home Appliances,Air Conditioner,2,2000,4000
6530,2024-09-24,Charles Baker,Kermanshah,Home Appliances,Washing Machine,3,1500,4500
6531,2025-05-28,Jackie Donovan,Karaj,Electronics,Headphones,3,150,450
6532,2024-09-30,Laura Perez,Rasht,Sports,Football,1,30,30
6533,2025-11-21,James Mason,Isfahan,Home Appliances,Air Conditioner,5,2000,10000
6534,2025-06-17,Pamela Galvan,Isfahan,Sports,Tennis Racket,1,180,180
6535,2025-07-09,Miranda Valencia,Kermanshah,Home Appliances,Microwave,3,220,660
6536,2024-06-01,Anthony Wood,Isfahan,Home Appliances,Microwave,1,220,220
6537,2024-12-18,Michael Washington,Mashhad,Home Appliances,Microwave,1,220,220
6538,2025-05-15,Mackenzie Taylor,Kermanshah,Electronics,Smartphone,2,800,1600
6539,2025-07-17,Stacie Anderson,Ahvaz,Books,Machine Learning,3,80,240
6540,2024-01-25,Samantha Myers,Tehran,Home Appliances,Refrigerator,4,1800,7200
6541,2024-06-06,Jenna Thomas,Tehran,Sports,Fitness Band,4,90,360
6542,2024-09-23,Angela Velasquez,Isfahan,Sports,Basketball,4,35,140
6543,2025-09-01,Richard Chambers,Ahvaz,Books,Python Programming,2,45,90
6544,2025-08-26,Robert Snow,Ahvaz,Electronics,Smart Watch,1,250,250
6545,2024-01-27,Amy Nicholson,Mashhad,Home Appliances,Refrigerator,1,1800,1800
6546,2024-04-21,Angela Kelly,Mashhad,Electronics,Smart Watch,5,250,1250
6547,2025-08-26,Jordan Campos,Shiraz,Home Appliances,Refrigerator,2,1800,3600
6548,2024-11-21,Gabriel Gomez,Isfahan,Electronics,Smart Watch,1,250,250
6549,2024-12-30,David Martin,Tehran,Sports,Running Shoes,3,120,360
6550,2025-09-19,Cassandra Mcbride,Shiraz,Electronics,Smartphone,3,800,2400
6551,2025-01-10,Anthony Clark,Tabriz,Books,Python Programming,4,45,180
6552,2024-09-25,Joseph Hernandez PhD,Shiraz,Home Appliances,Refrigerator,5,1800,9000
6553,2025-08-25,Wesley Hoover,Karaj,Electronics,Laptop,5,1200,6000
6554,2025-09-19,Matthew Vega,Isfahan,Sports,Football,4,30,120
6555,2025-12-29,Miguel Lopez,Rasht,Electronics,Smartphone,5,800,4000
6556,2025-09-13,Sandra King,Rasht,Electronics,Tablet,3,500,1500
6557,2025-03-17,Robin Ward,Karaj,Home Appliances,Vacuum Cleaner,4,300,1200
6558,2025-12-08,Emily Harvey,Tehran,Books,Python Programming,5,45,225
6559,2025-10-24,Veronica Choi,Shiraz,Sports,Fitness Band,2,90,180
6560,2025-12-20,Tracey Rodriguez,Kermanshah,Books,Clean Code,2,55,110
6561,2025-12-25,James Thomas,Isfahan,Sports,Basketball,4,35,140
6562,2024-12-31,Kevin Gardner,Tabriz,Home Appliances,Refrigerator,5,1800,9000
6563,2025-06-14,Benjamin Bell,Ahvaz,Sports,Running Shoes,2,120,240
6564,2025-09-30,Michael Gibson,Mashhad,Sports,Basketball,3,35,105
6565,2024-10-22,Joshua Eaton,Tehran,Sports,Tennis Racket,4,180,720
6566,2025-11-08,Jeffrey Gibson,Qom,Electronics,Headphones,5,150,750
6567,2024-05-17,Taylor Taylor,Kermanshah,Sports,Running Shoes,4,120,480
6568,2025-04-26,Zachary Lindsey,Rasht,Sports,Tennis Racket,4,180,720
6569,2024-01-09,Dr. Nicole Taylor MD,Karaj,Sports,Football,5,30,150
6570,2025-06-13,Alan Valdez,Isfahan,Sports,Tennis Racket,1,180,180
6571,2025-10-07,Jeffery Hobbs,Tabriz,Books,Machine Learning,3,80,240
6572,2025-06-25,Michael Anderson,Karaj,Electronics,Laptop,3,1200,3600
6573,2025-06-20,Jeanne Garcia,Karaj,Electronics,Tablet,2,500,1000
6574,2024-08-04,Jaime Adkins,Tehran,Home Appliances,Air Conditioner,4,2000,8000
6575,2025-07-22,Alicia Kelly,Rasht,Books,Clean Code,1,55,55
6576,2024-02-20,Elizabeth Spencer,Ahvaz,Home Appliances,Refrigerator,2,1800,3600
6577,2024-10-17,Gary Villa,Kermanshah,Electronics,Laptop,2,1200,2400
6578,2025-09-20,Christine Morris,Isfahan,Sports,Tennis Racket,4,180,720
6579,2024-04-28,Stephen Rogers,Shiraz,Home Appliances,Air Conditioner,4,2000,8000
6580,2025-04-21,Michael Castro,Shiraz,Home Appliances,Refrigerator,2,1800,3600
6581,2024-01-17,Heather Shaw,Isfahan,Home Appliances,Refrigerator,4,1800,7200
6582,2024-09-27,Courtney Gibson,Kermanshah,Home Appliances,Vacuum Cleaner,4,300,1200
6583,2025-08-22,James Cox,Kermanshah,Books,Algorithms,4,70,280
6584,2024-01-11,Jay Alvarado,Rasht,Sports,Basketball,2,35,70
6585,2024-01-04,Nicole Roberts,Tehran,Books,Algorithms,2,70,140
6586,2024-07-17,Natasha Schneider,Mashhad,Electronics,Headphones,5,150,750
6587,2024-11-03,Matthew Smith,Shiraz,Books,Algorithms,2,70,140
6588,2024-02-08,Sarah Peterson,Shiraz,Sports,Fitness Band,3,90,270
6589,2025-09-30,Benjamin Harper,Ahvaz,Sports,Football,2,30,60
6590,2025-03-16,Sarah Barrett,Tabriz,Electronics,Tablet,3,500,1500
6591,2024-10-05,Malik Madden,Mashhad,Electronics,Headphones,1,150,150
6592,2024-09-08,Kimberly Jones,Tehran,Books,Clean Code,2,55,110
6593,2025-09-21,Jesse Hayden,Qom,Home Appliances,Washing Machine,3,1500,4500
6594,2025-10-12,Caitlin Murray,Ahvaz,Electronics,Tablet,5,500,2500
6595,2025-12-03,Jasmine Carter,Qom,Home Appliances,Microwave,1,220,220
6596,2024-01-14,Shannon Hartman,Tabriz,Sports,Basketball,3,35,105
6597,2024-07-15,John Macias,Ahvaz,Sports,Running Shoes,1,120,120
6598,2025-07-31,Charlotte Bailey,Shiraz,Electronics,Smart Watch,2,250,500
6599,2024-01-12,Adriana Smith,Qom,Electronics,Laptop,1,1200,1200
6600,2024-11-03,Amanda Montoya,Isfahan,Electronics,Laptop,1,1200,1200
6601,2025-03-23,Mindy Fletcher,Mashhad,Home Appliances,Refrigerator,5,1800,9000
6602,2025-12-13,Justin Acosta,Mashhad,Electronics,Smart Watch,2,250,500
6603,2025-08-11,Michael Sanchez,Tabriz,Sports,Football,4,30,120
6604,2024-07-22,Kevin Roth,Qom,Sports,Basketball,4,35,140
6605,2025-04-20,Michael Santiago,Shiraz,Home Appliances,Refrigerator,1,1800,1800
6606,2024-11-18,Holly Ball,Mashhad,Electronics,Smart Watch,5,250,1250
6607,2025-11-22,Anthony Olsen Jr.,Shiraz,Electronics,Laptop,1,1200,1200
6608,2025-06-06,Joseph Lopez,Rasht,Sports,Running Shoes,1,120,120
6609,2024-07-09,Spencer Parker,Rasht,Sports,Football,5,30,150
6610,2024-02-11,Jared Ramirez,Karaj,Electronics,Smart Watch,1,250,250
6611,2025-05-08,Jessica Estrada,Isfahan,Home Appliances,Refrigerator,2,1800,3600
6612,2025-05-31,Alan Robbins,Kermanshah,Books,Algorithms,2,70,140
6613,2024-07-15,Abigail Salas,Isfahan,Home Appliances,Washing Machine,2,1500,3000
6614,2025-02-26,Phillip Russell,Ahvaz,Electronics,Laptop,4,1200,4800
6615,2025-05-11,Lauren Faulkner,Kermanshah,Home Appliances,Refrigerator,4,1800,7200
6616,2024-12-06,Patricia Brown,Tehran,Electronics,Smart Watch,4,250,1000
6617,2024-01-01,Brittany Mejia,Tehran,Sports,Running Shoes,1,120,120
6618,2025-04-20,Leslie Long,Qom,Books,Clean Code,3,55,165
6619,2025-01-11,Patricia Roth,Tehran,Books,Clean Code,4,55,220
6620,2024-06-08,Jennifer Stephens,Isfahan,Home Appliances,Washing Machine,1,1500,1500
6621,2024-08-22,Amy Hall,Rasht,Books,Data Science Handbook,1,60,60
6622,2025-02-09,Shelia Lewis,Shiraz,Home Appliances,Air Conditioner,5,2000,10000
6623,2024-04-19,Lynn Villarreal,Mashhad,Sports,Tennis Racket,2,180,360
6624,2024-03-24,Valerie Bright,Rasht,Electronics,Laptop,2,1200,2400
6625,2025-02-12,Gina Morris,Tabriz,Home Appliances,Vacuum Cleaner,3,300,900
6626,2024-10-07,Dawn Brown,Kermanshah,Electronics,Headphones,1,150,150
6627,2024-04-08,Vanessa Church,Kermanshah,Home Appliances,Washing Machine,5,1500,7500
6628,2025-05-14,Shannon Graham,Mashhad,Sports,Fitness Band,5,90,450
6629,2024-02-14,Laura Spencer,Shiraz,Books,Clean Code,2,55,110
6630,2024-04-05,Diana Whitehead,Tabriz,Home Appliances,Refrigerator,2,1800,3600
6631,2025-12-06,Joseph Williams,Karaj,Home Appliances,Microwave,4,220,880
6632,2025-01-08,Christina Graves,Mashhad,Books,Data Science Handbook,5,60,300
6633,2024-12-23,Corey Keith,Shiraz,Books,Python Programming,2,45,90
6634,2024-09-20,Alicia Frye,Kermanshah,Electronics,Tablet,4,500,2000
6635,2024-09-17,Julie Hale,Qom,Home Appliances,Refrigerator,5,1800,9000
6636,2025-05-07,Brianna Ibarra,Isfahan,Sports,Tennis Racket,2,180,360
6637,2025-11-23,Julia Hansen,Ahvaz,Books,Clean Code,1,55,55
6638,2024-03-28,Eric Lopez,Karaj,Home Appliances,Air Conditioner,1,2000,2000
6639,2024-06-20,Heather Miller,Karaj,Home Appliances,Air Conditioner,3,2000,6000
6640,2025-03-08,Dana Mathews,Ahvaz,Home Appliances,Washing Machine,4,1500,6000
6641,2024-08-07,Amy Johnson,Ahvaz,Electronics,Headphones,1,150,150
6642,2025-01-07,Eric Carrillo,Tehran,Home Appliances,Air Conditioner,4,2000,8000
6643,2025-05-19,Jessica Watson,Tabriz,Electronics,Smartphone,3,800,2400
6644,2025-01-05,Caitlyn Richardson DVM,Karaj,Books,Machine Learning,1,80,80
6645,2025-04-12,Cheryl Alexander,Mashhad,Sports,Football,3,30,90
6646,2025-08-25,Scott Brown,Qom,Electronics,Headphones,5,150,750
6647,2024-03-27,Thomas Dorsey,Tabriz,Home Appliances,Washing Machine,5,1500,7500
6648,2024-10-29,Kathy Edwards,Isfahan,Home Appliances,Vacuum Cleaner,1,300,300
6649,2025-09-26,John Jackson,Kermanshah,Home Appliances,Vacuum Cleaner,4,300,1200
6650,2025-04-16,Robert Ramirez,Tehran,Sports,Football,2,30,60
6651,2024-07-18,Tracy Mosley,Karaj,Electronics,Headphones,3,150,450
6652,2025-11-19,Ronald Jenkins,Rasht,Books,Data Science Handbook,3,60,180
6653,2024-04-26,Valerie Murray PhD,Qom,Sports,Fitness Band,4,90,360
6654,2025-06-29,Kurt Wood,Qom,Books,Data Science Handbook,1,60,60
6655,2024-03-20,Dr. Chelsea Brown PhD,Karaj,Electronics,Tablet,2,500,1000
6656,2024-05-14,Joel Smith,Kermanshah,Books,Python Programming,4,45,180
6657,2024-10-16,Amber Harrington,Isfahan,Home Appliances,Vacuum Cleaner,5,300,1500
6658,2024-06-02,Andrew Larson,Mashhad,Sports,Basketball,5,35,175
6659,2024-11-15,Justin Jones,Tehran,Home Appliances,Washing Machine,1,1500,1500
6660,2025-03-07,Robert Young,Isfahan,Home Appliances,Microwave,1,220,220
6661,2025-04-28,David Schroeder,Tehran,Electronics,Smartphone,1,800,800
6662,2024-08-03,Daniel Parker,Tehran,Sports,Running Shoes,5,120,600
6663,2024-10-21,Dr. Anthony Lang,Ahvaz,Home Appliances,Air Conditioner,3,2000,6000
6664,2025-08-12,Jill Garcia,Isfahan,Sports,Fitness Band,2,90,180
6665,2024-05-05,Chad Salinas,Tabriz,Books,Clean Code,5,55,275
6666,2024-10-09,Gregory Ritter,Rasht,Electronics,Smartphone,3,800,2400
6667,2025-09-06,Jennifer Browning,Rasht,Home Appliances,Vacuum Cleaner,1,300,300
6668,2025-07-11,Taylor Salinas,Mashhad,Home Appliances,Refrigerator,5,1800,9000
6669,2025-06-15,Stacy West,Isfahan,Home Appliances,Air Conditioner,4,2000,8000
6670,2024-10-05,Julia Contreras,Mashhad,Home Appliances,Microwave,4,220,880
6671,2025-04-10,Jessica Myers,Rasht,Sports,Fitness Band,1,90,90
6672,2025-03-01,Debbie Pittman,Qom,Home Appliances,Refrigerator,4,1800,7200
6673,2024-09-18,Jesse Morgan,Isfahan,Books,Algorithms,5,70,350
6674,2024-11-06,Tara Lawrence,Ahvaz,Sports,Tennis Racket,1,180,180
6675,2025-11-15,David Donovan,Kermanshah,Electronics,Smart Watch,3,250,750
6676,2024-12-13,Katherine Leach,Isfahan,Books,Clean Code,1,55,55
6677,2024-05-29,Michelle Adkins,Ahvaz,Electronics,Tablet,4,500,2000
6678,2025-07-08,Wyatt Edwards,Shiraz,Home Appliances,Air Conditioner,3,2000,6000
6679,2024-10-12,Ruth Smith,Shiraz,Books,Machine Learning,1,80,80
6680,2025-03-04,Brian King,Karaj,Sports,Basketball,5,35,175
6681,2024-08-26,Jordan Sanchez,Isfahan,Sports,Tennis Racket,4,180,720
6682,2024-11-11,Melvin Jensen,Isfahan,Books,Python Programming,3,45,135
6683,2025-05-11,Jerry Roberts,Mashhad,Home Appliances,Vacuum Cleaner,1,300,300
6684,2024-05-16,Maria Maxwell,Tehran,Electronics,Tablet,2,500,1000
6685,2024-12-10,Paul Miller,Qom,Books,Machine Learning,2,80,160
6686,2024-08-05,Sean Jacobson,Rasht,Electronics,Laptop,3,1200,3600
6687,2025-10-06,Kenneth White,Rasht,Home Appliances,Air Conditioner,1,2000,2000
6688,2025-01-06,Sue Nguyen,Tabriz,Electronics,Headphones,4,150,600
6689,2024-02-09,Suzanne Cummings,Ahvaz,Home Appliances,Refrigerator,5,1800,9000
6690,2024-04-21,Nicholas Harvey,Karaj,Home Appliances,Vacuum Cleaner,1,300,300
6691,2024-08-28,Dennis Orr,Tabriz,Sports,Football,5,30,150
6692,2025-06-26,Kelly Miller,Ahvaz,Electronics,Tablet,5,500,2500
6693,2025-01-04,Rachel Harmon,Shiraz,Books,Python Programming,5,45,225
6694,2024-01-21,Mark Nguyen,Karaj,Sports,Football,5,30,150
6695,2025-05-11,Lauren Patrick,Tehran,Sports,Running Shoes,1,120,120
6696,2025-05-28,Susan Ibarra,Ahvaz,Electronics,Smartphone,3,800,2400
6697,2024-01-13,Crystal Scott,Tabriz,Home Appliances,Vacuum Cleaner,3,300,900
6698,2025-08-27,Kelsey Perez,Kermanshah,Sports,Football,4,30,120
6699,2025-02-26,Joshua Durham,Qom,Sports,Basketball,1,35,35
6700,2024-08-30,Joseph Green,Ahvaz,Books,Data Science Handbook,3,60,180
6701,2025-01-07,Jon Hudson,Kermanshah,Electronics,Smart Watch,5,250,1250
6702,2024-09-06,Cesar Fuller,Karaj,Electronics,Laptop,4,1200,4800
6703,2025-11-22,Laura Dillon,Karaj,Electronics,Headphones,1,150,150
6704,2025-01-04,Lisa Perry,Mashhad,Sports,Running Shoes,3,120,360
6705,2025-11-03,Jennifer Bird,Shiraz,Home Appliances,Air Conditioner,2,2000,4000
6706,2024-06-14,Crystal Owen,Kermanshah,Books,Clean Code,5,55,275
6707,2024-11-20,Tonya Stone,Qom,Books,Clean Code,5,55,275
6708,2025-01-17,Christopher Davis,Isfahan,Sports,Football,1,30,30
6709,2024-02-23,Shelley Washington,Mashhad,Sports,Tennis Racket,1,180,180
6710,2024-08-15,Carrie Black,Tehran,Electronics,Headphones,3,150,450
6711,2025-09-12,Amanda Wilson,Kermanshah,Sports,Tennis Racket,2,180,360
6712,2025-04-04,Jennifer Dunn,Rasht,Home Appliances,Refrigerator,4,1800,7200
6713,2024-12-10,Joseph Rodriguez,Kermanshah,Books,Machine Learning,1,80,80
6714,2024-03-15,Ashley Martinez,Karaj,Home Appliances,Washing Machine,2,1500,3000
6715,2024-05-01,Anthony Beltran,Karaj,Books,Algorithms,1,70,70
6716,2024-07-14,Jane Webster,Ahvaz,Home Appliances,Refrigerator,2,1800,3600
6717,2025-05-27,Natalie Johnson,Rasht,Books,Algorithms,3,70,210
6718,2024-10-07,Cynthia Proctor,Ahvaz,Home Appliances,Microwave,3,220,660
6719,2025-11-07,Dustin Wallace,Mashhad,Sports,Football,3,30,90
6720,2025-08-07,Barbara Smith,Qom,Sports,Running Shoes,5,120,600
6721,2025-10-04,Alexandra Dyer,Karaj,Home Appliances,Refrigerator,2,1800,3600
6722,2025-10-08,Sean Lloyd,Shiraz,Sports,Basketball,1,35,35
6723,2024-03-16,Debra Nelson DVM,Isfahan,Sports,Running Shoes,1,120,120
6724,2025-09-09,Donna Phillips,Qom,Home Appliances,Vacuum Cleaner,4,300,1200
6725,2024-08-21,Deborah Soto,Tabriz,Books,Algorithms,3,70,210
6726,2025-03-04,Jennifer Carroll,Mashhad,Electronics,Headphones,4,150,600
6727,2025-05-28,Jessica Calhoun,Tehran,Books,Python Programming,2,45,90
6728,2024-12-23,Kimberly Petersen,Kermanshah,Electronics,Tablet,3,500,1500
6729,2024-08-11,Martin Gonzalez,Karaj,Sports,Running Shoes,5,120,600
6730,2024-02-22,Dr. Jessica Irwin,Kermanshah,Books,Clean Code,5,55,275
6731,2025-03-25,Michael Lawson,Kermanshah,Sports,Running Shoes,4,120,480
6732,2024-04-09,Jessica Wolfe,Isfahan,Books,Clean Code,5,55,275
6733,2024-07-14,Joe Higgins,Ahvaz,Electronics,Laptop,4,1200,4800
6734,2025-04-01,Kimberly Parker,Mashhad,Books,Algorithms,4,70,280
6735,2024-04-12,Paula Kim,Tabriz,Home Appliances,Washing Machine,5,1500,7500
6736,2025-01-07,Stephanie Warner,Tehran,Electronics,Smart Watch,2,250,500
6737,2024-03-22,Lisa Hall,Shiraz,Electronics,Smart Watch,4,250,1000
6738,2025-09-20,Jeremy Parker,Isfahan,Books,Python Programming,1,45,45
6739,2025-10-19,Courtney Barnes,Ahvaz,Sports,Basketball,5,35,175
6740,2025-05-30,Mary Walters,Tehran,Sports,Football,4,30,120
6741,2024-03-06,Brian Richardson,Rasht,Books,Algorithms,3,70,210
6742,2024-02-05,Andrew Rice,Qom,Books,Algorithms,1,70,70
6743,2025-01-24,Robert Miller,Tabriz,Electronics,Smart Watch,4,250,1000
6744,2024-06-17,Carly Maynard,Karaj,Sports,Running Shoes,2,120,240
6745,2025-08-16,Jeffery Hill,Mashhad,Electronics,Smart Watch,5,250,1250
6746,2025-02-05,Misty Taylor,Karaj,Electronics,Headphones,4,150,600
6747,2025-05-25,Cynthia Barton,Kermanshah,Home Appliances,Vacuum Cleaner,4,300,1200
6748,2025-09-07,Randall Hamilton,Qom,Sports,Tennis Racket,4,180,720
6749,2024-02-14,Renee Mccarty,Kermanshah,Home Appliances,Microwave,5,220,1100
6750,2024-07-29,Juan Meyer,Qom,Books,Algorithms,2,70,140
6751,2024-12-30,Monica Walker,Rasht,Home Appliances,Microwave,1,220,220
6752,2024-10-29,Erica Smith,Isfahan,Books,Python Programming,3,45,135
6753,2024-01-14,Mark Powell,Mashhad,Books,Data Science Handbook,1,60,60
6754,2025-07-31,Robert Woods,Kermanshah,Electronics,Headphones,1,150,150
6755,2024-07-30,Jonathon Taylor,Tabriz,Home Appliances,Microwave,4,220,880
6756,2024-05-16,Suzanne Frank,Rasht,Sports,Basketball,4,35,140
6757,2024-01-20,Jennifer Stevens,Kermanshah,Books,Machine Learning,2,80,160
6758,2025-09-04,Shannon Palmer,Isfahan,Sports,Fitness Band,2,90,180
6759,2025-02-02,Martin Jones,Qom,Electronics,Smartphone,5,800,4000
6760,2025-06-25,George Suarez,Kermanshah,Books,Machine Learning,5,80,400
6761,2024-04-27,Neil Blair,Kermanshah,Electronics,Laptop,1,1200,1200
6762,2025-07-19,Mandy Taylor,Isfahan,Books,Data Science Handbook,3,60,180
6763,2024-03-31,Patricia Brown,Shiraz,Sports,Running Shoes,1,120,120
6764,2025-06-16,Alexander Evans,Kermanshah,Electronics,Headphones,4,150,600
6765,2025-01-18,Shane Barr,Karaj,Electronics,Tablet,4,500,2000
6766,2024-11-26,Melissa Garcia,Shiraz,Home Appliances,Air Conditioner,2,2000,4000
6767,2025-12-06,Jessica Payne,Ahvaz,Home Appliances,Microwave,3,220,660
6768,2024-08-07,Stephanie Nichols,Tabriz,Electronics,Smart Watch,2,250,500
6769,2025-04-17,Brian Sheppard,Kermanshah,Home Appliances,Microwave,5,220,1100
6770,2025-11-18,Jonathan Owens,Ahvaz,Home Appliances,Refrigerator,2,1800,3600
6771,2025-12-29,Leslie Myers,Karaj,Books,Algorithms,2,70,140
6772,2025-12-26,Zachary Jones,Isfahan,Home Appliances,Air Conditioner,4,2000,8000
6773,2024-02-17,Andrew Carney,Shiraz,Home Appliances,Vacuum Cleaner,2,300,600
6774,2024-01-25,Shirley Quinn,Tehran,Home Appliances,Refrigerator,1,1800,1800
6775,2025-06-24,Nicholas Jones,Isfahan,Sports,Football,4,30,120
6776,2024-07-21,Robert Jones,Tehran,Sports,Tennis Racket,3,180,540
6777,2025-11-08,Luke Brown,Karaj,Books,Algorithms,3,70,210
6778,2024-02-24,Kenneth Roberts,Mashhad,Electronics,Tablet,5,500,2500
6779,2024-09-09,Frederick Black,Mashhad,Home Appliances,Vacuum Cleaner,1,300,300
6780,2025-01-02,Geoffrey Stewart,Kermanshah,Sports,Football,4,30,120
6781,2024-12-29,Kathleen Wells,Karaj,Electronics,Smartphone,2,800,1600
6782,2025-02-23,Alyssa Hinton,Karaj,Electronics,Headphones,3,150,450
6783,2025-01-26,Donald Ellis,Tehran,Sports,Running Shoes,4,120,480
6784,2025-12-15,Richard Sims,Qom,Books,Clean Code,2,55,110
6785,2025-10-08,Carl Maynard,Kermanshah,Books,Data Science Handbook,2,60,120
6786,2024-05-05,Nicholas Gray,Isfahan,Electronics,Smart Watch,5,250,1250
6787,2025-12-22,Krystal Miller,Karaj,Home Appliances,Vacuum Cleaner,5,300,1500
6788,2025-05-08,Thomas Macias,Karaj,Sports,Fitness Band,3,90,270
6789,2024-08-03,Sarah Raymond,Kermanshah,Books,Machine Learning,4,80,320
6790,2025-03-29,Eric Adams DVM,Qom,Books,Clean Code,5,55,275
6791,2025-04-13,Chelsea Howell,Shiraz,Electronics,Headphones,1,150,150
6792,2024-03-17,Robert Logan,Rasht,Sports,Tennis Racket,4,180,720
6793,2024-10-21,Jack Mckee,Isfahan,Sports,Football,1,30,30
6794,2025-03-27,Gary Brown,Mashhad,Home Appliances,Vacuum Cleaner,4,300,1200
6795,2024-08-28,Edwin Martinez,Isfahan,Home Appliances,Air Conditioner,4,2000,8000
6796,2024-12-11,Jacqueline Brooks,Mashhad,Sports,Basketball,1,35,35
6797,2025-04-19,Derek Scott,Tabriz,Home Appliances,Washing Machine,3,1500,4500
6798,2024-03-24,Brian Scott,Qom,Electronics,Smart Watch,5,250,1250
6799,2024-09-17,Ryan Barnes,Tabriz,Electronics,Smartphone,2,800,1600
6800,2025-06-07,Mark Johnson,Rasht,Sports,Tennis Racket,5,180,900
6801,2024-09-08,Michael Smith,Tehran,Home Appliances,Refrigerator,2,1800,3600
6802,2024-04-06,Mr. Jerry Robinson DDS,Isfahan,Books,Data Science Handbook,5,60,300
6803,2024-10-05,Andres White,Karaj,Books,Algorithms,4,70,280
6804,2024-08-02,Jeffrey Williams,Ahvaz,Books,Clean Code,2,55,110
6805,2024-10-26,Patricia Sims,Karaj,Books,Data Science Handbook,3,60,180
6806,2025-01-31,Derrick Wright,Karaj,Electronics,Smart Watch,4,250,1000
6807,2024-09-22,Kylie Brown,Karaj,Books,Machine Learning,1,80,80
6808,2025-05-29,Charles Evans,Karaj,Home Appliances,Microwave,2,220,440
6809,2024-09-23,John Bryant,Ahvaz,Books,Data Science Handbook,3,60,180
6810,2025-05-30,Lisa Johnston,Tehran,Books,Clean Code,2,55,110
6811,2024-09-19,Stacey Gates,Tabriz,Sports,Tennis Racket,1,180,180
6812,2024-09-08,Christine Drake,Tehran,Electronics,Laptop,1,1200,1200
6813,2024-11-09,Megan Nelson,Shiraz,Sports,Football,1,30,30
6814,2024-10-15,Paul Snyder,Ahvaz,Electronics,Smart Watch,2,250,500
6815,2024-05-02,Colton Kramer,Shiraz,Sports,Football,5,30,150
6816,2025-02-14,Richard Carroll,Kermanshah,Books,Python Programming,3,45,135
6817,2024-10-17,Kyle Morales,Rasht,Electronics,Smart Watch,4,250,1000
6818,2025-08-26,Robert Anderson,Rasht,Sports,Tennis Racket,1,180,180
6819,2025-07-18,Matthew Hall,Mashhad,Electronics,Tablet,2,500,1000
6820,2025-11-08,Rachel Neal,Isfahan,Electronics,Laptop,3,1200,3600
6821,2025-07-04,Duane King,Ahvaz,Home Appliances,Washing Machine,1,1500,1500
6822,2024-09-04,Brittney Morales,Shiraz,Books,Machine Learning,4,80,320
6823,2025-09-09,Autumn Weaver,Kermanshah,Sports,Basketball,5,35,175
6824,2025-12-08,Alejandra Rosario,Tehran,Electronics,Smart Watch,1,250,250
6825,2025-03-25,Michelle Berry,Tehran,Sports,Fitness Band,3,90,270
6826,2024-01-21,Alan James,Tabriz,Electronics,Smart Watch,1,250,250
6827,2024-08-06,George Hall,Ahvaz,Books,Clean Code,4,55,220
6828,2024-11-22,Rebecca Garcia,Tehran,Sports,Fitness Band,1,90,90
6829,2024-06-07,Stephen Gonzalez,Qom,Sports,Tennis Racket,2,180,360
6830,2025-03-02,Marissa Thomas,Karaj,Electronics,Laptop,1,1200,1200
6831,2024-10-31,Lindsay Holland,Karaj,Books,Machine Learning,5,80,400
6832,2025-08-27,Steven Nelson,Mashhad,Electronics,Tablet,2,500,1000
6833,2024-03-10,Tammy Mann,Qom,Sports,Basketball,4,35,140
6834,2024-09-15,Jesus Mckenzie,Isfahan,Books,Clean Code,5,55,275
6835,2024-03-24,Robert Collins,Tabriz,Electronics,Laptop,4,1200,4800
6836,2025-03-19,Michelle Moreno,Ahvaz,Home Appliances,Refrigerator,4,1800,7200
6837,2024-06-19,Crystal Ayala,Mashhad,Home Appliances,Refrigerator,5,1800,9000
6838,2024-01-30,Jared Jones,Rasht,Books,Clean Code,4,55,220
6839,2024-03-16,Christine Morrow,Shiraz,Sports,Tennis Racket,2,180,360
6840,2025-10-28,William Miller,Rasht,Sports,Running Shoes,5,120,600
6841,2025-03-06,Joel Bridges,Ahvaz,Sports,Tennis Racket,1,180,180
6842,2024-12-01,Heather Love,Karaj,Electronics,Headphones,4,150,600
6843,2025-06-07,Alice Hawkins,Shiraz,Electronics,Headphones,3,150,450
6844,2025-03-18,Tina Bush,Karaj,Electronics,Headphones,4,150,600
6845,2025-08-25,Victoria Stone,Mashhad,Electronics,Laptop,4,1200,4800
6846,2025-07-19,Denise Thomas,Shiraz,Sports,Basketball,4,35,140
6847,2025-10-04,Sheryl Crosby,Isfahan,Electronics,Headphones,4,150,600
6848,2024-11-25,Matthew Watson MD,Kermanshah,Home Appliances,Air Conditioner,1,2000,2000
6849,2025-02-06,Brittany Estrada MD,Isfahan,Books,Clean Code,2,55,110
6850,2025-11-12,Deborah Murphy,Kermanshah,Books,Data Science Handbook,4,60,240
6851,2024-02-12,Linda Stevens,Mashhad,Home Appliances,Refrigerator,5,1800,9000
6852,2024-06-27,Nicholas Jackson,Qom,Electronics,Smart Watch,4,250,1000
6853,2024-05-21,Leon Howell,Tabriz,Books,Algorithms,2,70,140
6854,2025-06-05,Amanda Robles,Shiraz,Sports,Basketball,1,35,35
6855,2024-10-16,Catherine Floyd,Qom,Books,Algorithms,4,70,280
6856,2025-11-22,Troy Mcmillan,Karaj,Books,Algorithms,1,70,70
6857,2024-04-24,Richard Frazier,Mashhad,Home Appliances,Refrigerator,4,1800,7200
6858,2024-03-20,Phillip Lambert,Tabriz,Electronics,Smartphone,2,800,1600
6859,2024-10-02,Cynthia Jones,Karaj,Sports,Tennis Racket,5,180,900
6860,2024-07-14,Lisa Thornton,Tabriz,Sports,Football,1,30,30
6861,2025-04-05,Kristina Raymond,Tabriz,Home Appliances,Vacuum Cleaner,2,300,600
6862,2024-11-08,Phillip Kelley,Ahvaz,Electronics,Tablet,4,500,2000
6863,2025-09-15,Stephen Summers,Kermanshah,Electronics,Laptop,4,1200,4800
6864,2024-11-12,Jeffrey Reed,Mashhad,Sports,Fitness Band,4,90,360
6865,2024-07-16,Lindsey Suarez,Karaj,Sports,Tennis Racket,2,180,360
6866,2024-04-10,Philip Long,Kermanshah,Sports,Fitness Band,1,90,90
6867,2024-10-06,Sharon Brown DDS,Tabriz,Sports,Tennis Racket,3,180,540
6868,2024-02-24,Cindy Gordon,Shiraz,Home Appliances,Refrigerator,3,1800,5400
6869,2024-12-19,Melissa Horne,Tabriz,Home Appliances,Microwave,2,220,440
6870,2024-07-03,Edward Colon,Rasht,Books,Algorithms,3,70,210
6871,2024-12-05,Shawn Pace,Ahvaz,Home Appliances,Refrigerator,2,1800,3600
6872,2024-09-03,Jonathan Miller,Tehran,Electronics,Headphones,2,150,300
6873,2024-06-18,Alexis Vincent,Karaj,Electronics,Laptop,2,1200,2400
6874,2025-10-23,Melissa Tanner,Ahvaz,Sports,Running Shoes,1,120,120
6875,2024-08-08,Taylor Miller,Qom,Books,Machine Learning,1,80,80
6876,2024-06-08,James Nash,Isfahan,Books,Machine Learning,3,80,240
6877,2025-02-22,Kathy Moore,Karaj,Electronics,Laptop,2,1200,2400
6878,2024-12-05,John Norton,Tabriz,Sports,Tennis Racket,1,180,180
6879,2024-10-01,Carlos Holloway,Mashhad,Home Appliances,Air Conditioner,4,2000,8000
6880,2025-01-16,Nancy Clay,Karaj,Sports,Tennis Racket,3,180,540
6881,2024-02-21,Amy Johnson,Karaj,Sports,Basketball,4,35,140
6882,2024-01-17,Stanley Gardner,Mashhad,Books,Python Programming,1,45,45
6883,2025-05-07,Shannon Hays,Ahvaz,Sports,Fitness Band,5,90,450
6884,2024-07-20,Steve Terry,Rasht,Home Appliances,Refrigerator,1,1800,1800
6885,2025-01-14,Jesse Williams,Tehran,Sports,Running Shoes,1,120,120
6886,2025-02-05,Daniel Davis,Tabriz,Home Appliances,Air Conditioner,1,2000,2000
6887,2025-10-21,Frederick Phillips,Karaj,Books,Data Science Handbook,1,60,60
6888,2024-01-30,Matthew Grimes,Ahvaz,Electronics,Tablet,4,500,2000
6889,2025-06-10,James Martin,Mashhad,Books,Algorithms,2,70,140
6890,2025-07-22,Angela Oliver,Mashhad,Electronics,Laptop,5,1200,6000
6891,2025-08-01,Melissa Thompson,Qom,Sports,Basketball,5,35,175
6892,2024-02-04,Jill Robinson,Qom,Home Appliances,Washing Machine,4,1500,6000
6893,2025-05-26,Nicole Perez,Tabriz,Sports,Fitness Band,5,90,450
6894,2024-07-02,Matthew Tucker,Isfahan,Sports,Fitness Band,1,90,90
6895,2025-02-15,Barbara Rose,Isfahan,Electronics,Smartphone,1,800,800
6896,2025-06-24,Yvonne Haney,Karaj,Books,Data Science Handbook,5,60,300
6897,2024-01-11,Kathleen Soto,Tabriz,Electronics,Smartphone,3,800,2400
6898,2025-09-23,David Caldwell,Shiraz,Sports,Basketball,3,35,105
6899,2025-12-03,Meagan Elliott,Mashhad,Home Appliances,Microwave,1,220,220
6900,2024-10-07,Amy Martinez,Kermanshah,Books,Python Programming,5,45,225
6901,2024-03-22,Abigail Walker,Tabriz,Home Appliances,Refrigerator,4,1800,7200
6902,2024-07-28,Cristian Rhodes,Qom,Electronics,Smartphone,4,800,3200
6903,2024-03-17,Danielle Harris,Shiraz,Books,Python Programming,2,45,90
6904,2024-05-06,Wesley Nichols,Ahvaz,Home Appliances,Washing Machine,1,1500,1500
6905,2025-11-03,Donna Hamilton,Ahvaz,Electronics,Smart Watch,2,250,500
6906,2025-01-16,Michael Hunt,Karaj,Electronics,Laptop,1,1200,1200
6907,2025-11-10,Luis Tucker,Shiraz,Sports,Tennis Racket,5,180,900
6908,2025-11-14,Matthew Ferguson,Mashhad,Books,Data Science Handbook,3,60,180
6909,2025-12-27,Angela Johnson,Karaj,Books,Clean Code,5,55,275
6910,2025-01-09,Brenda Wilson,Tabriz,Sports,Running Shoes,1,120,120
6911,2024-02-04,Madison Trujillo,Isfahan,Electronics,Tablet,1,500,500
6912,2024-09-03,Thomas Salazar,Shiraz,Home Appliances,Vacuum Cleaner,4,300,1200
6913,2025-02-01,Courtney Parsons,Rasht,Home Appliances,Air Conditioner,2,2000,4000
6914,2024-07-18,Danny Sparks,Qom,Books,Python Programming,2,45,90
6915,2024-11-17,Melissa Hernandez,Mashhad,Home Appliances,Vacuum Cleaner,4,300,1200
6916,2024-07-02,Jennifer Monroe,Rasht,Home Appliances,Vacuum Cleaner,3,300,900
6917,2024-03-23,Brenda Scott,Kermanshah,Electronics,Tablet,2,500,1000
6918,2024-05-10,Kimberly Hernandez,Shiraz,Sports,Fitness Band,4,90,360
6919,2025-03-03,Mark Ramos,Karaj,Electronics,Laptop,4,1200,4800
6920,2024-05-30,Tammie Torres,Rasht,Home Appliances,Refrigerator,4,1800,7200
6921,2024-04-24,Tony Matthews,Qom,Books,Data Science Handbook,4,60,240
6922,2024-12-19,Anthony Lewis,Kermanshah,Books,Machine Learning,1,80,80
6923,2025-08-10,Terry Palmer,Isfahan,Home Appliances,Refrigerator,5,1800,9000
6924,2025-05-06,Daniel Sanchez,Qom,Electronics,Smartphone,2,800,1600
6925,2024-09-21,April Wheeler,Mashhad,Books,Clean Code,2,55,110
6926,2024-06-01,Danielle Contreras,Ahvaz,Home Appliances,Refrigerator,4,1800,7200
6927,2025-10-28,Alexis Dalton,Karaj,Electronics,Laptop,4,1200,4800
6928,2025-05-09,Andre Bean,Tabriz,Sports,Basketball,5,35,175
6929,2024-02-21,Matthew Jackson,Rasht,Electronics,Smartphone,4,800,3200
6930,2025-08-04,John Sullivan,Tehran,Home Appliances,Vacuum Cleaner,5,300,1500
6931,2025-07-10,Jenna Hill,Rasht,Sports,Basketball,1,35,35
6932,2024-09-15,Jennifer Anderson,Kermanshah,Books,Clean Code,1,55,55
6933,2024-03-20,Darlene Frye,Karaj,Books,Python Programming,5,45,225
6934,2024-12-05,Harry Allen,Rasht,Home Appliances,Air Conditioner,4,2000,8000
6935,2024-04-25,Bailey Davis,Kermanshah,Sports,Basketball,5,35,175
6936,2025-06-28,Ashley Rodriguez,Karaj,Home Appliances,Microwave,1,220,220
6937,2024-09-30,Richard Gonzalez,Tehran,Electronics,Headphones,4,150,600
6938,2025-02-26,Matthew Kidd,Isfahan,Sports,Football,2,30,60
6939,2024-07-13,Lisa Torres,Tehran,Electronics,Headphones,1,150,150
6940,2024-10-09,Deborah Hill,Kermanshah,Books,Clean Code,5,55,275
6941,2024-04-05,Bryan Hughes,Isfahan,Sports,Basketball,3,35,105
6942,2024-10-27,Austin Jones,Karaj,Home Appliances,Air Conditioner,3,2000,6000
6943,2024-08-31,Alejandro Hartman,Isfahan,Sports,Basketball,1,35,35
6944,2024-10-10,Alicia Cabrera,Kermanshah,Sports,Football,5,30,150
6945,2024-03-15,Danielle Santiago,Rasht,Electronics,Headphones,1,150,150
6946,2025-04-08,Kenneth Johnson,Rasht,Books,Algorithms,3,70,210
6947,2025-08-29,Adam Fuller,Mashhad,Books,Data Science Handbook,3,60,180
6948,2025-07-14,Allen Kaufman,Rasht,Electronics,Smartphone,1,800,800
6949,2025-07-20,Kenneth Foster,Qom,Sports,Fitness Band,2,90,180
6950,2025-07-20,Laura Chavez,Tabriz,Home Appliances,Vacuum Cleaner,4,300,1200
6951,2024-06-14,Allison Green,Karaj,Home Appliances,Air Conditioner,1,2000,2000
6952,2024-11-18,Ellen Wilson,Kermanshah,Books,Python Programming,1,45,45
6953,2025-04-18,Kenneth Hill,Tabriz,Books,Machine Learning,2,80,160
6954,2024-04-06,Audrey Freeman,Kermanshah,Sports,Fitness Band,5,90,450
6955,2025-10-05,Amber Ritter,Shiraz,Books,Machine Learning,4,80,320
6956,2024-02-18,Terry Sosa,Ahvaz,Sports,Football,2,30,60
6957,2025-03-20,Janet Perez,Karaj,Sports,Basketball,2,35,70
6958,2024-02-19,Omar Perez,Tabriz,Electronics,Smart Watch,2,250,500
6959,2025-12-27,Daniel Kelly,Ahvaz,Electronics,Laptop,2,1200,2400
6960,2025-05-20,Olivia Wilkins,Isfahan,Electronics,Tablet,2,500,1000
6961,2025-05-08,Karen Chavez,Qom,Books,Data Science Handbook,2,60,120
6962,2025-03-29,Eileen Brooks,Isfahan,Sports,Basketball,1,35,35
6963,2025-02-20,Gabriel Gardner,Isfahan,Electronics,Smart Watch,1,250,250
6964,2025-06-24,Jacqueline Wagner,Isfahan,Home Appliances,Vacuum Cleaner,1,300,300
6965,2025-07-25,Thomas Owens,Qom,Sports,Running Shoes,4,120,480
6966,2024-03-28,Scott Grimes,Kermanshah,Home Appliances,Vacuum Cleaner,4,300,1200
6967,2024-05-28,Christina Edwards,Karaj,Home Appliances,Washing Machine,5,1500,7500
6968,2024-10-17,Jacob Hughes,Kermanshah,Sports,Running Shoes,1,120,120
6969,2024-04-05,Alicia Hamilton,Rasht,Electronics,Headphones,3,150,450
6970,2025-11-01,Richard Nelson,Qom,Home Appliances,Washing Machine,2,1500,3000
6971,2024-05-11,Teresa Richardson,Shiraz,Home Appliances,Washing Machine,1,1500,1500
6972,2024-05-03,Jerry Weber,Kermanshah,Books,Python Programming,5,45,225
6973,2025-04-02,Mary Hatfield,Rasht,Sports,Fitness Band,3,90,270
6974,2024-10-06,Karen Maxwell,Tehran,Electronics,Smart Watch,5,250,1250
6975,2024-11-30,Pamela Joyce,Ahvaz,Electronics,Smart Watch,1,250,250
6976,2025-05-10,Stephanie Johnson,Qom,Sports,Football,3,30,90
6977,2025-08-22,Joseph Rodriguez,Kermanshah,Books,Data Science Handbook,1,60,60
6978,2024-11-06,Karen Wells,Kermanshah,Electronics,Laptop,5,1200,6000
6979,2024-06-02,Keith Stevenson,Qom,Sports,Running Shoes,5,120,600
6980,2025-02-11,Ashley Murray MD,Shiraz,Home Appliances,Vacuum Cleaner,3,300,900
6981,2024-02-12,Madeline Rubio,Ahvaz,Sports,Tennis Racket,3,180,540
6982,2025-08-17,Jacob Sexton,Tehran,Home Appliances,Air Conditioner,4,2000,8000
6983,2024-07-26,Kelly Watkins,Rasht,Electronics,Smart Watch,1,250,250
6984,2025-01-18,Yvonne Day,Karaj,Sports,Fitness Band,1,90,90
6985,2024-08-12,Elizabeth Gomez,Tehran,Books,Python Programming,3,45,135
6986,2024-07-18,Anne Ashley,Isfahan,Home Appliances,Washing Machine,3,1500,4500
6987,2025-01-01,Cynthia Steele,Shiraz,Home Appliances,Vacuum Cleaner,3,300,900
6988,2024-12-26,Hayley Ruiz,Tabriz,Sports,Running Shoes,2,120,240
6989,2024-02-24,David Young,Shiraz,Home Appliances,Vacuum Cleaner,5,300,1500
6990,2025-03-06,Scott Mcdonald,Isfahan,Home Appliances,Air Conditioner,3,2000,6000
6991,2024-09-29,Matthew Gray,Tabriz,Books,Data Science Handbook,4,60,240
6992,2025-01-08,Samuel Maldonado,Isfahan,Home Appliances,Air Conditioner,1,2000,2000
6993,2024-03-23,Jessica Fox,Isfahan,Books,Python Programming,5,45,225
6994,2025-09-08,Carol James,Rasht,Electronics,Smart Watch,5,250,1250
6995,2025-12-11,Amy Diaz,Mashhad,Sports,Running Shoes,3,120,360
6996,2025-11-01,Angela Herring,Ahvaz,Books,Machine Learning,3,80,240
6997,2024-05-08,Jessica Walsh,Ahvaz,Electronics,Tablet,3,500,1500
6998,2025-03-02,April Williams,Isfahan,Home Appliances,Refrigerator,3,1800,5400
6999,2024-07-11,Cheryl Young,Qom,Electronics,Smart Watch,4,250,1000
7000,2025-03-17,Jennifer Barrett,Shiraz,Home Appliances,Washing Machine,2,1500,3000
7001,2025-03-13,Colin Martinez,Karaj,Sports,Running Shoes,1,120,120
7002,2024-01-01,Jesus Jordan,Kermanshah,Home Appliances,Washing Machine,5,1500,7500
7003,2025-11-26,Dustin Duarte,Rasht,Electronics,Headphones,4,150,600
7004,2024-11-28,Alexander Warren,Shiraz,Home Appliances,Refrigerator,5,1800,9000
7005,2025-11-13,Dean Hernandez,Mashhad,Electronics,Laptop,5,1200,6000
7006,2024-02-15,Nicholas Moon,Shiraz,Home Appliances,Air Conditioner,4,2000,8000
7007,2025-08-20,Lori Nielsen,Rasht,Home Appliances,Microwave,5,220,1100
7008,2025-01-13,Joe Gutierrez,Rasht,Books,Clean Code,4,55,220
7009,2024-11-14,Christopher Davis,Kermanshah,Home Appliances,Vacuum Cleaner,3,300,900
7010,2025-04-19,Jason Gamble,Tabriz,Books,Clean Code,1,55,55
7011,2024-01-04,Michael Bryant,Qom,Books,Machine Learning,2,80,160
7012,2025-03-31,Carolyn Ortiz,Ahvaz,Sports,Fitness Band,1,90,90
7013,2024-06-29,Carolyn Clark,Mashhad,Home Appliances,Vacuum Cleaner,4,300,1200
7014,2025-12-01,Ryan Bowen,Qom,Books,Data Science Handbook,1,60,60
7015,2025-11-17,Heather Romero,Qom,Sports,Football,3,30,90
7016,2024-02-03,Sean Day,Rasht,Home Appliances,Refrigerator,4,1800,7200
7017,2025-12-04,Dawn Herman,Shiraz,Sports,Running Shoes,1,120,120
7018,2024-01-02,Joseph Ashley,Kermanshah,Books,Algorithms,3,70,210
7019,2025-03-27,Brandon Vasquez,Isfahan,Electronics,Headphones,3,150,450
7020,2024-04-30,Dr. Sarah Lopez DDS,Tabriz,Books,Clean Code,4,55,220
7021,2024-01-22,Dr. Michael Jones,Shiraz,Electronics,Smart Watch,2,250,500
7022,2025-06-09,Ryan Smith,Mashhad,Books,Algorithms,1,70,70
7023,2025-09-05,Amanda Adams,Rasht,Home Appliances,Refrigerator,2,1800,3600
7024,2024-08-10,Chase Burke,Shiraz,Sports,Fitness Band,3,90,270
7025,2025-04-23,Scott Williams,Tehran,Books,Data Science Handbook,2,60,120
7026,2024-06-16,Lisa Nguyen,Isfahan,Sports,Running Shoes,3,120,360
7027,2025-10-26,Valerie Woods,Rasht,Electronics,Headphones,4,150,600
7028,2024-02-14,Hannah Martinez,Rasht,Sports,Football,3,30,90
7029,2025-11-16,Jacob Prince,Karaj,Home Appliances,Microwave,2,220,440
7030,2025-10-14,Catherine Bean,Karaj,Sports,Football,5,30,150
7031,2024-04-03,Jeremy Dawson,Rasht,Books,Clean Code,5,55,275
7032,2025-04-14,Timothy Olsen,Isfahan,Home Appliances,Refrigerator,1,1800,1800
7033,2025-11-05,Tammy Moyer,Shiraz,Electronics,Laptop,5,1200,6000
7034,2024-10-24,Amy Brown,Qom,Books,Machine Learning,4,80,320
7035,2025-08-06,Matthew Phillips,Kermanshah,Books,Data Science Handbook,5,60,300
7036,2024-09-28,Nicole Brooks,Mashhad,Electronics,Headphones,1,150,150
7037,2024-07-10,Stephanie Miller,Tabriz,Sports,Running Shoes,4,120,480
7038,2024-07-22,Lindsay Sanchez,Mashhad,Sports,Running Shoes,2,120,240
7039,2025-02-11,Elizabeth Sanchez,Isfahan,Electronics,Tablet,3,500,1500
7040,2025-02-07,Kelly Warner,Karaj,Books,Data Science Handbook,4,60,240
7041,2025-09-12,Bonnie Edwards,Tehran,Electronics,Laptop,3,1200,3600
7042,2024-12-18,James Smith,Shiraz,Books,Data Science Handbook,5,60,300
7043,2025-03-31,Michele Roy,Rasht,Electronics,Headphones,5,150,750
7044,2025-03-09,Angel Frye,Mashhad,Home Appliances,Air Conditioner,1,2000,2000
7045,2025-06-30,Jeffrey Harmon,Mashhad,Books,Algorithms,5,70,350
7046,2024-01-07,Shannon Mcdowell,Shiraz,Books,Data Science Handbook,1,60,60
7047,2024-10-21,Natalie Mills,Ahvaz,Electronics,Smartphone,1,800,800
7048,2024-07-13,Deanna Fields,Karaj,Electronics,Headphones,1,150,150
7049,2025-06-14,David Simmons,Kermanshah,Electronics,Smart Watch,3,250,750
7050,2025-10-21,Donald Walker,Mashhad,Electronics,Headphones,3,150,450
7051,2025-02-11,Darren Smith,Karaj,Sports,Running Shoes,1,120,120
7052,2025-11-30,Valerie Hendrix,Tabriz,Sports,Tennis Racket,3,180,540
7053,2025-02-22,Mark Horton,Rasht,Sports,Basketball,3,35,105
7054,2025-03-03,Matthew Santiago,Ahvaz,Electronics,Laptop,5,1200,6000
7055,2024-08-12,Megan Lewis,Qom,Electronics,Smartphone,3,800,2400
7056,2024-08-18,Cory Evans,Qom,Electronics,Smartphone,5,800,4000
7057,2025-12-16,Emily Mccoy,Tehran,Sports,Basketball,4,35,140
7058,2025-11-19,Tracy Thomas,Ahvaz,Home Appliances,Refrigerator,1,1800,1800
7059,2024-11-12,Katherine Watson,Ahvaz,Electronics,Laptop,3,1200,3600
7060,2025-04-11,Michael Murray,Kermanshah,Sports,Running Shoes,4,120,480
7061,2025-10-31,John Richards,Rasht,Sports,Tennis Racket,2,180,360
7062,2024-09-16,Shane Page,Rasht,Home Appliances,Vacuum Cleaner,1,300,300
7063,2025-01-26,Casey Brock,Rasht,Books,Data Science Handbook,5,60,300
7064,2025-08-09,Mark Evans,Isfahan,Sports,Fitness Band,3,90,270
7065,2024-11-08,Ricky Simpson,Isfahan,Books,Machine Learning,2,80,160
7066,2024-07-25,Julie Allen,Ahvaz,Sports,Football,5,30,150
7067,2025-12-19,Brandon Hughes,Karaj,Electronics,Headphones,5,150,750
7068,2025-09-05,Krista Cox,Kermanshah,Sports,Football,3,30,90
7069,2025-08-20,Jeffrey Cruz,Tabriz,Books,Python Programming,4,45,180
7070,2025-06-30,Kristina Adams,Isfahan,Sports,Basketball,1,35,35
7071,2024-07-06,Melinda Kelly,Qom,Sports,Football,1,30,30
7072,2025-05-31,Matthew Benitez,Tabriz,Electronics,Headphones,5,150,750
7073,2024-09-14,Derek Wilson,Shiraz,Electronics,Laptop,3,1200,3600
7074,2024-07-11,Amber Patel,Shiraz,Sports,Fitness Band,1,90,90
7075,2024-03-16,Jennifer Woods,Mashhad,Electronics,Tablet,5,500,2500
7076,2024-03-15,Elizabeth Smith,Isfahan,Books,Python Programming,1,45,45
7077,2025-03-13,Mitchell Joseph,Rasht,Sports,Football,1,30,30
7078,2025-10-26,Kristen Anderson,Kermanshah,Sports,Running Shoes,2,120,240
7079,2024-03-19,Sabrina Riley,Qom,Home Appliances,Air Conditioner,2,2000,4000
7080,2025-11-24,Bridget Gonzalez,Kermanshah,Electronics,Smartphone,1,800,800
7081,2025-01-03,Donald Hart,Isfahan,Sports,Fitness Band,4,90,360
7082,2024-06-23,Adam Lopez,Karaj,Sports,Football,4,30,120
7083,2025-05-02,Gregory Williams,Rasht,Sports,Basketball,5,35,175
7084,2024-11-11,Stacey Burch,Tabriz,Home Appliances,Washing Machine,4,1500,6000
7085,2025-01-18,Ms. Deanna Williams,Ahvaz,Home Appliances,Refrigerator,2,1800,3600
7086,2024-06-19,David Romero,Qom,Electronics,Laptop,2,1200,2400
7087,2025-09-25,Mark Adams,Shiraz,Electronics,Tablet,4,500,2000
7088,2024-07-13,Christopher Fitzpatrick,Qom,Sports,Tennis Racket,3,180,540
7089,2025-11-21,Jennifer Fitzpatrick,Tehran,Home Appliances,Refrigerator,2,1800,3600
7090,2025-07-15,Gina Hernandez,Ahvaz,Sports,Tennis Racket,3,180,540
7091,2025-04-14,Marissa Johnson,Tehran,Home Appliances,Refrigerator,4,1800,7200
7092,2025-01-20,Brianna Perez,Karaj,Electronics,Tablet,2,500,1000
7093,2024-08-26,Juan Nelson,Isfahan,Books,Algorithms,5,70,350
7094,2025-04-03,Melissa Watkins,Isfahan,Books,Algorithms,1,70,70
7095,2024-09-12,Andrea Maxwell,Qom,Books,Algorithms,5,70,350
7096,2025-12-13,Ashley Hamilton,Shiraz,Books,Python Programming,2,45,90
7097,2024-05-21,Steven Hansen,Shiraz,Books,Machine Learning,2,80,160
7098,2024-08-27,Douglas Anderson,Qom,Books,Clean Code,1,55,55
7099,2024-10-12,Mary Freeman,Ahvaz,Sports,Basketball,3,35,105
7100,2025-06-09,Joshua Morgan,Qom,Books,Python Programming,4,45,180
7101,2024-11-04,Isaac Gonzalez,Karaj,Books,Python Programming,1,45,45
7102,2025-06-08,Nicole Smith,Tabriz,Home Appliances,Washing Machine,1,1500,1500
7103,2025-12-02,Michael Taylor,Shiraz,Home Appliances,Washing Machine,2,1500,3000
7104,2024-05-13,Jason Montes,Ahvaz,Sports,Tennis Racket,4,180,720
7105,2024-12-15,David Young Jr.,Karaj,Sports,Running Shoes,4,120,480
7106,2025-07-12,Kurt Henson,Mashhad,Home Appliances,Washing Machine,2,1500,3000
7107,2024-02-13,David Thornton,Qom,Books,Data Science Handbook,2,60,120
7108,2024-12-21,Annette Holmes,Mashhad,Sports,Running Shoes,4,120,480
7109,2024-04-05,Stephen Hart,Isfahan,Sports,Tennis Racket,2,180,360
7110,2024-11-05,Joseph Frazier,Karaj,Books,Clean Code,1,55,55
7111,2025-10-02,Ryan Hanson,Isfahan,Electronics,Laptop,4,1200,4800
7112,2025-05-01,Alexander Hamilton,Tabriz,Home Appliances,Refrigerator,2,1800,3600
7113,2025-10-20,Krystal Brown,Karaj,Home Appliances,Washing Machine,4,1500,6000
7114,2025-12-15,Jennifer Ayers,Karaj,Sports,Basketball,4,35,140
7115,2024-09-03,Janet Ross,Tehran,Electronics,Smart Watch,2,250,500
7116,2024-03-30,Jason Castro,Tehran,Sports,Fitness Band,5,90,450
7117,2025-09-09,Tina Williams MD,Kermanshah,Home Appliances,Air Conditioner,3,2000,6000
7118,2024-10-29,Johnathan Morris,Ahvaz,Home Appliances,Washing Machine,3,1500,4500
7119,2024-09-28,Jeremy Jackson,Kermanshah,Home Appliances,Vacuum Cleaner,3,300,900
7120,2025-12-04,Haley Jimenez,Tehran,Home Appliances,Microwave,4,220,880
7121,2024-08-03,Michael White,Tabriz,Books,Clean Code,4,55,220
7122,2025-10-06,Melissa Carter,Tehran,Books,Machine Learning,3,80,240
7123,2024-11-26,Dustin Stokes,Karaj,Books,Clean Code,4,55,220
7124,2024-10-27,Nicholas Peters,Qom,Electronics,Headphones,1,150,150
7125,2025-12-28,Nicholas Richards,Mashhad,Sports,Running Shoes,4,120,480
7126,2024-12-11,Randy Fry,Tabriz,Sports,Running Shoes,1,120,120
7127,2025-11-29,Ann Torres,Karaj,Home Appliances,Microwave,4,220,880
7128,2024-04-02,Kaitlyn Peterson,Ahvaz,Electronics,Smart Watch,3,250,750
7129,2025-02-02,Daniel Ruiz,Kermanshah,Electronics,Smart Watch,3,250,750
7130,2024-11-03,Michael Ross,Rasht,Books,Algorithms,2,70,140
7131,2024-09-19,Luke Hickman,Isfahan,Books,Machine Learning,5,80,400
7132,2024-09-02,Eddie Ramirez,Rasht,Books,Machine Learning,4,80,320
7133,2024-08-04,Amy Day,Kermanshah,Electronics,Tablet,5,500,2500
7134,2024-12-25,Joseph Bryant,Shiraz,Books,Machine Learning,3,80,240
7135,2024-10-09,Stephanie Torres,Mashhad,Books,Clean Code,5,55,275
7136,2024-12-13,Robert Fry,Shiraz,Home Appliances,Refrigerator,3,1800,5400
7137,2025-08-03,Elizabeth Ward,Shiraz,Books,Python Programming,1,45,45
7138,2025-08-15,Christopher Gates,Tehran,Books,Algorithms,3,70,210
7139,2024-07-28,Jared Dunn,Isfahan,Books,Clean Code,2,55,110
7140,2024-09-12,Kristina Meadows,Qom,Books,Python Programming,2,45,90
7141,2025-01-17,Chelsey Barrett,Tabriz,Sports,Fitness Band,2,90,180
7142,2025-12-15,Patricia Brown,Tehran,Sports,Running Shoes,1,120,120
7143,2025-09-23,Ethan Jenkins,Tehran,Electronics,Headphones,4,150,600
7144,2024-10-25,Kimberly Armstrong,Ahvaz,Home Appliances,Air Conditioner,3,2000,6000
7145,2025-01-22,Mary Perry,Karaj,Electronics,Smartphone,1,800,800
7146,2024-04-20,Mrs. Kristina Grant,Karaj,Home Appliances,Microwave,2,220,440
7147,2024-01-29,Richard White,Kermanshah,Books,Python Programming,3,45,135
7148,2024-02-16,Heather Stafford,Tehran,Sports,Tennis Racket,3,180,540
7149,2024-10-13,Cody Patterson,Ahvaz,Books,Machine Learning,4,80,320
7150,2024-11-06,Kayla Zamora DVM,Rasht,Home Appliances,Washing Machine,1,1500,1500
7151,2025-10-24,Christian Morgan,Rasht,Books,Machine Learning,3,80,240
7152,2024-09-10,Andrea Williams,Tehran,Sports,Running Shoes,1,120,120
7153,2024-06-29,Cynthia West,Rasht,Sports,Basketball,2,35,70
7154,2024-08-21,Alicia Snyder,Tehran,Electronics,Tablet,5,500,2500
7155,2025-06-21,Joshua Griffith MD,Shiraz,Electronics,Smartphone,3,800,2400
7156,2025-09-13,Tammy Graham,Rasht,Sports,Fitness Band,2,90,180
7157,2024-04-01,Daniel Chambers,Qom,Sports,Football,1,30,30
7158,2025-12-02,Kristina Mckinney,Isfahan,Sports,Football,4,30,120
7159,2025-04-20,Stacey Davis,Isfahan,Home Appliances,Air Conditioner,5,2000,10000
7160,2025-02-10,Mark Carrillo,Karaj,Home Appliances,Refrigerator,5,1800,9000
7161,2024-02-08,Dawn Frank,Isfahan,Home Appliances,Microwave,4,220,880
7162,2024-02-23,David Wiley,Ahvaz,Books,Machine Learning,5,80,400
7163,2024-08-25,James Roach,Tehran,Electronics,Smart Watch,4,250,1000
7164,2024-06-01,Bethany Ramirez,Qom,Books,Python Programming,4,45,180
7165,2025-04-19,Deborah Gray,Isfahan,Home Appliances,Air Conditioner,4,2000,8000
7166,2025-02-23,Amanda Webb,Mashhad,Home Appliances,Refrigerator,3,1800,5400
7167,2025-11-11,Benjamin Martinez,Tehran,Electronics,Smartphone,5,800,4000
7168,2024-02-28,Kevin Moore,Shiraz,Books,Algorithms,5,70,350
7169,2024-02-23,Matthew Garza,Tabriz,Electronics,Laptop,3,1200,3600
7170,2025-02-19,David Brown,Qom,Electronics,Smartphone,4,800,3200
7171,2024-09-03,Rachel Sanders,Isfahan,Home Appliances,Vacuum Cleaner,5,300,1500
7172,2025-05-23,Brianna Thompson,Shiraz,Sports,Running Shoes,5,120,600
7173,2024-05-26,Jerry White,Qom,Electronics,Tablet,4,500,2000
7174,2024-05-30,Mary Moreno,Tabriz,Electronics,Laptop,1,1200,1200
7175,2024-10-18,Amy Bennett,Karaj,Books,Data Science Handbook,2,60,120
7176,2024-12-02,Linda Hanna,Ahvaz,Books,Clean Code,4,55,220
7177,2024-09-21,Stacey Lucas,Ahvaz,Sports,Fitness Band,4,90,360
7178,2024-01-21,Kimberly Williams DDS,Rasht,Books,Python Programming,3,45,135
7179,2024-03-29,Sheri Nelson,Ahvaz,Books,Data Science Handbook,3,60,180
7180,2024-09-05,Jeffrey Spencer,Shiraz,Home Appliances,Vacuum Cleaner,5,300,1500
7181,2024-12-01,Ashley Anderson,Ahvaz,Home Appliances,Air Conditioner,5,2000,10000
7182,2024-11-26,Caleb Williams,Qom,Home Appliances,Microwave,3,220,660
7183,2025-11-04,Crystal Lynch,Kermanshah,Electronics,Laptop,4,1200,4800
7184,2024-11-25,Joshua Gill,Tehran,Electronics,Headphones,1,150,150
7185,2024-09-25,Kevin Baker,Ahvaz,Sports,Tennis Racket,1,180,180
7186,2025-07-24,Leah Thornton,Karaj,Home Appliances,Washing Machine,4,1500,6000
7187,2024-03-13,James Weeks,Rasht,Home Appliances,Microwave,4,220,880
7188,2025-06-09,Megan Miller,Mashhad,Home Appliances,Microwave,1,220,220
7189,2025-02-23,Sherry Robinson,Rasht,Books,Algorithms,4,70,280
7190,2025-05-23,Ms. Kelly Calhoun,Tehran,Home Appliances,Washing Machine,4,1500,6000
7191,2024-05-02,Carrie Odonnell,Karaj,Sports,Basketball,3,35,105
7192,2025-06-20,Krista Hudson,Karaj,Electronics,Tablet,2,500,1000
7193,2024-05-02,Connor Parker,Rasht,Electronics,Headphones,4,150,600
7194,2025-08-06,Jamie Reeves,Tabriz,Books,Data Science Handbook,4,60,240
7195,2025-08-20,Daniel Hicks,Ahvaz,Books,Python Programming,4,45,180
7196,2025-11-04,Sarah Trevino,Tehran,Home Appliances,Air Conditioner,5,2000,10000
7197,2024-07-07,Zachary Gonzalez,Rasht,Books,Machine Learning,4,80,320
7198,2024-03-10,David Watson,Rasht,Books,Python Programming,2,45,90
7199,2024-12-13,David Floyd,Qom,Sports,Running Shoes,1,120,120
7200,2024-04-01,Johnathan Jackson,Qom,Books,Data Science Handbook,2,60,120
7201,2024-07-13,Patrick Love,Rasht,Electronics,Smart Watch,4,250,1000
7202,2025-03-16,Patricia Jackson,Tehran,Electronics,Smartphone,1,800,800
7203,2024-08-12,Mark Scott,Tehran,Electronics,Smart Watch,2,250,500
7204,2024-08-25,Kelly Villegas,Karaj,Electronics,Tablet,5,500,2500
7205,2024-08-23,Elizabeth Ortega,Mashhad,Books,Algorithms,5,70,350
7206,2025-03-07,Marcus Wagner,Karaj,Sports,Fitness Band,3,90,270
7207,2025-09-12,Jerry Cox,Isfahan,Books,Python Programming,3,45,135
7208,2024-10-07,Daniel Daniels,Shiraz,Electronics,Smart Watch,1,250,250
7209,2024-07-23,Joshua Mendoza,Rasht,Electronics,Smartphone,2,800,1600
7210,2024-11-18,Mark Chang,Tehran,Books,Clean Code,4,55,220
7211,2024-06-28,Kristin Carter,Shiraz,Books,Machine Learning,5,80,400
7212,2025-12-30,Jeffrey Perry,Rasht,Books,Machine Learning,4,80,320
7213,2024-12-10,Terry Thomas,Mashhad,Home Appliances,Refrigerator,5,1800,9000
7214,2025-11-08,David Scott,Isfahan,Home Appliances,Air Conditioner,3,2000,6000
7215,2024-12-18,Andrew Atkins,Tehran,Electronics,Laptop,5,1200,6000
7216,2025-10-27,Justin Dougherty,Kermanshah,Books,Data Science Handbook,3,60,180
7217,2025-07-15,Courtney Callahan MD,Rasht,Electronics,Headphones,2,150,300
7218,2024-06-29,Jessica Willis,Qom,Electronics,Laptop,4,1200,4800
7219,2024-07-20,Patrick Juarez,Tabriz,Home Appliances,Microwave,1,220,220
7220,2024-02-19,Mr. Michael Wilson,Isfahan,Books,Clean Code,4,55,220
7221,2024-10-26,Sabrina White,Karaj,Electronics,Laptop,3,1200,3600
7222,2025-08-12,Kevin Schultz,Ahvaz,Sports,Football,3,30,90
7223,2025-08-29,Logan Turner,Tehran,Electronics,Headphones,5,150,750
7224,2025-06-18,Derek Mann,Qom,Sports,Basketball,4,35,140
7225,2024-05-06,George Chan,Kermanshah,Electronics,Tablet,1,500,500
7226,2024-04-04,Hannah Foster,Karaj,Electronics,Smart Watch,5,250,1250
7227,2025-12-13,Sara Kim,Shiraz,Electronics,Laptop,5,1200,6000
7228,2025-12-18,Timothy Harper,Mashhad,Books,Python Programming,3,45,135
7229,2024-03-18,Joan Allen,Tehran,Books,Clean Code,3,55,165
7230,2024-10-31,Dawn Pratt,Qom,Home Appliances,Microwave,1,220,220
7231,2025-08-28,Nathan Little,Qom,Home Appliances,Refrigerator,3,1800,5400
7232,2024-05-04,David Horton,Tehran,Sports,Running Shoes,5,120,600
7233,2024-08-01,Larry Day,Karaj,Electronics,Smartphone,3,800,2400
7234,2024-02-11,John Scott,Shiraz,Sports,Tennis Racket,1,180,180
7235,2024-11-06,Mark Valentine,Kermanshah,Books,Algorithms,4,70,280
7236,2024-06-18,Karl Martin,Tehran,Home Appliances,Air Conditioner,4,2000,8000
7237,2024-09-25,Patricia Hill,Isfahan,Home Appliances,Air Conditioner,2,2000,4000
7238,2024-04-02,Melissa White,Mashhad,Books,Python Programming,3,45,135
7239,2024-01-19,Jose Wilcox,Tabriz,Electronics,Smart Watch,3,250,750
7240,2025-03-01,Daniel Henderson,Tehran,Home Appliances,Microwave,1,220,220
7241,2025-05-14,Rebecca Ortiz,Mashhad,Home Appliances,Air Conditioner,2,2000,4000
7242,2025-02-20,Tonya Johnson,Kermanshah,Electronics,Headphones,2,150,300
7243,2024-06-12,Joanna Arias,Mashhad,Books,Algorithms,2,70,140
7244,2024-01-06,Raymond Lopez,Tabriz,Electronics,Laptop,3,1200,3600
7245,2024-02-01,Matthew Reese,Kermanshah,Electronics,Smart Watch,4,250,1000
7246,2025-02-11,Jeffrey Scott,Qom,Electronics,Smart Watch,1,250,250
7247,2024-03-13,Hayley Nolan,Karaj,Books,Machine Learning,1,80,80
7248,2024-09-12,Casey Miller,Mashhad,Electronics,Tablet,3,500,1500
7249,2025-06-23,Joshua Morrison,Mashhad,Sports,Basketball,3,35,105
7250,2025-12-29,Dr. Gregory Munoz,Karaj,Electronics,Smart Watch,3,250,750
7251,2025-03-03,Andrew Cowan,Ahvaz,Electronics,Smartphone,4,800,3200
7252,2024-01-27,Shelly Miller,Mashhad,Books,Algorithms,2,70,140
7253,2024-01-27,Gregory Richardson,Tabriz,Sports,Tennis Racket,4,180,720
7254,2024-07-14,Laura Cook,Isfahan,Sports,Basketball,4,35,140
7255,2024-07-18,Erika Calderon,Qom,Electronics,Smart Watch,5,250,1250
7256,2024-07-25,Matthew Rich,Qom,Electronics,Tablet,1,500,500
7257,2024-06-23,Judy Harmon,Tehran,Electronics,Headphones,4,150,600
7258,2024-03-19,Whitney Mcgrath,Karaj,Home Appliances,Vacuum Cleaner,4,300,1200
7259,2025-12-02,Steven Arnold,Shiraz,Electronics,Smart Watch,1,250,250
7260,2024-02-04,Andrea Garcia,Tabriz,Electronics,Tablet,1,500,500
7261,2025-08-02,Jose Diaz,Tabriz,Home Appliances,Microwave,1,220,220
7262,2024-08-14,Samuel Torres,Shiraz,Home Appliances,Microwave,4,220,880
7263,2025-08-25,Richard Terrell,Rasht,Electronics,Smartphone,2,800,1600
7264,2025-02-08,Peter Prince,Karaj,Books,Clean Code,5,55,275
7265,2024-07-05,Veronica Powers,Tehran,Electronics,Smartphone,1,800,800
7266,2025-07-09,Alexis Lewis,Tehran,Sports,Basketball,2,35,70
7267,2024-10-12,Lacey Leon,Tabriz,Home Appliances,Refrigerator,2,1800,3600
7268,2025-01-28,Joshua Marquez,Rasht,Books,Clean Code,2,55,110
7269,2025-05-24,Crystal Jenkins,Tehran,Electronics,Laptop,2,1200,2400
7270,2024-07-22,Marie Moore,Rasht,Sports,Running Shoes,1,120,120
7271,2025-11-11,Dawn Brown,Shiraz,Books,Clean Code,4,55,220
7272,2024-05-11,Laura Shelton,Isfahan,Sports,Tennis Racket,4,180,720
7273,2025-04-30,Steve Becker,Rasht,Electronics,Laptop,4,1200,4800
7274,2025-06-06,Adam West,Mashhad,Home Appliances,Vacuum Cleaner,1,300,300
7275,2025-08-30,Derrick Guerra,Qom,Home Appliances,Air Conditioner,4,2000,8000
7276,2025-01-26,Bradley Moore,Kermanshah,Sports,Fitness Band,2,90,180
7277,2024-06-22,Jacqueline Spears,Qom,Electronics,Tablet,3,500,1500
7278,2024-11-03,Dominique Morris,Tabriz,Home Appliances,Refrigerator,4,1800,7200
7279,2024-03-23,Brian Perry,Mashhad,Sports,Tennis Racket,1,180,180
7280,2025-04-23,Matthew Mays,Ahvaz,Books,Algorithms,3,70,210
7281,2025-06-21,Virginia Lopez,Tabriz,Home Appliances,Vacuum Cleaner,3,300,900
7282,2025-11-27,Ashley Patterson,Shiraz,Sports,Football,1,30,30
7283,2025-08-05,Andrew Cole,Tabriz,Home Appliances,Air Conditioner,2,2000,4000
7284,2025-02-15,Connie Ward,Ahvaz,Home Appliances,Refrigerator,1,1800,1800
7285,2025-01-06,Kristen Pittman,Karaj,Sports,Basketball,5,35,175
7286,2025-01-26,Lauren Petersen,Shiraz,Home Appliances,Washing Machine,1,1500,1500
7287,2024-03-09,Jennifer Young,Isfahan,Home Appliances,Air Conditioner,5,2000,10000
7288,2024-04-07,Latoya Santos,Shiraz,Books,Clean Code,2,55,110
7289,2025-01-01,Matthew Mcgee,Tehran,Home Appliances,Microwave,2,220,440
7290,2024-09-14,Sandra Kelly,Mashhad,Sports,Football,5,30,150
7291,2024-03-07,Dominique Beasley,Shiraz,Home Appliances,Refrigerator,2,1800,3600
7292,2024-04-22,Pedro Smith,Tabriz,Home Appliances,Washing Machine,1,1500,1500
7293,2024-06-30,Robert Vang,Kermanshah,Sports,Running Shoes,2,120,240
7294,2024-10-09,Joan Perez,Shiraz,Books,Machine Learning,3,80,240
7295,2024-12-04,Victoria Hunter,Tehran,Sports,Running Shoes,5,120,600
7296,2025-10-31,Thomas Gray,Tabriz,Electronics,Tablet,4,500,2000
7297,2025-05-18,Jennifer Andrade,Isfahan,Home Appliances,Air Conditioner,5,2000,10000
7298,2024-07-27,Margaret Barton,Karaj,Books,Clean Code,5,55,275
7299,2025-04-25,Jason Crawford,Mashhad,Electronics,Headphones,1,150,150
7300,2024-07-27,Melissa Randall,Isfahan,Electronics,Tablet,5,500,2500
7301,2024-08-23,Connie Jacobs,Mashhad,Books,Algorithms,5,70,350
7302,2024-07-29,Elizabeth Powers,Tabriz,Electronics,Headphones,1,150,150
7303,2025-06-05,Derek Phillips,Karaj,Books,Data Science Handbook,2,60,120
7304,2024-04-14,James Delgado,Kermanshah,Electronics,Headphones,3,150,450
7305,2025-05-23,Jeremy Ortega,Kermanshah,Books,Machine Learning,1,80,80
7306,2025-04-26,Emily Wood,Karaj,Books,Machine Learning,4,80,320
7307,2024-07-03,Ryan Escobar,Shiraz,Books,Clean Code,1,55,55
7308,2024-08-15,Ryan Cohen,Karaj,Electronics,Headphones,4,150,600
7309,2024-04-18,Wendy Gonzalez,Isfahan,Electronics,Laptop,5,1200,6000
7310,2024-07-28,Ashley Green,Kermanshah,Sports,Basketball,1,35,35
7311,2025-01-13,Sean Hoover,Karaj,Books,Clean Code,1,55,55
7312,2024-07-13,Richard Martin,Tabriz,Electronics,Headphones,2,150,300
7313,2025-11-07,Darrell Armstrong,Tabriz,Home Appliances,Microwave,5,220,1100
7314,2025-02-22,Nancy Tran,Karaj,Home Appliances,Washing Machine,3,1500,4500
7315,2025-12-14,Manuel Abbott,Ahvaz,Books,Algorithms,3,70,210
7316,2025-05-26,Thomas Lewis,Isfahan,Sports,Running Shoes,5,120,600
7317,2024-07-22,Jennifer Moore,Tehran,Sports,Running Shoes,4,120,480
7318,2025-04-27,Michael Cook,Kermanshah,Books,Data Science Handbook,2,60,120
7319,2024-06-10,John Taylor,Karaj,Sports,Football,1,30,30
7320,2025-06-21,Jessica Wood,Ahvaz,Books,Algorithms,5,70,350
7321,2024-02-10,Judith Jones,Shiraz,Home Appliances,Refrigerator,5,1800,9000
7322,2025-02-20,Justin Taylor,Karaj,Sports,Tennis Racket,3,180,540
7323,2024-10-19,Joseph Pena,Rasht,Books,Clean Code,3,55,165
7324,2025-12-08,Laura Ortega,Karaj,Home Appliances,Vacuum Cleaner,2,300,600
7325,2024-06-29,Makayla Donaldson,Kermanshah,Sports,Basketball,1,35,35
7326,2025-12-10,Linda Hodge,Tabriz,Books,Machine Learning,2,80,160
7327,2025-08-07,Adam Tyler,Rasht,Electronics,Headphones,2,150,300
7328,2024-05-16,Karen Sutton,Isfahan,Electronics,Tablet,2,500,1000
7329,2024-03-20,Kristen Montgomery,Kermanshah,Sports,Basketball,4,35,140
7330,2025-08-06,Samantha Rodriguez,Shiraz,Sports,Fitness Band,4,90,360
7331,2024-08-06,Preston Hogan,Shiraz,Sports,Football,1,30,30
7332,2024-03-28,Nathaniel Butler,Karaj,Electronics,Headphones,2,150,300
7333,2025-12-05,Alan Wade MD,Ahvaz,Sports,Running Shoes,2,120,240
7334,2024-01-02,Timothy Johnson,Tabriz,Books,Python Programming,3,45,135
7335,2025-07-30,Julie Foley,Qom,Sports,Tennis Racket,3,180,540
7336,2024-05-09,Kevin Lawson,Karaj,Books,Clean Code,2,55,110
7337,2024-04-04,Jacqueline Francis PhD,Kermanshah,Sports,Basketball,3,35,105
7338,2024-07-17,April Boyd,Karaj,Books,Algorithms,4,70,280
7339,2024-06-09,Alison Bautista,Kermanshah,Electronics,Smartphone,5,800,4000
7340,2025-03-12,Margaret Osborne,Qom,Books,Algorithms,2,70,140
7341,2025-02-18,Julie Brown,Shiraz,Sports,Basketball,2,35,70
7342,2025-09-21,Ricky Douglas,Kermanshah,Electronics,Smartphone,3,800,2400
7343,2024-03-23,Steven Ortega,Karaj,Books,Python Programming,1,45,45
7344,2024-08-27,David Bell,Shiraz,Electronics,Tablet,4,500,2000
7345,2024-10-16,Hannah Davis,Karaj,Books,Data Science Handbook,5,60,300
7346,2024-02-17,Shannon Sanchez,Rasht,Home Appliances,Washing Machine,2,1500,3000
7347,2024-05-25,Megan Sanders,Karaj,Books,Data Science Handbook,3,60,180
7348,2025-10-30,Kevin Thomas,Karaj,Books,Clean Code,1,55,55
7349,2025-02-10,Kevin Bryant,Mashhad,Home Appliances,Vacuum Cleaner,4,300,1200
7350,2024-09-09,Timothy Johnson,Isfahan,Electronics,Smartphone,1,800,800
7351,2025-09-27,Jennifer Taylor,Rasht,Electronics,Laptop,5,1200,6000
7352,2024-05-16,Samantha Chapman,Tabriz,Sports,Tennis Racket,1,180,180
7353,2025-02-09,Jessica Lyons,Isfahan,Books,Data Science Handbook,5,60,300
7354,2025-02-13,Philip Bradshaw,Tabriz,Home Appliances,Microwave,3,220,660
7355,2025-01-19,Christopher Smith,Tabriz,Sports,Tennis Racket,3,180,540
7356,2024-11-11,Kristine Morales,Qom,Electronics,Smartphone,3,800,2400
7357,2025-03-01,Maria Munoz,Kermanshah,Electronics,Smartphone,5,800,4000
7358,2025-06-22,Sarah Thomas,Tabriz,Home Appliances,Air Conditioner,3,2000,6000
7359,2025-04-06,Valerie Mora,Ahvaz,Sports,Tennis Racket,3,180,540
7360,2025-11-07,Terry Solomon,Qom,Sports,Tennis Racket,4,180,720
7361,2025-05-22,Kevin Kaufman,Karaj,Home Appliances,Refrigerator,4,1800,7200
7362,2024-02-05,Christopher Alexander,Karaj,Books,Python Programming,2,45,90
7363,2024-05-02,Lisa Shannon,Rasht,Sports,Running Shoes,5,120,600
7364,2025-05-01,Elizabeth Rodriguez,Isfahan,Electronics,Smart Watch,5,250,1250
7365,2025-10-11,Mr. Jared Brown,Karaj,Sports,Football,3,30,90
7366,2024-03-12,Jesse Brown,Mashhad,Books,Data Science Handbook,3,60,180
7367,2024-08-07,Diana Melendez,Ahvaz,Sports,Running Shoes,3,120,360
7368,2025-07-29,Adrian Clark PhD,Isfahan,Books,Python Programming,4,45,180
7369,2024-05-06,Christopher Ramsey,Qom,Books,Python Programming,4,45,180
7370,2025-06-23,Thomas Smith,Tehran,Electronics,Headphones,4,150,600
7371,2025-04-15,Mr. Kenneth Mcclain DDS,Mashhad,Sports,Tennis Racket,4,180,720
7372,2025-10-23,Julie Nguyen,Tabriz,Books,Algorithms,1,70,70
7373,2025-05-24,Lauren Estes,Ahvaz,Books,Clean Code,4,55,220
7374,2024-09-20,Valerie Bishop,Ahvaz,Sports,Tennis Racket,1,180,180
7375,2025-10-20,Robert Evans,Tabriz,Sports,Tennis Racket,5,180,900
7376,2024-04-10,Peggy Smith,Tehran,Home Appliances,Washing Machine,5,1500,7500
7377,2024-10-05,Lauren Jensen,Kermanshah,Electronics,Headphones,3,150,450
7378,2025-07-05,Jeffrey Zhang,Tabriz,Electronics,Laptop,5,1200,6000
7379,2025-07-26,Cindy Wilson,Shiraz,Sports,Tennis Racket,5,180,900
7380,2025-08-09,Grant Sampson,Tehran,Home Appliances,Vacuum Cleaner,1,300,300
7381,2024-11-22,Julie Franklin,Tabriz,Sports,Fitness Band,2,90,180
7382,2024-05-17,Lance Brown,Tehran,Sports,Tennis Racket,5,180,900
7383,2024-07-23,Kimberly Gonzalez,Ahvaz,Books,Data Science Handbook,4,60,240
7384,2024-11-23,Peter Bishop,Tehran,Electronics,Smart Watch,2,250,500
7385,2024-04-08,Michael Morrison,Karaj,Electronics,Headphones,2,150,300
7386,2025-08-06,Richard Larson,Rasht,Home Appliances,Vacuum Cleaner,1,300,300
7387,2025-05-17,James Murphy,Ahvaz,Electronics,Laptop,1,1200,1200
7388,2025-01-06,Mark Curry,Karaj,Books,Algorithms,3,70,210
7389,2024-02-28,Christopher Barry,Kermanshah,Home Appliances,Vacuum Cleaner,3,300,900
7390,2025-03-28,Catherine Johnson,Isfahan,Electronics,Laptop,4,1200,4800
7391,2025-09-11,Ricardo Peterson,Ahvaz,Sports,Running Shoes,2,120,240
7392,2024-07-12,Michael Bean,Tehran,Books,Clean Code,4,55,220
7393,2024-06-29,Jared Juarez,Mashhad,Sports,Football,3,30,90
7394,2025-03-08,Meghan Dixon,Karaj,Home Appliances,Air Conditioner,1,2000,2000
7395,2024-08-14,Justin Buchanan,Tabriz,Home Appliances,Washing Machine,4,1500,6000
7396,2025-07-12,Jacob Bell,Tehran,Home Appliances,Microwave,5,220,1100
7397,2024-10-09,Sara Jackson,Rasht,Sports,Fitness Band,3,90,270
7398,2024-08-18,Ashley Jarvis,Isfahan,Home Appliances,Vacuum Cleaner,5,300,1500
7399,2024-12-06,Adam Ford,Mashhad,Home Appliances,Air Conditioner,2,2000,4000
7400,2024-11-11,David Palmer,Isfahan,Books,Machine Learning,1,80,80
7401,2025-12-13,Rebecca Reyes,Ahvaz,Electronics,Smart Watch,1,250,250
7402,2024-11-07,William Franco,Kermanshah,Electronics,Laptop,4,1200,4800
7403,2024-04-10,Michelle Armstrong,Tabriz,Home Appliances,Microwave,3,220,660
7404,2024-02-25,Gary Buchanan,Isfahan,Electronics,Laptop,3,1200,3600
7405,2025-02-17,Greg Foster,Qom,Electronics,Tablet,3,500,1500
7406,2024-02-23,Paul Smith,Shiraz,Home Appliances,Refrigerator,5,1800,9000
7407,2024-06-03,Lori Long,Ahvaz,Sports,Fitness Band,4,90,360
7408,2024-08-17,Rebecca White,Mashhad,Books,Algorithms,2,70,140
7409,2025-05-05,Lisa Hudson,Rasht,Sports,Running Shoes,5,120,600
7410,2024-04-15,Paul Tucker,Tabriz,Sports,Running Shoes,4,120,480
7411,2024-01-17,Kevin Ramos,Mashhad,Electronics,Headphones,5,150,750
7412,2024-03-27,Marilyn Smith,Shiraz,Books,Algorithms,4,70,280
7413,2025-11-13,Jessica Thomas,Karaj,Books,Data Science Handbook,5,60,300
7414,2024-10-05,Michael Richardson,Tabriz,Sports,Football,4,30,120
7415,2024-06-20,Carmen Gutierrez,Isfahan,Books,Data Science Handbook,1,60,60
7416,2025-04-28,Rodney Raymond,Ahvaz,Electronics,Headphones,3,150,450
7417,2024-01-22,Richard Rubio,Isfahan,Electronics,Smart Watch,3,250,750
7418,2024-11-01,Julie Garcia,Qom,Electronics,Smartphone,4,800,3200
7419,2024-06-12,Kenneth Monroe,Isfahan,Sports,Fitness Band,3,90,270
7420,2024-12-30,Tiffany Richardson,Ahvaz,Sports,Fitness Band,5,90,450
7421,2025-03-06,Dr. Brian Peterson MD,Kermanshah,Books,Clean Code,3,55,165
7422,2024-12-20,Amanda Rivera,Rasht,Sports,Football,4,30,120
7423,2025-10-12,Michael Mendoza,Shiraz,Home Appliances,Vacuum Cleaner,1,300,300
7424,2024-01-04,Ryan Green,Kermanshah,Books,Machine Learning,2,80,160
7425,2024-04-11,Logan Brady,Shiraz,Electronics,Laptop,5,1200,6000
7426,2025-06-05,Lisa Roberts,Ahvaz,Books,Data Science Handbook,1,60,60
7427,2025-01-30,Erica Castillo,Qom,Home Appliances,Refrigerator,4,1800,7200
7428,2025-12-10,David Woods,Kermanshah,Home Appliances,Refrigerator,4,1800,7200
7429,2024-08-11,David Thompson,Kermanshah,Books,Clean Code,4,55,220
7430,2024-10-22,Timothy Huff,Rasht,Home Appliances,Microwave,4,220,880
7431,2024-12-16,Cheyenne Zhang,Mashhad,Home Appliances,Vacuum Cleaner,5,300,1500
7432,2025-12-26,Bethany Crawford,Ahvaz,Books,Machine Learning,3,80,240
7433,2025-07-26,Courtney Taylor,Tehran,Sports,Fitness Band,3,90,270
7434,2024-02-19,Kimberly Rios MD,Isfahan,Sports,Running Shoes,5,120,600
7435,2024-02-02,Christopher Thomas,Ahvaz,Sports,Tennis Racket,1,180,180
7436,2024-12-05,Ryan Bates,Karaj,Home Appliances,Refrigerator,5,1800,9000
7437,2024-08-23,Jeffrey Anthony,Qom,Sports,Tennis Racket,5,180,900
7438,2024-05-06,Rebecca Wheeler,Isfahan,Home Appliances,Air Conditioner,2,2000,4000
7439,2024-04-16,Omar Bowers,Karaj,Electronics,Laptop,3,1200,3600
7440,2025-04-10,Billy Peck,Tehran,Electronics,Smartphone,4,800,3200
7441,2024-05-06,Kendra Walker,Rasht,Electronics,Laptop,1,1200,1200
7442,2024-06-13,Paula Sullivan,Qom,Electronics,Smartphone,3,800,2400
7443,2024-11-24,Katherine Patton,Karaj,Books,Algorithms,5,70,350
7444,2025-04-26,Krystal Wilson,Mashhad,Electronics,Laptop,1,1200,1200
7445,2024-03-28,Melissa Hernandez,Kermanshah,Books,Algorithms,3,70,210
7446,2024-09-10,Mikayla Jones,Mashhad,Home Appliances,Air Conditioner,2,2000,4000
7447,2025-10-23,Diana Rodriguez,Qom,Sports,Fitness Band,1,90,90
7448,2025-11-14,Jason Collins,Shiraz,Home Appliances,Washing Machine,4,1500,6000
7449,2025-04-04,Christian Chaney,Ahvaz,Books,Data Science Handbook,3,60,180
7450,2024-02-27,Dr. Tamara Fox,Tabriz,Books,Clean Code,1,55,55
7451,2025-03-29,Nicole Schneider,Isfahan,Electronics,Smart Watch,3,250,750
7452,2024-03-21,Tiffany Knox,Karaj,Home Appliances,Refrigerator,3,1800,5400
7453,2024-12-14,Timothy Hammond,Qom,Sports,Fitness Band,2,90,180
7454,2024-03-10,Breanna Acevedo,Ahvaz,Home Appliances,Vacuum Cleaner,5,300,1500
7455,2024-07-23,James Hancock,Kermanshah,Books,Algorithms,5,70,350
7456,2024-04-30,James Cochran DVM,Shiraz,Sports,Fitness Band,3,90,270
7457,2025-03-02,David Gonzalez,Mashhad,Sports,Football,5,30,150
7458,2024-03-03,Daniel Strickland,Tehran,Books,Algorithms,1,70,70
7459,2025-03-17,Elijah Flores,Rasht,Sports,Running Shoes,5,120,600
7460,2024-07-10,Ashley Kirby,Kermanshah,Sports,Running Shoes,1,120,120
7461,2024-11-09,Anna Cook,Rasht,Electronics,Laptop,2,1200,2400
7462,2024-06-29,Jason Lee,Mashhad,Electronics,Smart Watch,2,250,500
7463,2025-05-05,Amanda Hernandez,Kermanshah,Electronics,Smart Watch,2,250,500
7464,2024-08-23,Kevin Goodwin,Rasht,Sports,Basketball,2,35,70
7465,2024-09-08,Michael Harris,Tehran,Sports,Tennis Racket,1,180,180
7466,2025-08-03,Julie Wilson,Tehran,Sports,Fitness Band,2,90,180
7467,2025-11-27,Jessica Coleman,Rasht,Books,Clean Code,4,55,220
7468,2025-08-07,Glenn Johnson,Tabriz,Home Appliances,Vacuum Cleaner,3,300,900
7469,2025-09-21,Katherine Pennington,Isfahan,Books,Python Programming,1,45,45
7470,2024-01-27,Sara Vargas,Qom,Home Appliances,Vacuum Cleaner,4,300,1200
7471,2024-01-29,Julie Dorsey,Shiraz,Sports,Football,2,30,60
7472,2025-06-06,Jeffery Nash,Tabriz,Books,Machine Learning,2,80,160
7473,2024-03-23,Sandra Sharp,Shiraz,Books,Python Programming,5,45,225
7474,2025-11-11,Mrs. Jennifer Lee,Rasht,Sports,Running Shoes,1,120,120
7475,2024-04-30,Kim Gonzales,Rasht,Books,Python Programming,1,45,45
7476,2024-04-01,Lisa Kelley,Rasht,Books,Machine Learning,1,80,80
7477,2025-11-05,Jason Fernandez,Kermanshah,Books,Algorithms,5,70,350
7478,2025-08-16,Bailey Bowen,Qom,Sports,Basketball,4,35,140
7479,2025-03-08,Eddie Esparza,Karaj,Electronics,Smart Watch,1,250,250
7480,2025-04-16,Jonathan Stephens,Tehran,Books,Python Programming,5,45,225
7481,2024-09-10,Mr. Roger Gilbert,Mashhad,Electronics,Laptop,1,1200,1200
7482,2025-12-08,Jeremiah Horn,Tehran,Books,Algorithms,5,70,350
7483,2025-07-18,James Johnson,Karaj,Sports,Football,1,30,30
7484,2024-10-31,Ariana Warren,Qom,Electronics,Headphones,1,150,150
7485,2025-04-18,Savannah Grant,Tehran,Electronics,Smart Watch,1,250,250
7486,2025-01-28,Michael Brewer,Mashhad,Electronics,Headphones,2,150,300
7487,2025-01-28,Carol Hansen,Karaj,Home Appliances,Air Conditioner,5,2000,10000
7488,2024-06-19,Deborah Carter,Karaj,Sports,Fitness Band,5,90,450
7489,2025-04-22,Patty Horne,Rasht,Sports,Fitness Band,3,90,270
7490,2024-11-17,Sara Morris,Ahvaz,Books,Python Programming,1,45,45
7491,2024-10-09,Scott Cruz,Shiraz,Home Appliances,Washing Machine,5,1500,7500
7492,2024-07-06,Jacob Smith,Rasht,Electronics,Smart Watch,1,250,250
7493,2025-03-05,Jaime Powell,Kermanshah,Books,Clean Code,5,55,275
7494,2024-07-07,Stacy Mitchell,Ahvaz,Books,Algorithms,2,70,140
7495,2024-01-07,Jeremy Parker,Rasht,Sports,Running Shoes,3,120,360
7496,2024-05-07,Tina Collins,Karaj,Electronics,Smartphone,2,800,1600
7497,2024-01-29,Ronald Roman,Ahvaz,Books,Data Science Handbook,2,60,120
7498,2024-09-27,Adrian Santiago,Ahvaz,Electronics,Smart Watch,5,250,1250
7499,2025-01-11,Blake Brown,Rasht,Sports,Fitness Band,2,90,180
7500,2024-08-12,Theresa Lopez,Tehran,Sports,Tennis Racket,4,180,720
7501,2024-08-16,Jonathan Wallace,Kermanshah,Books,Python Programming,2,45,90
7502,2025-12-12,Brandon Thompson,Tehran,Sports,Football,2,30,60
7503,2025-12-18,Aaron Taylor,Tabriz,Sports,Tennis Racket,3,180,540
7504,2025-09-11,Kathleen Thompson,Ahvaz,Home Appliances,Air Conditioner,3,2000,6000
7505,2024-07-12,Dennis Castillo,Karaj,Sports,Fitness Band,3,90,270
7506,2024-09-07,Mark Lopez,Ahvaz,Sports,Football,2,30,60
7507,2025-11-16,Matthew Hunter,Rasht,Sports,Tennis Racket,4,180,720
7508,2024-09-03,Monica Stewart,Rasht,Books,Machine Learning,2,80,160
7509,2025-08-06,Vincent Jenkins,Ahvaz,Books,Machine Learning,5,80,400
7510,2025-02-27,Edward Barry,Ahvaz,Electronics,Laptop,2,1200,2400
7511,2025-12-11,Alicia Reed,Rasht,Sports,Tennis Racket,4,180,720
7512,2024-09-16,Paul Jones,Shiraz,Home Appliances,Refrigerator,2,1800,3600
7513,2025-01-15,Kelly Hernandez,Kermanshah,Books,Python Programming,3,45,135
7514,2025-11-04,Anthony Everett,Tabriz,Electronics,Smart Watch,4,250,1000
7515,2024-10-20,Ronald Morris,Karaj,Home Appliances,Air Conditioner,3,2000,6000
7516,2024-09-10,Derek Moore,Mashhad,Books,Data Science Handbook,5,60,300
7517,2024-12-14,Dylan Frazier,Rasht,Home Appliances,Washing Machine,5,1500,7500
7518,2025-07-25,Thomas Schmidt,Tabriz,Books,Python Programming,2,45,90
7519,2024-04-26,David Francis,Ahvaz,Sports,Football,4,30,120
7520,2024-11-11,Pamela Price,Isfahan,Home Appliances,Washing Machine,3,1500,4500
7521,2024-03-21,Anthony Richards,Mashhad,Home Appliances,Microwave,3,220,660
7522,2025-12-15,Paul Wallace,Rasht,Books,Data Science Handbook,3,60,180
7523,2025-11-11,Scott Turner,Mashhad,Sports,Football,4,30,120
7524,2025-01-11,David Barker,Tehran,Home Appliances,Refrigerator,1,1800,1800
7525,2024-09-04,Allison Rodriguez,Tehran,Electronics,Tablet,5,500,2500
7526,2025-09-23,Bryan Garrett,Kermanshah,Sports,Fitness Band,1,90,90
7527,2025-03-12,James Wood,Kermanshah,Home Appliances,Washing Machine,1,1500,1500
7528,2024-08-08,Lisa Stevens,Kermanshah,Electronics,Smart Watch,1,250,250
7529,2025-01-22,Brian Forbes,Qom,Sports,Basketball,1,35,35
7530,2024-07-07,Kendra Barrett,Mashhad,Home Appliances,Vacuum Cleaner,1,300,300
7531,2025-07-25,Ricky Houston,Tabriz,Electronics,Tablet,2,500,1000
7532,2025-07-29,Jordan Harris,Tabriz,Home Appliances,Microwave,4,220,880
7533,2024-03-23,Tricia Bishop,Karaj,Books,Python Programming,5,45,225
7534,2025-04-24,Paul Houston,Qom,Home Appliances,Washing Machine,3,1500,4500
7535,2024-10-03,Sean Evans,Qom,Electronics,Headphones,2,150,300
7536,2024-03-11,Paul Bradshaw,Ahvaz,Sports,Fitness Band,4,90,360
7537,2025-12-12,Timothy Espinoza,Tabriz,Sports,Running Shoes,2,120,240
7538,2025-03-11,Steven Spencer,Mashhad,Electronics,Smart Watch,2,250,500
7539,2024-02-15,John Jones,Rasht,Home Appliances,Vacuum Cleaner,1,300,300
7540,2025-05-05,Brandon Bennett,Ahvaz,Home Appliances,Refrigerator,5,1800,9000
7541,2025-02-09,Kevin Solis,Karaj,Electronics,Smartphone,5,800,4000
7542,2024-03-06,Jordan Jackson,Rasht,Electronics,Smart Watch,1,250,250
7543,2024-01-13,Beverly Jones,Isfahan,Electronics,Laptop,3,1200,3600
7544,2025-01-16,Jennifer Carter,Tehran,Books,Algorithms,3,70,210
7545,2024-02-21,Nathan Avila,Mashhad,Books,Python Programming,3,45,135
7546,2024-12-19,Karen Carlson,Qom,Books,Data Science Handbook,3,60,180
7547,2024-01-25,Elizabeth Mcdowell,Kermanshah,Books,Python Programming,2,45,90
7548,2024-04-26,Carla Ortega,Karaj,Electronics,Headphones,1,150,150
7549,2025-02-22,Teresa Rivera,Qom,Books,Clean Code,2,55,110
7550,2024-12-16,Lindsay Garrett,Rasht,Electronics,Tablet,5,500,2500
7551,2025-04-05,Brendan Johnson,Rasht,Electronics,Tablet,4,500,2000
7552,2025-07-30,Michael White,Mashhad,Electronics,Smartphone,3,800,2400
7553,2024-04-30,Keith Garcia,Tehran,Home Appliances,Refrigerator,1,1800,1800
7554,2025-02-08,James Thompson,Tehran,Sports,Football,3,30,90
7555,2025-08-12,Carol Rodriguez,Isfahan,Sports,Tennis Racket,2,180,360
7556,2025-05-30,Kimberly Orozco,Mashhad,Sports,Football,5,30,150
7557,2024-01-28,Mr. Paul Scott,Rasht,Sports,Running Shoes,2,120,240
7558,2024-03-07,Emily Garcia,Tabriz,Books,Machine Learning,2,80,160
7559,2025-01-08,Debbie Henderson,Ahvaz,Home Appliances,Microwave,1,220,220
7560,2025-12-06,Elizabeth Bradley,Qom,Books,Clean Code,1,55,55
7561,2025-09-04,Amy Frye,Rasht,Sports,Running Shoes,3,120,360
7562,2024-04-18,Kelly Vasquez,Mashhad,Home Appliances,Microwave,5,220,1100
7563,2025-05-03,Monica King,Tehran,Books,Machine Learning,3,80,240
7564,2025-06-23,Mary Lucas,Qom,Sports,Running Shoes,2,120,240
7565,2025-09-07,Randy Kent,Tehran,Home Appliances,Vacuum Cleaner,1,300,300
7566,2024-03-16,Donald Miller,Karaj,Electronics,Smart Watch,5,250,1250
7567,2024-07-18,Katie Williams,Tehran,Sports,Football,5,30,150
7568,2024-11-06,Anita Doyle,Tehran,Sports,Fitness Band,1,90,90
7569,2025-12-13,Chad Gonzalez,Kermanshah,Home Appliances,Microwave,4,220,880
7570,2025-02-24,Alex Guzman,Qom,Sports,Fitness Band,1,90,90
7571,2025-02-11,Whitney Watson,Qom,Electronics,Smartphone,4,800,3200
7572,2025-10-20,Jeffrey Perkins,Isfahan,Books,Algorithms,4,70,280
7573,2024-01-07,Dr. Luis Durham,Shiraz,Sports,Football,3,30,90
7574,2025-12-18,Matthew Hernandez,Mashhad,Electronics,Tablet,4,500,2000
7575,2024-09-18,Cynthia Stafford,Shiraz,Home Appliances,Air Conditioner,5,2000,10000
7576,2024-04-19,Michael Lang,Kermanshah,Books,Algorithms,1,70,70
7577,2025-04-02,Michelle Sanchez,Tabriz,Sports,Basketball,1,35,35
7578,2024-01-12,Krista Oconnor,Rasht,Books,Python Programming,3,45,135
7579,2024-10-02,Kristopher Brown,Karaj,Electronics,Tablet,1,500,500
7580,2025-11-18,Ann Camacho,Tabriz,Home Appliances,Microwave,3,220,660
7581,2025-08-21,Chad Rodgers,Rasht,Books,Python Programming,5,45,225
7582,2025-02-09,Fred Hubbard,Mashhad,Home Appliances,Microwave,2,220,440
7583,2025-05-31,Jeffrey Gilbert,Shiraz,Electronics,Tablet,5,500,2500
7584,2025-10-31,Dennis Hogan,Kermanshah,Electronics,Smartphone,4,800,3200
7585,2024-12-03,Joyce Martin,Isfahan,Home Appliances,Refrigerator,5,1800,9000
7586,2025-09-14,Lindsey Carpenter,Karaj,Books,Python Programming,5,45,225
7587,2025-10-18,Mary Benton,Kermanshah,Electronics,Smart Watch,2,250,500
7588,2024-05-15,Chad Johnson,Kermanshah,Books,Algorithms,2,70,140
7589,2025-05-28,Rebecca Curry,Shiraz,Books,Machine Learning,1,80,80
7590,2024-07-13,Miss Christine Lewis MD,Rasht,Electronics,Laptop,5,1200,6000
7591,2024-07-26,James Tran,Mashhad,Books,Python Programming,2,45,90
7592,2025-07-29,Tony Crosby,Tehran,Books,Python Programming,2,45,90
7593,2025-05-14,Jennifer Vasquez,Karaj,Home Appliances,Microwave,2,220,440
7594,2025-11-24,Walter Gilmore,Isfahan,Electronics,Smart Watch,3,250,750
7595,2025-06-18,Clifford Collins,Kermanshah,Books,Algorithms,5,70,350
7596,2024-08-26,Taylor Hines,Shiraz,Books,Algorithms,3,70,210
7597,2024-12-18,Alec Knight,Tehran,Books,Clean Code,3,55,165
7598,2025-11-01,Felicia Blake,Karaj,Home Appliances,Air Conditioner,5,2000,10000
7599,2024-10-24,Joshua Fisher,Kermanshah,Home Appliances,Air Conditioner,3,2000,6000
7600,2025-08-07,Mariah Fowler,Shiraz,Books,Python Programming,4,45,180
7601,2024-03-27,Lauren Bush,Mashhad,Books,Machine Learning,5,80,400
7602,2025-07-03,Derek Richardson,Karaj,Electronics,Tablet,4,500,2000
7603,2025-06-04,Ryan Carr,Isfahan,Books,Machine Learning,5,80,400
7604,2025-12-01,Justin Warner,Qom,Sports,Tennis Racket,3,180,540
7605,2025-09-03,Elizabeth Barron,Kermanshah,Sports,Football,5,30,150
7606,2024-09-22,Robert Hickman,Qom,Sports,Basketball,5,35,175
7607,2025-01-13,Tina Raymond,Mashhad,Electronics,Smart Watch,1,250,250
7608,2025-10-21,Stephanie Hester,Kermanshah,Home Appliances,Vacuum Cleaner,4,300,1200
7609,2025-02-25,Jonathan Moses,Karaj,Books,Data Science Handbook,4,60,240
7610,2024-03-03,Michael Gonzales,Tabriz,Electronics,Laptop,4,1200,4800
7611,2024-05-27,Stephanie Wade,Tabriz,Home Appliances,Refrigerator,2,1800,3600
7612,2025-11-29,Kimberly Ward,Tabriz,Home Appliances,Microwave,5,220,1100
7613,2024-07-11,Robert King,Mashhad,Books,Data Science Handbook,2,60,120
7614,2024-07-10,Faith Mccoy,Rasht,Home Appliances,Air Conditioner,1,2000,2000
7615,2024-04-11,Jeffrey Sweeney,Tehran,Home Appliances,Air Conditioner,5,2000,10000
7616,2025-03-24,Donna Gonzalez,Tabriz,Home Appliances,Washing Machine,2,1500,3000
7617,2024-05-20,Stephanie Moreno,Qom,Electronics,Smartphone,1,800,800
7618,2025-03-12,Cole Mitchell,Ahvaz,Sports,Basketball,5,35,175
7619,2025-04-17,Ashley Caldwell,Karaj,Home Appliances,Refrigerator,2,1800,3600
7620,2025-02-13,Amber Thompson,Rasht,Home Appliances,Vacuum Cleaner,2,300,600
7621,2025-03-02,Linda Conner,Tabriz,Home Appliances,Microwave,4,220,880
7622,2024-08-23,Kevin Small,Mashhad,Electronics,Smart Watch,5,250,1250
7623,2024-04-18,Kyle Harmon,Kermanshah,Books,Machine Learning,3,80,240
7624,2024-05-08,Robin Mcgrath,Ahvaz,Sports,Fitness Band,1,90,90
7625,2025-10-27,Mark Gallagher,Shiraz,Home Appliances,Vacuum Cleaner,1,300,300
7626,2025-09-17,Kathy Crawford,Shiraz,Sports,Fitness Band,5,90,450
7627,2024-05-01,Jessica Bell,Qom,Electronics,Laptop,5,1200,6000
7628,2025-10-04,Anita Hensley,Shiraz,Home Appliances,Washing Machine,4,1500,6000
7629,2025-11-06,Melissa Carpenter,Shiraz,Sports,Tennis Racket,4,180,720
7630,2024-05-30,Sarah Delgado,Isfahan,Electronics,Smart Watch,5,250,1250
7631,2024-09-30,Duane Hamilton,Kermanshah,Home Appliances,Air Conditioner,3,2000,6000
7632,2025-11-12,Dylan Jones,Qom,Electronics,Headphones,4,150,600
7633,2024-05-22,Brandi Barron,Tehran,Electronics,Laptop,3,1200,3600
7634,2024-07-07,Brett White,Rasht,Home Appliances,Refrigerator,2,1800,3600
7635,2024-11-03,Dustin Gray,Shiraz,Home Appliances,Refrigerator,3,1800,5400
7636,2024-06-07,Laura Rose,Mashhad,Electronics,Smartphone,3,800,2400
7637,2024-09-10,Alexandra Vaughn,Kermanshah,Electronics,Headphones,5,150,750
7638,2025-01-22,Johnny Daugherty,Karaj,Electronics,Tablet,3,500,1500
7639,2025-05-26,Eric Francis,Rasht,Home Appliances,Microwave,5,220,1100
7640,2025-05-12,Deborah Cummings,Karaj,Sports,Basketball,2,35,70
7641,2025-04-23,Ashley Haynes,Isfahan,Home Appliances,Vacuum Cleaner,4,300,1200
7642,2024-12-24,Gregory Hughes,Tabriz,Sports,Tennis Racket,4,180,720
7643,2025-11-08,Stephanie Burgess,Tabriz,Sports,Fitness Band,1,90,90
7644,2025-05-23,Brady Dixon,Tehran,Electronics,Tablet,2,500,1000
7645,2025-09-20,James Joseph,Qom,Electronics,Laptop,2,1200,2400
7646,2025-03-22,Leonard Harper,Kermanshah,Sports,Tennis Racket,5,180,900
7647,2025-03-12,Anthony Barrera,Isfahan,Home Appliances,Vacuum Cleaner,1,300,300
7648,2025-02-02,Lori Lane,Shiraz,Sports,Running Shoes,4,120,480
7649,2024-08-13,Debra Bauer,Qom,Sports,Football,3,30,90
7650,2025-12-19,Robert Lucero,Qom,Home Appliances,Microwave,2,220,440
7651,2025-12-27,Courtney Lambert,Tehran,Home Appliances,Refrigerator,3,1800,5400
7652,2024-03-08,Destiny Quinn,Tabriz,Books,Algorithms,5,70,350
7653,2025-12-24,Tanya Oconnell,Rasht,Home Appliances,Vacuum Cleaner,1,300,300
7654,2025-05-21,William Boyd,Karaj,Books,Clean Code,3,55,165
7655,2024-03-14,Michael Sanders,Tabriz,Sports,Running Shoes,3,120,360
7656,2024-07-09,Erin Edwards,Isfahan,Books,Python Programming,3,45,135
7657,2025-02-19,Sandra Scott,Tehran,Sports,Tennis Racket,2,180,360
7658,2025-03-30,Jennifer Castillo,Rasht,Sports,Fitness Band,1,90,90
7659,2024-06-11,Lindsey Pugh,Tehran,Sports,Fitness Band,4,90,360
7660,2025-12-11,Sara Mcgee,Mashhad,Books,Data Science Handbook,1,60,60
7661,2025-03-15,Shari Evans,Qom,Electronics,Tablet,4,500,2000
7662,2024-11-30,Luke Adams,Mashhad,Home Appliances,Vacuum Cleaner,5,300,1500
7663,2024-04-18,Jordan Kelly,Isfahan,Books,Machine Learning,4,80,320
7664,2025-05-10,Diana Cruz,Ahvaz,Home Appliances,Washing Machine,1,1500,1500
7665,2024-10-03,Andrew Fitzgerald,Qom,Sports,Football,3,30,90
7666,2025-09-23,Barbara Martinez,Shiraz,Home Appliances,Refrigerator,2,1800,3600
7667,2024-10-20,Austin Dawson,Qom,Sports,Tennis Racket,3,180,540
7668,2024-08-01,Russell French,Ahvaz,Books,Algorithms,2,70,140
7669,2025-08-16,Kelly Romero,Isfahan,Electronics,Tablet,2,500,1000
7670,2024-09-01,Jason Johnson,Kermanshah,Electronics,Laptop,2,1200,2400
7671,2024-10-23,Kathy Thomas,Kermanshah,Home Appliances,Washing Machine,5,1500,7500
7672,2024-11-05,Hannah Welch,Mashhad,Sports,Running Shoes,3,120,360
7673,2024-04-26,Michelle Ellison,Ahvaz,Home Appliances,Vacuum Cleaner,2,300,600
7674,2025-01-22,Jordan Chambers,Rasht,Sports,Running Shoes,2,120,240
7675,2025-03-15,Jean Bryant,Tehran,Home Appliances,Microwave,3,220,660
7676,2024-05-23,Brian Martin,Kermanshah,Home Appliances,Vacuum Cleaner,1,300,300
7677,2025-11-17,John Jones,Tabriz,Sports,Running Shoes,3,120,360
7678,2024-11-04,Kevin Campbell,Ahvaz,Electronics,Smartphone,3,800,2400
7679,2024-12-15,Andrew Hill,Shiraz,Home Appliances,Microwave,2,220,440
7680,2025-01-06,Charlene Myers,Ahvaz,Home Appliances,Vacuum Cleaner,5,300,1500
7681,2025-02-06,Andrea Robles,Rasht,Electronics,Smartphone,5,800,4000
7682,2025-03-09,Lisa Griffin,Mashhad,Books,Machine Learning,2,80,160
7683,2025-12-22,Jose Curtis,Shiraz,Electronics,Headphones,3,150,450
7684,2025-05-21,Jennifer Moore,Tehran,Sports,Running Shoes,4,120,480
7685,2024-07-08,Mr. Michael Sandoval MD,Mashhad,Electronics,Tablet,5,500,2500
7686,2025-08-21,David Thompson,Rasht,Electronics,Laptop,4,1200,4800
7687,2024-08-18,Richard Gill,Isfahan,Books,Clean Code,2,55,110
7688,2025-10-01,Gregory Clay,Tehran,Sports,Fitness Band,1,90,90
7689,2024-11-26,David Scott,Isfahan,Electronics,Tablet,5,500,2500
7690,2025-01-02,William Freeman,Tehran,Electronics,Headphones,5,150,750
7691,2024-09-22,Sarah Smith,Kermanshah,Electronics,Smart Watch,2,250,500
7692,2024-03-15,Julie Sherman,Tehran,Home Appliances,Microwave,1,220,220
7693,2025-07-09,Kari Gilbert,Tabriz,Sports,Tennis Racket,5,180,900
7694,2025-08-09,Mr. Shaun Turner,Mashhad,Electronics,Smartphone,3,800,2400
7695,2025-04-08,James Wagner,Karaj,Sports,Basketball,3,35,105
7696,2024-02-20,David King,Rasht,Electronics,Smartphone,5,800,4000
7697,2024-05-18,Jacob Lopez,Tabriz,Books,Clean Code,4,55,220
7698,2025-02-28,Kevin Howard,Kermanshah,Books,Machine Learning,5,80,400
7699,2025-03-16,Brandy Hays,Isfahan,Books,Python Programming,2,45,90
7700,2025-10-19,Jesus Murphy,Rasht,Home Appliances,Microwave,3,220,660
7701,2025-02-17,Cheryl Jones,Rasht,Home Appliances,Refrigerator,4,1800,7200
7702,2024-12-21,Kathryn Bautista,Kermanshah,Sports,Football,1,30,30
7703,2024-06-18,Wesley Zimmerman,Rasht,Sports,Tennis Racket,2,180,360
7704,2025-11-01,Timothy Lopez,Ahvaz,Sports,Tennis Racket,1,180,180
7705,2025-06-25,Victoria Lopez,Tabriz,Sports,Football,2,30,60
7706,2024-06-13,Laura Smith,Mashhad,Home Appliances,Microwave,1,220,220
7707,2024-05-25,Christie Jenkins,Shiraz,Home Appliances,Washing Machine,2,1500,3000
7708,2024-08-03,Jeffrey Delgado,Qom,Home Appliances,Microwave,2,220,440
7709,2024-08-04,John Jordan,Qom,Sports,Football,3,30,90
7710,2024-03-21,Nancy Moore,Isfahan,Books,Data Science Handbook,2,60,120
7711,2024-09-15,John Beard,Karaj,Electronics,Smartphone,3,800,2400
7712,2025-02-07,Nicholas Andrade,Mashhad,Electronics,Smart Watch,4,250,1000
7713,2025-06-07,Brittany Lewis,Mashhad,Electronics,Laptop,1,1200,1200
7714,2024-12-02,Savannah Sims,Ahvaz,Sports,Tennis Racket,3,180,540
7715,2025-08-23,Shannon Mayo,Tehran,Electronics,Smartphone,3,800,2400
7716,2025-03-01,James Torres,Kermanshah,Books,Clean Code,2,55,110
7717,2024-05-05,Nicole Miranda,Qom,Books,Clean Code,1,55,55
7718,2024-01-15,Carl Mueller,Kermanshah,Sports,Basketball,4,35,140
7719,2024-03-31,Mary Hayes,Ahvaz,Books,Data Science Handbook,2,60,120
7720,2025-05-20,Patricia Young,Karaj,Home Appliances,Air Conditioner,1,2000,2000
7721,2025-08-12,Robert Carson,Qom,Books,Machine Learning,1,80,80
7722,2025-08-19,Sharon Tucker,Isfahan,Sports,Football,5,30,150
7723,2024-07-16,Jamie Fuentes,Isfahan,Sports,Tennis Racket,5,180,900
7724,2024-10-02,Steven Watts,Ahvaz,Sports,Tennis Racket,4,180,720
7725,2024-04-28,George Robertson,Ahvaz,Books,Data Science Handbook,1,60,60
7726,2024-01-10,Jessica Wilson,Ahvaz,Books,Data Science Handbook,2,60,120
7727,2024-12-09,Isaiah Johnson,Tabriz,Electronics,Laptop,3,1200,3600
7728,2024-04-15,Heather Murphy,Kermanshah,Home Appliances,Refrigerator,4,1800,7200
7729,2025-02-05,Benjamin Tucker,Kermanshah,Home Appliances,Vacuum Cleaner,3,300,900
7730,2024-07-13,Ryan Leon,Qom,Books,Algorithms,4,70,280
7731,2024-06-14,Victoria Scott,Isfahan,Home Appliances,Air Conditioner,2,2000,4000
7732,2025-03-30,Brenda Gonzales,Kermanshah,Books,Algorithms,3,70,210
7733,2024-10-13,Jeremiah King,Qom,Sports,Fitness Band,5,90,450
7734,2024-03-23,Gabriel Phillips,Shiraz,Home Appliances,Air Conditioner,4,2000,8000
7735,2025-05-28,Leslie Morris,Rasht,Sports,Fitness Band,2,90,180
7736,2024-12-03,Kevin Williams,Kermanshah,Books,Python Programming,5,45,225
7737,2025-10-02,Brian Lopez,Qom,Home Appliances,Microwave,3,220,660
7738,2024-02-03,Mrs. Julie Ramirez,Shiraz,Books,Clean Code,4,55,220
7739,2025-04-06,Alejandra Hinton,Isfahan,Sports,Running Shoes,4,120,480
7740,2024-06-28,Scott Lee Jr.,Isfahan,Home Appliances,Microwave,5,220,1100
7741,2024-08-13,Tony Clayton,Tehran,Books,Clean Code,5,55,275
7742,2024-03-01,Daniel Willis,Rasht,Books,Algorithms,3,70,210
7743,2024-04-13,Elizabeth Johnson,Mashhad,Electronics,Headphones,1,150,150
7744,2025-03-29,William Lucas,Tehran,Home Appliances,Refrigerator,3,1800,5400
7745,2024-08-24,Olivia Smith,Shiraz,Home Appliances,Air Conditioner,5,2000,10000
7746,2025-05-05,Stephanie Snyder,Karaj,Books,Machine Learning,3,80,240
7747,2025-05-26,Eric Jenkins,Isfahan,Home Appliances,Air Conditioner,4,2000,8000
7748,2024-11-12,David Savage,Karaj,Books,Algorithms,2,70,140
7749,2025-08-17,Donald King,Isfahan,Books,Machine Learning,2,80,160
7750,2024-10-08,Caitlin Williams,Qom,Electronics,Tablet,4,500,2000
7751,2024-01-12,Joseph Vasquez,Ahvaz,Books,Clean Code,2,55,110
7752,2025-08-02,Richard Holmes,Tabriz,Books,Algorithms,3,70,210
7753,2024-05-07,Jamie Johnson,Rasht,Home Appliances,Microwave,5,220,1100
7754,2024-09-23,Todd Mckay,Qom,Books,Data Science Handbook,5,60,300
7755,2025-03-03,Robert Hernandez,Ahvaz,Books,Python Programming,2,45,90
7756,2025-09-28,Benjamin Young,Isfahan,Electronics,Headphones,4,150,600
7757,2024-03-17,Tina Castaneda,Kermanshah,Electronics,Smart Watch,3,250,750
7758,2024-11-22,Gary Brown,Qom,Books,Machine Learning,4,80,320
7759,2024-11-09,Renee Gomez,Karaj,Books,Clean Code,2,55,110
7760,2025-12-19,Laurie Dominguez,Tabriz,Sports,Running Shoes,2,120,240
7761,2024-10-22,Marie Hunt,Ahvaz,Electronics,Headphones,5,150,750
7762,2024-12-14,Dr. Susan Aguirre,Qom,Sports,Tennis Racket,5,180,900
7763,2024-12-28,Jessica Webb,Ahvaz,Electronics,Smart Watch,5,250,1250
7764,2025-06-14,Lucas Wood,Kermanshah,Home Appliances,Refrigerator,4,1800,7200
7765,2025-06-26,Justin Parker,Ahvaz,Home Appliances,Washing Machine,2,1500,3000
7766,2024-07-19,Jessica Herman,Tabriz,Electronics,Tablet,4,500,2000
7767,2025-04-08,Tracy Lewis,Ahvaz,Home Appliances,Air Conditioner,4,2000,8000
7768,2024-05-03,Jenna Martinez,Kermanshah,Electronics,Headphones,1,150,150
7769,2025-10-01,Aaron Perez,Isfahan,Electronics,Headphones,2,150,300
7770,2025-08-31,Elizabeth Garcia,Karaj,Sports,Basketball,5,35,175
7771,2025-04-14,Joseph Lambert,Kermanshah,Books,Algorithms,5,70,350
7772,2025-08-23,Yolanda Munoz,Tehran,Home Appliances,Microwave,3,220,660
7773,2024-09-04,Pamela Morris,Karaj,Home Appliances,Washing Machine,2,1500,3000
7774,2024-06-18,Keith Jackson,Mashhad,Books,Machine Learning,5,80,400
7775,2025-11-29,Joseph Morse,Shiraz,Books,Machine Learning,5,80,400
7776,2025-10-19,Ashley King,Tabriz,Electronics,Headphones,2,150,300
7777,2025-03-02,John Henderson,Ahvaz,Books,Python Programming,3,45,135
7778,2025-05-25,Johnathan Khan,Qom,Books,Data Science Handbook,3,60,180
7779,2024-09-22,Karina Gomez,Isfahan,Home Appliances,Refrigerator,5,1800,9000
7780,2025-08-26,Tiffany Hernandez,Ahvaz,Books,Algorithms,3,70,210
7781,2025-03-05,Dr. Daniel Richmond Jr.,Isfahan,Home Appliances,Microwave,5,220,1100
7782,2024-10-25,Victoria James,Karaj,Electronics,Laptop,2,1200,2400
7783,2024-04-16,Ashley Lawrence,Kermanshah,Sports,Tennis Racket,4,180,720
7784,2024-04-15,Stephanie Watson,Rasht,Books,Python Programming,1,45,45
7785,2025-09-30,Joshua Wright,Shiraz,Home Appliances,Microwave,1,220,220
7786,2025-12-17,John Young,Isfahan,Electronics,Laptop,3,1200,3600
7787,2024-05-30,Sydney Gonzalez,Kermanshah,Home Appliances,Vacuum Cleaner,4,300,1200
7788,2024-08-02,Kylie Johnston,Rasht,Books,Clean Code,5,55,275
7789,2024-02-05,Jane Guzman,Shiraz,Home Appliances,Refrigerator,3,1800,5400
7790,2024-09-27,Paul Wilkinson,Tabriz,Electronics,Smartphone,1,800,800
7791,2024-05-25,Brian Green,Rasht,Books,Algorithms,2,70,140
7792,2024-09-08,Vickie Pena,Shiraz,Books,Machine Learning,3,80,240
7793,2024-03-24,Curtis Reynolds,Shiraz,Sports,Football,2,30,60
7794,2024-10-21,John Gardner,Karaj,Home Appliances,Washing Machine,3,1500,4500
7795,2025-04-14,Jeffery Mclaughlin,Tabriz,Home Appliances,Refrigerator,5,1800,9000
7796,2025-07-31,James Torres,Isfahan,Books,Data Science Handbook,4,60,240
7797,2025-01-04,Dana Davenport,Tehran,Sports,Fitness Band,4,90,360
7798,2025-12-24,John Gonzales,Rasht,Sports,Football,1,30,30
7799,2024-03-29,John Cox,Tehran,Sports,Football,4,30,120
7800,2024-08-17,Kyle Winters,Shiraz,Home Appliances,Refrigerator,3,1800,5400
7801,2024-02-26,Brian Gonzales,Shiraz,Books,Data Science Handbook,2,60,120
7802,2025-01-18,John Gaines,Tehran,Electronics,Smartphone,2,800,1600
7803,2025-01-09,Adam Hunt,Tabriz,Books,Python Programming,4,45,180
7804,2024-08-16,Deanna Page,Rasht,Books,Machine Learning,5,80,400
7805,2024-12-15,Carlos Berg,Tehran,Books,Clean Code,3,55,165
7806,2024-05-27,Melody Mathews,Shiraz,Home Appliances,Vacuum Cleaner,3,300,900
7807,2024-08-06,Kathleen Matthews,Mashhad,Electronics,Headphones,2,150,300
7808,2024-04-30,Sarah Rogers,Mashhad,Home Appliances,Microwave,4,220,880
7809,2024-12-08,Brandon Davis,Mashhad,Electronics,Smart Watch,1,250,250
7810,2025-04-26,Drew Rivera,Qom,Home Appliances,Microwave,1,220,220
7811,2024-03-21,Lucas Dominguez,Tehran,Electronics,Smart Watch,4,250,1000
7812,2024-07-01,Dr. Holly Lara PhD,Tabriz,Books,Data Science Handbook,1,60,60
7813,2024-08-19,Samuel Reynolds,Tehran,Books,Algorithms,3,70,210
7814,2024-02-28,Lisa White PhD,Rasht,Books,Python Programming,5,45,225
7815,2025-07-20,Gregory Cowan,Karaj,Electronics,Smart Watch,1,250,250
7816,2024-08-11,Hunter Leblanc,Shiraz,Home Appliances,Air Conditioner,3,2000,6000
7817,2025-05-11,Daniel Harris,Shiraz,Books,Machine Learning,4,80,320
7818,2025-06-20,Candice Ramirez,Tabriz,Books,Algorithms,5,70,350
7819,2025-02-05,Bonnie Fields,Karaj,Sports,Running Shoes,3,120,360
7820,2024-04-23,Megan Brennan,Karaj,Sports,Basketball,3,35,105
7821,2024-01-05,Johnny Haley,Karaj,Home Appliances,Refrigerator,3,1800,5400
7822,2024-07-21,Benjamin Evans,Shiraz,Books,Algorithms,3,70,210
7823,2025-11-15,Martha Davis,Shiraz,Home Appliances,Vacuum Cleaner,1,300,300
7824,2024-01-17,Aaron Larson,Mashhad,Books,Data Science Handbook,2,60,120
7825,2024-07-14,Benjamin Martinez,Isfahan,Books,Algorithms,1,70,70
7826,2025-07-28,Mr. Lawrence Mitchell,Shiraz,Sports,Basketball,4,35,140
7827,2024-01-01,David Henderson,Tabriz,Electronics,Smart Watch,2,250,500
7828,2024-04-06,Angelica Chandler,Isfahan,Books,Clean Code,2,55,110
7829,2025-08-28,Makayla Reynolds,Ahvaz,Electronics,Laptop,2,1200,2400
7830,2025-02-02,Janet Moore,Qom,Sports,Running Shoes,3,120,360
7831,2025-08-18,Kyle Smith,Rasht,Books,Python Programming,1,45,45
7832,2025-06-15,Richard Jones,Mashhad,Sports,Fitness Band,5,90,450
7833,2025-03-11,Michael Valdez,Isfahan,Electronics,Smart Watch,5,250,1250
7834,2024-05-05,Michael White,Tehran,Books,Python Programming,1,45,45
7835,2025-12-08,Justin Patel,Ahvaz,Sports,Fitness Band,4,90,360
7836,2025-10-15,Jenna Flores,Tehran,Electronics,Laptop,5,1200,6000
7837,2025-01-21,Jim Thompson,Shiraz,Sports,Football,3,30,90
7838,2025-05-11,Janet Hickman DDS,Mashhad,Home Appliances,Refrigerator,1,1800,1800
7839,2025-03-22,Brandon Barnes,Tehran,Sports,Basketball,4,35,140
7840,2024-02-17,Caroline Davila,Kermanshah,Books,Python Programming,2,45,90
7841,2024-02-08,James Peters,Karaj,Home Appliances,Vacuum Cleaner,2,300,600
7842,2024-03-17,Lindsey Moyer,Ahvaz,Books,Data Science Handbook,2,60,120
7843,2025-04-22,Brian Smith,Shiraz,Books,Clean Code,1,55,55
7844,2025-08-13,Bethany Richard,Kermanshah,Home Appliances,Washing Machine,5,1500,7500
7845,2024-04-25,Casey Marsh,Rasht,Home Appliances,Refrigerator,1,1800,1800
7846,2024-03-01,Wanda Fowler,Kermanshah,Home Appliances,Microwave,3,220,660
7847,2024-12-31,Brandon Butler,Mashhad,Electronics,Tablet,1,500,500
7848,2025-05-05,Matthew Cooper,Tabriz,Sports,Basketball,3,35,105
7849,2024-05-22,Alejandra Vaughan,Qom,Home Appliances,Refrigerator,3,1800,5400
7850,2024-12-31,Manuel Vaughan,Kermanshah,Home Appliances,Air Conditioner,2,2000,4000
7851,2024-10-08,Ashley Harper,Tabriz,Electronics,Smart Watch,3,250,750
7852,2024-09-20,Cheryl Kim,Kermanshah,Books,Machine Learning,1,80,80
7853,2024-05-25,Lauren Gonzalez,Kermanshah,Books,Machine Learning,1,80,80
7854,2024-09-12,Jennifer Williams,Isfahan,Books,Clean Code,3,55,165
7855,2024-11-10,Joshua Foster,Tabriz,Electronics,Smart Watch,1,250,250
7856,2025-04-16,Frank Smith,Mashhad,Sports,Running Shoes,5,120,600
7857,2024-03-06,Ariana Barber,Shiraz,Books,Algorithms,3,70,210
7858,2025-10-04,Michael Hall,Rasht,Books,Algorithms,5,70,350
7859,2025-02-19,Sarah Delgado,Rasht,Books,Python Programming,2,45,90
7860,2025-08-09,Carrie Jackson,Mashhad,Sports,Basketball,2,35,70
7861,2025-08-30,Nicholas Jenkins,Tabriz,Home Appliances,Refrigerator,1,1800,1800
7862,2024-01-02,Marvin Moore,Qom,Electronics,Smartphone,3,800,2400
7863,2024-06-16,David Nguyen,Qom,Sports,Basketball,1,35,35
7864,2025-12-29,Mary Ferguson,Qom,Books,Python Programming,1,45,45
7865,2024-02-23,Alexander Young,Shiraz,Electronics,Laptop,2,1200,2400
7866,2025-07-23,Albert Lam,Isfahan,Books,Data Science Handbook,2,60,120
7867,2024-11-08,Rebecca Wiggins,Kermanshah,Sports,Fitness Band,5,90,450
7868,2025-04-01,Anthony Wallace,Ahvaz,Home Appliances,Air Conditioner,3,2000,6000
7869,2025-09-08,Heather Foster,Mashhad,Sports,Basketball,1,35,35
7870,2024-06-30,Ronald Williams,Karaj,Sports,Basketball,1,35,35
7871,2024-06-06,Dr. David Lopez,Tehran,Electronics,Headphones,5,150,750
7872,2024-09-09,Alex White,Tehran,Home Appliances,Microwave,5,220,1100
7873,2025-01-28,Dr. Nancy Morton,Karaj,Books,Data Science Handbook,5,60,300
7874,2025-09-07,Richard Burch,Isfahan,Electronics,Laptop,3,1200,3600
7875,2025-06-03,Amber Gray,Rasht,Books,Algorithms,2,70,140
7876,2025-10-21,Danielle Tapia,Mashhad,Sports,Fitness Band,5,90,450
7877,2025-10-05,Juan Ramos,Tehran,Sports,Basketball,3,35,105
7878,2024-09-19,Mark Miller,Mashhad,Electronics,Headphones,4,150,600
7879,2024-07-01,Jill Williams,Isfahan,Electronics,Headphones,2,150,300
7880,2025-07-28,Adrian Stevenson,Isfahan,Home Appliances,Vacuum Cleaner,3,300,900
7881,2024-03-03,Johnny Mckenzie,Rasht,Home Appliances,Refrigerator,4,1800,7200
7882,2024-08-26,John Dominguez,Karaj,Electronics,Headphones,5,150,750
7883,2025-01-23,Ann Hanna,Karaj,Sports,Fitness Band,5,90,450
7884,2025-09-19,Michael Watkins,Qom,Sports,Fitness Band,1,90,90
7885,2025-05-26,Michael Howard,Qom,Electronics,Headphones,3,150,450
7886,2025-05-30,Mark Preston,Karaj,Sports,Basketball,1,35,35
7887,2025-06-20,Mary Cole,Karaj,Electronics,Smart Watch,3,250,750
7888,2024-03-11,Katie Torres,Tehran,Electronics,Smartphone,5,800,4000
7889,2025-01-25,Carolyn Fisher,Rasht,Books,Algorithms,3,70,210
7890,2025-09-19,Matthew Nguyen,Kermanshah,Home Appliances,Air Conditioner,2,2000,4000
7891,2024-07-15,Andrew Andersen,Karaj,Electronics,Smart Watch,3,250,750
7892,2024-07-08,Debra Harvey,Karaj,Electronics,Smartphone,1,800,800
7893,2024-10-17,Sabrina Dougherty,Isfahan,Electronics,Laptop,2,1200,2400
7894,2025-01-28,Rhonda Lewis,Isfahan,Electronics,Smart Watch,3,250,750
7895,2025-06-29,Jessica Garcia,Shiraz,Sports,Running Shoes,2,120,240
7896,2025-11-05,Elizabeth Garner,Qom,Sports,Football,2,30,60
7897,2024-01-30,Dana Burns,Karaj,Home Appliances,Microwave,4,220,880
7898,2025-10-26,Robert Mccormick,Karaj,Books,Algorithms,3,70,210
7899,2025-01-02,Daniel Peters,Isfahan,Sports,Football,3,30,90
7900,2025-03-08,Lindsey Bruce,Isfahan,Home Appliances,Refrigerator,1,1800,1800
7901,2025-01-23,Christopher Bryant,Mashhad,Electronics,Smartphone,3,800,2400
7902,2025-08-06,Tony Kelly,Tabriz,Electronics,Smartphone,1,800,800
7903,2024-07-06,Kenneth Ferguson,Tabriz,Electronics,Headphones,4,150,600
7904,2024-02-23,Martin Jennings,Shiraz,Sports,Football,4,30,120
7905,2024-09-29,Andrea Miller,Mashhad,Books,Algorithms,3,70,210
7906,2024-09-28,Jennifer Rodriguez,Tehran,Books,Clean Code,3,55,165
7907,2025-11-22,Sarah Rivera,Karaj,Sports,Football,2,30,60
7908,2025-07-12,April Roy,Tabriz,Books,Clean Code,1,55,55
7909,2025-02-10,Ms. Lynn Garcia DDS,Kermanshah,Books,Clean Code,5,55,275
7910,2025-04-25,John Alexander,Shiraz,Home Appliances,Refrigerator,1,1800,1800
7911,2024-05-26,Gloria Doyle,Tabriz,Electronics,Headphones,1,150,150
7912,2024-11-26,Richard Smith,Kermanshah,Electronics,Laptop,4,1200,4800
7913,2025-06-30,Alyssa Yates,Ahvaz,Sports,Running Shoes,2,120,240
7914,2025-08-05,Brittany Garrett,Tehran,Electronics,Headphones,2,150,300
7915,2025-05-09,Ashley Yang,Karaj,Electronics,Smart Watch,5,250,1250
7916,2024-10-22,Andrea Franco,Rasht,Sports,Running Shoes,1,120,120
7917,2025-12-07,Ashley Savage,Isfahan,Home Appliances,Air Conditioner,2,2000,4000
7918,2025-02-04,Catherine Myers,Shiraz,Books,Clean Code,2,55,110
7919,2025-01-03,Denise Davenport,Qom,Sports,Tennis Racket,5,180,900
7920,2025-07-04,Michael Gordon,Tehran,Sports,Basketball,5,35,175
7921,2024-05-28,David Kelly,Tehran,Books,Machine Learning,1,80,80
7922,2024-07-19,Lisa Walters,Qom,Home Appliances,Vacuum Cleaner,3,300,900
7923,2024-11-14,Holly Long,Rasht,Home Appliances,Washing Machine,1,1500,1500
7924,2024-12-16,Travis Turner,Ahvaz,Electronics,Smart Watch,5,250,1250
7925,2025-10-24,Lisa Butler,Isfahan,Sports,Football,1,30,30
7926,2025-11-12,Jason Keller,Rasht,Electronics,Laptop,4,1200,4800
7927,2025-05-28,Cynthia Blanchard,Ahvaz,Books,Data Science Handbook,5,60,300
7928,2025-03-10,Barry Morgan,Karaj,Sports,Basketball,1,35,35
7929,2024-09-16,Jose Peterson,Karaj,Home Appliances,Refrigerator,5,1800,9000
7930,2025-10-16,Adam Green,Tehran,Books,Clean Code,1,55,55
7931,2025-10-23,Danielle Fischer,Qom,Electronics,Laptop,5,1200,6000
7932,2024-07-05,Jennifer Watson,Ahvaz,Electronics,Smartphone,3,800,2400
7933,2024-02-03,Belinda Davila,Mashhad,Books,Clean Code,5,55,275
7934,2024-07-20,Karen Lawrence,Mashhad,Electronics,Tablet,3,500,1500
7935,2024-05-13,Cassandra Ellison,Karaj,Home Appliances,Washing Machine,2,1500,3000
7936,2025-07-07,Nathan Maldonado,Isfahan,Sports,Fitness Band,4,90,360
7937,2024-11-25,Richard Rojas,Kermanshah,Books,Data Science Handbook,5,60,300
7938,2024-02-06,Daniel Parker,Rasht,Home Appliances,Vacuum Cleaner,5,300,1500
7939,2025-08-27,Ryan Mayer,Qom,Books,Data Science Handbook,2,60,120
7940,2025-01-11,Mrs. Melissa Anderson,Isfahan,Sports,Basketball,1,35,35
7941,2025-07-07,Natasha Mclean,Tehran,Sports,Fitness Band,2,90,180
7942,2024-09-17,David Stephens,Ahvaz,Sports,Basketball,1,35,35
7943,2024-03-10,Cody Tucker,Tehran,Home Appliances,Microwave,1,220,220
7944,2025-04-07,Dana Hurst,Rasht,Books,Machine Learning,3,80,240
7945,2025-10-20,Mark Martinez,Qom,Home Appliances,Refrigerator,1,1800,1800
7946,2025-03-15,Steven Walker,Tehran,Home Appliances,Washing Machine,4,1500,6000
7947,2025-08-13,Lisa Schneider,Karaj,Home Appliances,Washing Machine,3,1500,4500
7948,2025-06-26,Joshua Morgan,Tehran,Sports,Football,2,30,60
7949,2024-01-16,Jennifer Murray,Tehran,Electronics,Smartphone,3,800,2400
7950,2025-07-01,Tracey Gilbert,Ahvaz,Books,Algorithms,2,70,140
7951,2025-03-26,Roberto Johnson,Karaj,Books,Machine Learning,4,80,320
7952,2025-09-06,Richard Mason,Mashhad,Sports,Tennis Racket,1,180,180
7953,2024-06-08,Caleb Krause,Kermanshah,Sports,Running Shoes,3,120,360
7954,2025-09-06,Kimberly Lopez,Kermanshah,Sports,Running Shoes,1,120,120
7955,2024-06-11,Eduardo Lucas,Karaj,Electronics,Smartphone,3,800,2400
7956,2025-11-28,Marcus Rich,Mashhad,Electronics,Headphones,4,150,600
7957,2025-04-08,James Reid,Mashhad,Sports,Football,2,30,60
7958,2024-12-17,Vicki Johnson,Isfahan,Home Appliances,Air Conditioner,3,2000,6000
7959,2024-01-19,Charles Johnston,Shiraz,Home Appliances,Refrigerator,5,1800,9000
7960,2024-12-20,Robert Conway,Qom,Sports,Tennis Racket,5,180,900
7961,2024-04-09,Casey Cochran,Ahvaz,Sports,Tennis Racket,1,180,180
7962,2025-03-11,Kirk Parker,Karaj,Home Appliances,Refrigerator,5,1800,9000
7963,2025-06-20,Sarah Henry,Tehran,Sports,Football,3,30,90
7964,2025-08-01,Kathryn Wright,Tabriz,Books,Algorithms,5,70,350
7965,2025-08-06,Mary Harris,Tabriz,Electronics,Laptop,1,1200,1200
7966,2025-09-21,Emily Doyle,Tabriz,Books,Clean Code,5,55,275
7967,2025-08-02,Stephanie Gray,Rasht,Electronics,Laptop,5,1200,6000
7968,2024-11-22,Nicholas Ramirez,Isfahan,Home Appliances,Washing Machine,2,1500,3000
7969,2025-10-17,Michele Lee,Rasht,Sports,Fitness Band,5,90,450
7970,2024-03-24,Mark Jennings,Ahvaz,Electronics,Smart Watch,2,250,500
7971,2024-06-17,Miss Amanda Morrison,Rasht,Sports,Tennis Racket,2,180,360
7972,2024-06-25,Amanda Bates,Tabriz,Books,Data Science Handbook,3,60,180
7973,2024-07-06,Paul Shah,Tehran,Home Appliances,Refrigerator,4,1800,7200
7974,2025-03-27,Matthew Lyons,Qom,Sports,Tennis Racket,2,180,360
7975,2024-04-22,Paul Mason,Kermanshah,Home Appliances,Vacuum Cleaner,5,300,1500
7976,2024-12-29,David Harris,Mashhad,Books,Machine Learning,2,80,160
7977,2024-11-26,Scott Byrd,Qom,Electronics,Headphones,4,150,600
7978,2024-12-29,Alicia Frazier,Qom,Books,Data Science Handbook,4,60,240
7979,2024-03-09,Julia Travis,Qom,Electronics,Smart Watch,2,250,500
7980,2025-10-23,Emily Medina,Rasht,Electronics,Laptop,1,1200,1200
7981,2024-03-19,Michelle Wood,Shiraz,Sports,Tennis Racket,5,180,900
7982,2024-10-06,Evelyn Hunter,Tabriz,Home Appliances,Refrigerator,4,1800,7200
7983,2025-06-13,Michael Flores,Tehran,Books,Clean Code,3,55,165
7984,2025-06-07,Jason Hart,Mashhad,Sports,Basketball,1,35,35
7985,2024-09-21,Eduardo Nelson,Rasht,Books,Clean Code,1,55,55
7986,2024-06-05,Nicholas Everett,Rasht,Sports,Basketball,2,35,70
7987,2025-05-06,Kelly Boone,Isfahan,Home Appliances,Air Conditioner,4,2000,8000
7988,2024-09-25,David Hooper,Tabriz,Books,Algorithms,3,70,210
7989,2025-12-08,Samantha Coleman,Isfahan,Sports,Running Shoes,2,120,240
7990,2024-11-15,David Sexton,Rasht,Books,Algorithms,1,70,70
7991,2025-09-12,Daniel Banks,Tehran,Books,Machine Learning,5,80,400
7992,2024-01-10,Kelsey Shepherd,Tehran,Sports,Fitness Band,3,90,270
7993,2025-10-25,Richard Pena,Mashhad,Home Appliances,Air Conditioner,2,2000,4000
7994,2025-01-28,Lisa Hill,Rasht,Sports,Running Shoes,2,120,240
7995,2025-01-10,Andrew Davis,Isfahan,Books,Python Programming,4,45,180
7996,2025-01-08,Gabriella Henry,Shiraz,Electronics,Headphones,2,150,300
7997,2024-01-26,Jennifer Mcdowell,Isfahan,Books,Clean Code,3,55,165
7998,2025-04-12,Matthew Rodgers,Kermanshah,Books,Clean Code,5,55,275
7999,2025-11-30,Francis Ferguson,Ahvaz,Home Appliances,Microwave,3,220,660
8000,2025-12-12,Isaac Carroll,Rasht,Home Appliances,Refrigerator,5,1800,9000
8001,2025-12-08,Chelsea Cummings,Qom,Home Appliances,Washing Machine,2,1500,3000
8002,2025-01-21,Breanna Bridges,Qom,Sports,Running Shoes,4,120,480
8003,2025-10-24,Patrick Ellis,Rasht,Books,Algorithms,5,70,350
8004,2025-12-24,Elizabeth Johnson,Karaj,Home Appliances,Air Conditioner,1,2000,2000
8005,2025-08-12,Mary Reyes,Ahvaz,Sports,Football,2,30,60
8006,2024-08-21,Cody Smith,Karaj,Home Appliances,Washing Machine,4,1500,6000
8007,2025-05-25,Nicholas Larsen,Kermanshah,Electronics,Tablet,2,500,1000
8008,2024-03-19,Matthew Jackson,Rasht,Home Appliances,Microwave,3,220,660
8009,2024-04-14,Samantha Robinson,Mashhad,Electronics,Smartphone,5,800,4000
8010,2024-05-01,Brenda Barnett,Shiraz,Sports,Tennis Racket,3,180,540
8011,2025-02-13,Russell Douglas,Qom,Sports,Fitness Band,2,90,180
8012,2024-05-23,Susan Carroll,Qom,Books,Machine Learning,2,80,160
8013,2025-06-02,Scott Fuller,Tabriz,Books,Algorithms,3,70,210
8014,2025-04-11,Rhonda Gray,Rasht,Sports,Fitness Band,4,90,360
8015,2024-07-03,Susan Oneill,Kermanshah,Sports,Running Shoes,1,120,120
8016,2025-05-13,Cameron Fowler,Shiraz,Books,Machine Learning,3,80,240
8017,2024-10-25,Robert Matthews,Rasht,Electronics,Laptop,3,1200,3600
8018,2024-07-22,Joshua Wright,Tehran,Sports,Basketball,1,35,35
8019,2025-06-17,Ernest Stephenson,Isfahan,Electronics,Headphones,2,150,300
8020,2025-11-16,Thomas Cruz,Tehran,Sports,Football,5,30,150
8021,2024-11-04,Stephanie Scott,Kermanshah,Home Appliances,Washing Machine,3,1500,4500
8022,2025-10-20,Mr. Tanner Hansen Jr.,Karaj,Home Appliances,Refrigerator,3,1800,5400
8023,2025-04-18,Michelle Alexander,Isfahan,Home Appliances,Vacuum Cleaner,3,300,900
8024,2025-04-02,Jeffrey Armstrong,Tabriz,Sports,Tennis Racket,2,180,360
8025,2025-07-05,Faith Nielsen,Isfahan,Sports,Running Shoes,4,120,480
8026,2024-04-07,Ryan Jones,Mashhad,Sports,Running Shoes,4,120,480
8027,2024-09-20,Matthew Moody,Shiraz,Electronics,Laptop,4,1200,4800
8028,2024-11-07,Anita Brooks,Tabriz,Home Appliances,Washing Machine,2,1500,3000
8029,2025-08-24,Tasha Bailey,Mashhad,Home Appliances,Refrigerator,4,1800,7200
8030,2024-02-10,John Scott,Rasht,Home Appliances,Microwave,4,220,880
8031,2024-03-25,Dr. Linda Anderson,Karaj,Books,Machine Learning,4,80,320
8032,2024-03-03,Robert Anderson,Rasht,Electronics,Headphones,3,150,450
8033,2024-05-05,Nicole Jenkins,Isfahan,Sports,Tennis Racket,4,180,720
8034,2024-07-14,Michael Moore,Tabriz,Electronics,Laptop,3,1200,3600
8035,2024-04-17,Kristie Stanton,Qom,Sports,Football,2,30,60
8036,2024-01-26,Kim Roberts,Shiraz,Books,Algorithms,5,70,350
8037,2024-10-02,Donna Pitts,Ahvaz,Home Appliances,Microwave,4,220,880
8038,2025-09-03,Joshua Reeves,Mashhad,Books,Algorithms,1,70,70
8039,2025-10-15,Daniel Stewart,Kermanshah,Books,Machine Learning,2,80,160
8040,2024-03-04,Sandra Wright,Rasht,Electronics,Smart Watch,4,250,1000
8041,2025-03-27,Brianna Mclean,Ahvaz,Home Appliances,Washing Machine,2,1500,3000
8042,2025-09-06,Katrina Brooks,Shiraz,Sports,Basketball,1,35,35
8043,2024-05-25,Kenneth Merritt,Mashhad,Home Appliances,Refrigerator,1,1800,1800
8044,2025-12-17,Sarah Phelps,Karaj,Sports,Basketball,4,35,140
8045,2024-02-29,Andrew Roy,Kermanshah,Electronics,Tablet,5,500,2500
8046,2025-01-27,Timothy Morris,Isfahan,Electronics,Tablet,5,500,2500
8047,2025-04-17,Ryan Woods,Rasht,Books,Clean Code,4,55,220
8048,2024-12-21,Susan Lopez,Mashhad,Electronics,Headphones,5,150,750
8049,2024-03-12,Kathryn Johnson,Karaj,Books,Clean Code,3,55,165
8050,2024-07-13,Carolyn Barrett,Ahvaz,Home Appliances,Washing Machine,5,1500,7500
8051,2024-12-05,Bill Long,Tehran,Books,Algorithms,2,70,140
8052,2025-06-04,Arthur Weber,Rasht,Electronics,Laptop,3,1200,3600
8053,2025-04-22,Stacy Galvan,Qom,Home Appliances,Microwave,2,220,440
8054,2024-01-13,Marisa Nelson,Kermanshah,Books,Clean Code,3,55,165
8055,2025-02-04,Jane Erickson,Karaj,Electronics,Smart Watch,2,250,500
8056,2025-03-04,Shaun Adkins,Qom,Home Appliances,Refrigerator,1,1800,1800
8057,2024-08-19,Jose Hall,Ahvaz,Home Appliances,Refrigerator,2,1800,3600
8058,2025-03-24,Patricia Andrews,Kermanshah,Electronics,Smart Watch,4,250,1000
8059,2025-04-17,Jordan Wallace,Mashhad,Home Appliances,Vacuum Cleaner,4,300,1200
8060,2024-12-03,Christina Townsend,Mashhad,Sports,Football,4,30,120
8061,2024-10-15,Gabrielle Sullivan,Tehran,Electronics,Headphones,4,150,600
8062,2024-01-30,Phillip Farmer,Tehran,Electronics,Smartphone,2,800,1600
8063,2024-10-16,Richard Hodges,Mashhad,Home Appliances,Microwave,5,220,1100
8064,2024-07-13,Kathleen Ferguson,Tehran,Electronics,Tablet,5,500,2500
8065,2025-11-17,Matthew Morrow,Ahvaz,Electronics,Tablet,5,500,2500
8066,2024-03-23,Andrea Frazier MD,Tabriz,Electronics,Laptop,1,1200,1200
8067,2024-01-16,Amanda Jimenez,Kermanshah,Home Appliances,Refrigerator,4,1800,7200
8068,2025-01-28,Patrick Jones,Qom,Books,Data Science Handbook,1,60,60
8069,2024-03-19,Ethan Ruiz,Karaj,Home Appliances,Microwave,1,220,220
8070,2025-02-10,Sara Cook,Karaj,Sports,Tennis Racket,2,180,360
8071,2025-10-10,William Marshall,Tehran,Books,Data Science Handbook,1,60,60
8072,2024-09-02,Alyssa Dillon,Rasht,Home Appliances,Microwave,3,220,660
8073,2025-04-29,Dr. Madison Castro,Qom,Books,Clean Code,4,55,220
8074,2024-07-02,Gregory Beasley MD,Isfahan,Home Appliances,Air Conditioner,2,2000,4000
8075,2024-06-23,Heather Ramsey,Kermanshah,Sports,Basketball,3,35,105
8076,2025-02-10,Jessica Young,Rasht,Home Appliances,Vacuum Cleaner,1,300,300
8077,2024-11-22,Jessica Robertson,Ahvaz,Sports,Basketball,4,35,140
8078,2025-05-11,Joshua Kaufman,Isfahan,Home Appliances,Washing Machine,4,1500,6000
8079,2025-03-29,Katherine Conner,Isfahan,Books,Algorithms,1,70,70
8080,2024-07-28,John Walker,Karaj,Sports,Fitness Band,4,90,360
8081,2025-08-06,Mariah Greene,Isfahan,Sports,Fitness Band,4,90,360
8082,2024-02-22,Lisa Johnson,Ahvaz,Electronics,Smart Watch,2,250,500
8083,2024-09-12,Rebecca Weiss,Tehran,Electronics,Headphones,2,150,300
8084,2025-09-12,Erin Anderson,Kermanshah,Books,Data Science Handbook,3,60,180
8085,2025-02-13,Kimberly Huffman,Shiraz,Sports,Tennis Racket,2,180,360
8086,2025-02-17,Bethany Hansen,Qom,Electronics,Laptop,5,1200,6000
8087,2025-03-30,Steven Simmons,Qom,Electronics,Smartphone,4,800,3200
8088,2025-08-08,Thomas Smith,Qom,Sports,Running Shoes,1,120,120
8089,2025-12-05,Joseph Bishop,Tabriz,Electronics,Headphones,2,150,300
8090,2024-08-25,Edwin Ferrell,Kermanshah,Sports,Fitness Band,4,90,360
8091,2025-07-10,Robert Estrada,Tehran,Electronics,Headphones,5,150,750
8092,2025-07-19,Karen Howard,Mashhad,Electronics,Headphones,5,150,750
8093,2025-04-08,Brianna Morris,Qom,Books,Clean Code,5,55,275
8094,2024-02-12,Mr. Thomas Chandler,Tehran,Sports,Tennis Racket,2,180,360
8095,2025-02-01,James Scott,Qom,Books,Data Science Handbook,3,60,180
8096,2024-01-10,Dr. Benjamin Wilkinson,Rasht,Sports,Tennis Racket,1,180,180
8097,2024-11-23,Jessica Price,Kermanshah,Sports,Tennis Racket,2,180,360
8098,2024-03-12,Brian Garcia,Mashhad,Sports,Basketball,4,35,140
8099,2024-12-25,Nicole Fleming,Shiraz,Electronics,Tablet,3,500,1500
8100,2024-10-18,Alan Thomas,Shiraz,Electronics,Tablet,3,500,1500
8101,2025-06-13,Veronica Vega,Shiraz,Books,Data Science Handbook,4,60,240
8102,2024-12-12,Sergio Matthews,Rasht,Electronics,Headphones,1,150,150
8103,2024-12-06,Steven Walton,Tabriz,Books,Python Programming,4,45,180
8104,2024-06-29,James Jones,Karaj,Books,Data Science Handbook,5,60,300
8105,2024-04-07,Louis Frye,Shiraz,Books,Clean Code,4,55,220
8106,2025-11-18,Carrie Mahoney,Qom,Books,Data Science Handbook,4,60,240
8107,2025-01-14,Jason Bennett,Karaj,Electronics,Smartphone,4,800,3200
8108,2025-02-12,Mark Lynch,Qom,Books,Data Science Handbook,3,60,180
8109,2024-12-05,Rhonda Reed,Rasht,Sports,Tennis Racket,3,180,540
8110,2024-12-03,Melissa Gibson,Mashhad,Home Appliances,Air Conditioner,2,2000,4000
8111,2025-08-16,Michael Sanchez,Tehran,Electronics,Tablet,2,500,1000
8112,2024-03-23,Tracey Smith,Qom,Books,Machine Learning,3,80,240
8113,2025-05-30,Jill Wallace,Rasht,Books,Clean Code,1,55,55
8114,2024-02-18,Lori Eaton,Shiraz,Sports,Tennis Racket,3,180,540
8115,2024-01-18,Ashley Watkins,Karaj,Sports,Fitness Band,2,90,180
8116,2025-05-23,Kimberly Steele,Rasht,Books,Machine Learning,3,80,240
8117,2025-12-22,Dana Smith,Kermanshah,Electronics,Smartphone,4,800,3200
8118,2024-11-08,Jeffrey Larson,Isfahan,Books,Data Science Handbook,3,60,180
8119,2024-12-28,David Brown,Isfahan,Sports,Running Shoes,3,120,360
8120,2024-05-26,Justin Huff,Qom,Sports,Football,4,30,120
8121,2025-10-12,Samantha Wise,Isfahan,Electronics,Tablet,1,500,500
8122,2024-11-01,Mark Hall,Qom,Electronics,Laptop,3,1200,3600
8123,2025-11-10,Dwayne Palmer,Tabriz,Books,Python Programming,4,45,180
8124,2024-10-27,Laura Olsen,Tehran,Sports,Fitness Band,3,90,270
8125,2025-09-26,April Mooney,Isfahan,Home Appliances,Washing Machine,3,1500,4500
8126,2024-08-31,Casey Kidd,Karaj,Electronics,Laptop,3,1200,3600
8127,2025-01-17,Charles Sanford,Rasht,Books,Python Programming,4,45,180
8128,2024-04-11,Sarah Williams,Qom,Electronics,Smartphone,1,800,800
8129,2024-02-08,Suzanne Atkins,Kermanshah,Home Appliances,Air Conditioner,3,2000,6000
8130,2025-12-13,Andre Wright,Karaj,Electronics,Laptop,3,1200,3600
8131,2024-03-25,Dustin Butler,Qom,Books,Machine Learning,3,80,240
8132,2025-09-22,Jonathan Becker,Isfahan,Books,Algorithms,1,70,70
8133,2025-04-11,Lauren Moore,Kermanshah,Books,Machine Learning,3,80,240
8134,2024-05-05,Jacob Strickland,Tabriz,Books,Data Science Handbook,3,60,180
8135,2025-11-14,Joshua Strong,Tabriz,Electronics,Smart Watch,3,250,750
8136,2024-08-28,Jimmy Suarez,Ahvaz,Home Appliances,Microwave,4,220,880
8137,2024-07-16,Gerald Scott,Mashhad,Sports,Basketball,1,35,35
8138,2025-05-07,Alicia Chen,Ahvaz,Books,Machine Learning,1,80,80
8139,2025-03-13,Virginia Delgado,Ahvaz,Books,Data Science Handbook,3,60,180
8140,2024-09-01,Jason Thompson,Isfahan,Electronics,Smart Watch,3,250,750
8141,2024-06-08,Selena Thompson,Karaj,Books,Python Programming,2,45,90
8142,2024-11-07,Monica Meyer,Isfahan,Electronics,Headphones,4,150,600
8143,2024-09-21,Jennifer Martinez,Qom,Electronics,Smartphone,4,800,3200
8144,2024-02-05,Patrick Stanley,Rasht,Electronics,Smart Watch,5,250,1250
8145,2025-07-23,Mr. Jason Miller,Shiraz,Home Appliances,Refrigerator,1,1800,1800
8146,2024-11-07,Diana Baxter,Kermanshah,Home Appliances,Air Conditioner,5,2000,10000
8147,2025-10-06,Elizabeth Martin,Rasht,Books,Python Programming,5,45,225
8148,2025-03-27,Manuel Pope,Tabriz,Electronics,Tablet,1,500,500
8149,2024-05-25,Mrs. Miranda Bates,Tehran,Home Appliances,Air Conditioner,5,2000,10000
8150,2025-10-06,Connie Cervantes,Mashhad,Home Appliances,Air Conditioner,4,2000,8000
8151,2024-07-28,Kathy Ellis,Tabriz,Books,Python Programming,5,45,225
8152,2024-07-28,Latoya Garcia,Tabriz,Home Appliances,Washing Machine,4,1500,6000
8153,2025-09-03,Brandon Noble,Rasht,Home Appliances,Microwave,4,220,880
8154,2024-12-13,Jacob Martinez,Tehran,Electronics,Headphones,5,150,750
8155,2024-09-10,Rachel Allen,Kermanshah,Sports,Fitness Band,4,90,360
8156,2025-06-07,Ricardo Mckinney,Kermanshah,Sports,Basketball,2,35,70
8157,2025-12-21,Danielle Miller,Rasht,Home Appliances,Washing Machine,4,1500,6000
8158,2025-06-18,Laura Thompson,Kermanshah,Electronics,Smart Watch,4,250,1000
8159,2025-08-25,Kristy Williams,Kermanshah,Home Appliances,Microwave,5,220,1100
8160,2025-04-19,Krista Mendez,Tabriz,Electronics,Smart Watch,1,250,250
8161,2025-11-15,Jill Gonzalez,Rasht,Home Appliances,Washing Machine,1,1500,1500
8162,2024-08-11,Joshua Rowe,Karaj,Sports,Fitness Band,3,90,270
8163,2024-05-09,Gerald Howe,Shiraz,Electronics,Laptop,3,1200,3600
8164,2024-09-30,Tina Mcclure,Tehran,Electronics,Smartphone,4,800,3200
8165,2024-05-17,Christina Rogers,Tehran,Electronics,Smart Watch,5,250,1250
8166,2024-01-23,Nicole Wilson,Rasht,Sports,Fitness Band,5,90,450
8167,2025-10-10,Teresa Hill,Karaj,Books,Machine Learning,3,80,240
8168,2024-10-13,Alexandra Williams,Tabriz,Sports,Fitness Band,4,90,360
8169,2024-11-13,Roger Garcia,Tehran,Home Appliances,Refrigerator,5,1800,9000
8170,2024-06-10,Anthony Larson,Tehran,Electronics,Headphones,4,150,600
8171,2024-01-18,Stacey Scott,Ahvaz,Electronics,Smart Watch,3,250,750
8172,2024-08-08,Joseph Duke,Karaj,Electronics,Laptop,4,1200,4800
8173,2024-05-08,Erica Jones,Tehran,Home Appliances,Refrigerator,5,1800,9000
8174,2025-10-26,Scott Johnson,Qom,Electronics,Laptop,2,1200,2400
8175,2024-01-03,Jacqueline Bell,Tabriz,Books,Clean Code,3,55,165
8176,2025-04-03,Eric Smith,Mashhad,Sports,Basketball,3,35,105
8177,2025-09-10,Aaron Blair,Kermanshah,Sports,Running Shoes,2,120,240
8178,2024-07-03,Gary Osborne,Kermanshah,Books,Python Programming,1,45,45
8179,2024-04-06,Karen Stanley,Mashhad,Sports,Tennis Racket,5,180,900
8180,2024-06-24,Patrick Brown,Kermanshah,Sports,Football,3,30,90
8181,2024-02-18,Melissa Atkinson,Karaj,Books,Machine Learning,4,80,320
8182,2025-08-07,William Casey,Kermanshah,Sports,Football,2,30,60
8183,2024-02-26,Jeffery Mcgrath,Kermanshah,Books,Data Science Handbook,1,60,60
8184,2025-06-04,Jeremiah Long,Tehran,Books,Python Programming,3,45,135
8185,2024-09-02,William Simon,Tehran,Electronics,Laptop,2,1200,2400
8186,2024-10-01,Victor Brooks,Mashhad,Books,Clean Code,3,55,165
8187,2025-02-15,Christina Bean,Mashhad,Home Appliances,Microwave,2,220,440
8188,2025-03-22,Michael Robbins,Mashhad,Books,Clean Code,1,55,55
8189,2025-02-25,Derek Casey,Karaj,Home Appliances,Air Conditioner,1,2000,2000
8190,2025-04-06,April Brown,Ahvaz,Books,Algorithms,1,70,70
8191,2025-01-24,Timothy Robinson,Kermanshah,Home Appliances,Washing Machine,3,1500,4500
8192,2024-04-17,Spencer Sandoval,Rasht,Sports,Running Shoes,5,120,600
8193,2025-06-15,Brandon Durham,Shiraz,Sports,Tennis Racket,2,180,360
8194,2025-04-27,Jessica Fernandez,Karaj,Home Appliances,Washing Machine,5,1500,7500
8195,2025-03-24,Sarah Cannon,Karaj,Electronics,Headphones,2,150,300
8196,2024-09-10,Patricia Smith,Ahvaz,Books,Algorithms,1,70,70
8197,2024-03-18,Christopher Thornton,Ahvaz,Books,Machine Learning,2,80,160
8198,2024-06-01,Alexander Banks,Tabriz,Sports,Fitness Band,4,90,360
8199,2025-07-24,Gary Moreno,Tabriz,Home Appliances,Washing Machine,1,1500,1500
8200,2025-12-06,Holly Camacho,Tehran,Home Appliances,Refrigerator,5,1800,9000
8201,2025-01-24,Douglas Smith,Mashhad,Books,Machine Learning,1,80,80
8202,2024-01-04,Andrea Thomas,Isfahan,Sports,Fitness Band,3,90,270
8203,2025-01-14,Joshua Schultz,Karaj,Books,Clean Code,2,55,110
8204,2024-06-12,Noah Newman,Karaj,Sports,Basketball,3,35,105
8205,2024-05-20,Michelle Gross,Kermanshah,Home Appliances,Microwave,1,220,220
8206,2025-04-12,Kayla Davis,Mashhad,Sports,Running Shoes,5,120,600
8207,2025-06-22,Cheryl Hill,Rasht,Electronics,Smart Watch,3,250,750
8208,2024-03-28,Crystal Bailey,Rasht,Books,Python Programming,1,45,45
8209,2024-11-02,Joanna Murray,Karaj,Electronics,Smartphone,3,800,2400
8210,2025-04-01,Donna Williams,Shiraz,Electronics,Smartphone,1,800,800
8211,2024-12-26,Audrey Nelson,Mashhad,Sports,Basketball,2,35,70
8212,2024-11-15,Karen Hendrix,Tabriz,Home Appliances,Washing Machine,4,1500,6000
8213,2024-02-19,Edward Mejia,Tehran,Books,Python Programming,3,45,135
8214,2024-10-09,Jennifer Smith,Tehran,Electronics,Smart Watch,5,250,1250
8215,2025-11-19,Robert Haynes,Kermanshah,Sports,Football,4,30,120
8216,2025-04-23,Jessica Mann,Shiraz,Sports,Basketball,2,35,70
8217,2024-12-06,Stephanie King,Karaj,Books,Algorithms,5,70,350
8218,2025-12-12,Gregg Short,Karaj,Home Appliances,Air Conditioner,4,2000,8000
8219,2024-06-05,Kimberly Newman,Kermanshah,Books,Algorithms,1,70,70
8220,2025-04-05,Angela Lee,Qom,Home Appliances,Washing Machine,3,1500,4500
8221,2024-08-06,Robert Houston,Shiraz,Electronics,Smart Watch,1,250,250
8222,2025-01-22,Evan Silva,Isfahan,Home Appliances,Washing Machine,1,1500,1500
8223,2024-04-26,Jennifer Smith,Qom,Home Appliances,Microwave,4,220,880
8224,2024-02-22,Marcus Ford,Mashhad,Electronics,Headphones,5,150,750
8225,2024-04-26,Shawn Church,Karaj,Sports,Football,3,30,90
8226,2025-01-28,Christine Stevens,Mashhad,Home Appliances,Air Conditioner,3,2000,6000
8227,2025-02-03,Sylvia Bautista,Karaj,Electronics,Smartphone,5,800,4000
8228,2025-10-24,David Garcia,Qom,Home Appliances,Air Conditioner,1,2000,2000
8229,2024-08-20,Garrett Wright,Rasht,Sports,Fitness Band,2,90,180
8230,2025-09-05,Michelle Martinez,Shiraz,Books,Algorithms,2,70,140
8231,2025-10-21,Daniel Everett,Karaj,Home Appliances,Washing Machine,5,1500,7500
8232,2024-03-03,Steven Mullen,Shiraz,Home Appliances,Air Conditioner,4,2000,8000
8233,2024-05-16,Denise Donovan,Rasht,Books,Python Programming,3,45,135
8234,2024-06-16,Benjamin Liu,Ahvaz,Home Appliances,Washing Machine,5,1500,7500
8235,2025-02-10,Heather Barrett,Qom,Home Appliances,Microwave,2,220,440
8236,2024-05-17,Miranda Horne,Mashhad,Books,Machine Learning,5,80,400
8237,2025-08-25,Jennifer Kim,Tabriz,Sports,Fitness Band,4,90,360
8238,2025-06-17,Ashley Brown,Kermanshah,Electronics,Smart Watch,1,250,250
8239,2024-07-19,Jeffrey Mendoza,Karaj,Electronics,Tablet,5,500,2500
8240,2024-10-10,Michael Taylor,Rasht,Sports,Basketball,2,35,70
8241,2025-11-20,Loretta Thomas,Karaj,Electronics,Headphones,2,150,300
8242,2024-02-11,Jeff Murphy,Isfahan,Home Appliances,Washing Machine,5,1500,7500
8243,2025-10-11,Jennifer Leon,Qom,Sports,Tennis Racket,1,180,180
8244,2025-07-01,Tracy Willis,Shiraz,Books,Machine Learning,1,80,80
8245,2024-07-11,Kelly Castro,Tabriz,Home Appliances,Refrigerator,4,1800,7200
8246,2024-05-10,Mary Wilson,Mashhad,Electronics,Laptop,4,1200,4800
8247,2024-09-03,Michelle Fisher,Ahvaz,Books,Clean Code,3,55,165
8248,2025-11-17,Evan Bates,Rasht,Sports,Fitness Band,3,90,270
8249,2024-08-09,Zachary Lopez,Mashhad,Books,Data Science Handbook,5,60,300
8250,2025-09-26,Shannon Kaufman,Shiraz,Books,Python Programming,1,45,45
8251,2025-06-16,Brandi Little,Isfahan,Sports,Running Shoes,4,120,480
8252,2024-06-16,Jennifer Patel,Qom,Home Appliances,Washing Machine,1,1500,1500
8253,2024-07-24,Jacqueline Ward,Tehran,Books,Data Science Handbook,3,60,180
8254,2025-05-28,Nicole Allen,Rasht,Electronics,Headphones,5,150,750
8255,2024-09-07,Brandon Spencer,Tehran,Books,Machine Learning,1,80,80
8256,2025-06-26,Timothy Howard,Ahvaz,Home Appliances,Microwave,2,220,440
8257,2024-09-04,Jonathan Davis,Isfahan,Home Appliances,Washing Machine,1,1500,1500
8258,2025-10-07,Scott Hawkins,Qom,Home Appliances,Refrigerator,5,1800,9000
8259,2025-11-24,Ricardo Carroll,Shiraz,Books,Clean Code,3,55,165
8260,2024-07-23,Tammy Fuentes,Isfahan,Home Appliances,Vacuum Cleaner,3,300,900
8261,2025-06-27,Karen Young,Ahvaz,Home Appliances,Washing Machine,1,1500,1500
8262,2024-06-21,Melissa Oconnor,Karaj,Books,Python Programming,2,45,90
8263,2025-11-15,Judith Taylor,Kermanshah,Sports,Football,1,30,30
8264,2025-12-07,Rodney Aguilar,Ahvaz,Books,Algorithms,2,70,140
8265,2025-06-01,James Barajas,Ahvaz,Home Appliances,Refrigerator,4,1800,7200
8266,2025-10-11,Todd Mcclain,Tehran,Home Appliances,Air Conditioner,4,2000,8000
8267,2024-05-11,Christina Gonzalez,Tehran,Books,Data Science Handbook,1,60,60
8268,2024-02-09,Nicholas White,Shiraz,Sports,Fitness Band,3,90,270
8269,2024-09-03,Theresa Wilson,Qom,Electronics,Laptop,5,1200,6000
8270,2024-12-28,Melvin Griffith,Karaj,Home Appliances,Refrigerator,3,1800,5400
8271,2024-07-22,Travis Lopez,Kermanshah,Sports,Fitness Band,1,90,90
8272,2024-12-14,Jill Pena,Kermanshah,Books,Data Science Handbook,1,60,60
8273,2024-03-31,Sarah Harris,Tehran,Sports,Fitness Band,3,90,270
8274,2024-01-06,Christopher Silva,Kermanshah,Books,Clean Code,1,55,55
8275,2024-05-23,Melissa Hammond,Ahvaz,Books,Python Programming,1,45,45
8276,2024-12-17,Jeffrey Garner,Rasht,Sports,Tennis Racket,3,180,540
8277,2025-03-11,Heather Maddox,Rasht,Sports,Fitness Band,1,90,90
8278,2024-04-12,Bradley Neal,Ahvaz,Books,Clean Code,1,55,55
8279,2024-03-03,Nancy Smith,Isfahan,Sports,Basketball,5,35,175
8280,2025-01-02,Elizabeth Rodriguez,Karaj,Books,Algorithms,1,70,70
8281,2025-06-27,Andrew Adams,Isfahan,Electronics,Laptop,3,1200,3600
8282,2024-02-17,Kathleen Carrillo,Karaj,Books,Data Science Handbook,4,60,240
8283,2025-01-13,Nicole Campbell,Ahvaz,Books,Data Science Handbook,2,60,120
8284,2024-03-31,Susan Kennedy,Tehran,Sports,Tennis Racket,4,180,720
8285,2024-11-27,Erica Stewart,Mashhad,Home Appliances,Vacuum Cleaner,4,300,1200
8286,2024-08-05,Kim Lynch,Mashhad,Sports,Football,1,30,30
8287,2025-11-12,Daniel Ramirez,Qom,Electronics,Headphones,5,150,750
8288,2025-10-24,Shannon Harris,Qom,Home Appliances,Refrigerator,4,1800,7200
8289,2025-06-10,Wayne Smith,Ahvaz,Books,Data Science Handbook,4,60,240
8290,2025-03-22,Drew Martinez,Isfahan,Sports,Running Shoes,3,120,360
8291,2024-09-06,Robert Grimes,Ahvaz,Sports,Football,2,30,60
8292,2024-03-06,Melinda Thompson,Kermanshah,Sports,Football,1,30,30
8293,2024-05-08,Veronica Smith,Qom,Electronics,Laptop,4,1200,4800
8294,2025-11-21,Lucas Walker,Tabriz,Sports,Running Shoes,2,120,240
8295,2025-08-03,Erica Caldwell,Isfahan,Books,Algorithms,2,70,140
8296,2024-09-25,John Leach,Kermanshah,Electronics,Smartphone,3,800,2400
8297,2025-10-27,Rachel Carter,Qom,Books,Data Science Handbook,3,60,180
8298,2025-01-27,Patricia Stark,Rasht,Electronics,Tablet,2,500,1000
8299,2025-05-22,Todd Landry,Kermanshah,Books,Python Programming,4,45,180
8300,2024-01-27,Ryan Williams,Rasht,Books,Python Programming,1,45,45
8301,2025-12-25,Samuel Reed,Tehran,Books,Clean Code,2,55,110
8302,2024-04-25,Virginia Gonzales,Tehran,Books,Python Programming,2,45,90
8303,2024-09-28,Charles Gutierrez,Karaj,Home Appliances,Refrigerator,5,1800,9000
8304,2025-12-14,Matthew Nunez,Tehran,Books,Machine Learning,1,80,80
8305,2024-03-26,Jason Young,Qom,Books,Python Programming,2,45,90
8306,2024-11-29,Francisco Cohen,Ahvaz,Books,Machine Learning,5,80,400
8307,2024-12-12,Christopher Shields,Mashhad,Home Appliances,Refrigerator,1,1800,1800
8308,2024-06-07,Dennis Day,Karaj,Sports,Basketball,4,35,140
8309,2025-03-04,Randall Scott,Qom,Books,Data Science Handbook,4,60,240
8310,2025-06-10,Mary Rogers,Mashhad,Sports,Basketball,4,35,140
8311,2025-07-20,Patricia Owens,Tehran,Sports,Running Shoes,1,120,120
8312,2024-06-14,Rick Mendez,Qom,Books,Data Science Handbook,3,60,180
8313,2025-03-25,Carrie Chapman,Isfahan,Sports,Football,3,30,90
8314,2024-11-05,Kayla Griffin,Kermanshah,Home Appliances,Vacuum Cleaner,3,300,900
8315,2025-10-08,Lorraine Brady,Tehran,Sports,Fitness Band,5,90,450
8316,2024-07-18,Ashley Potter,Isfahan,Electronics,Laptop,5,1200,6000
8317,2025-07-17,Kathleen Patton,Ahvaz,Electronics,Tablet,5,500,2500
8318,2025-05-22,Deborah Miller,Rasht,Sports,Football,4,30,120
8319,2025-04-16,Fred Jones,Ahvaz,Electronics,Headphones,5,150,750
8320,2024-04-12,Robert Ryan,Tehran,Electronics,Smartphone,1,800,800
8321,2024-10-29,Nicole Fleming,Karaj,Sports,Tennis Racket,1,180,180
8322,2025-05-20,Scott Hansen,Mashhad,Home Appliances,Vacuum Cleaner,3,300,900
8323,2024-01-03,Maria Mendoza,Ahvaz,Home Appliances,Refrigerator,4,1800,7200
8324,2024-03-15,Stacey Campbell,Kermanshah,Electronics,Smartphone,2,800,1600
8325,2025-03-09,Sharon Webb,Qom,Electronics,Smart Watch,2,250,500
8326,2025-07-25,James Smith,Qom,Electronics,Tablet,2,500,1000
8327,2024-02-11,Derek Tucker,Rasht,Sports,Fitness Band,1,90,90
8328,2024-09-28,Heather Payne,Isfahan,Home Appliances,Vacuum Cleaner,5,300,1500
8329,2024-11-01,James Kline,Mashhad,Books,Python Programming,5,45,225
8330,2025-06-18,Erin Galloway,Karaj,Home Appliances,Vacuum Cleaner,5,300,1500
8331,2024-06-03,Christopher Evans,Karaj,Home Appliances,Air Conditioner,2,2000,4000
8332,2025-01-18,Wanda Watson,Rasht,Electronics,Tablet,1,500,500
8333,2025-08-26,Jordan Scott,Qom,Sports,Fitness Band,2,90,180
8334,2024-08-07,Steven Hebert,Ahvaz,Sports,Basketball,1,35,35
8335,2025-06-11,Mike Johnson,Kermanshah,Electronics,Headphones,5,150,750
8336,2025-05-16,Katherine Morris,Tehran,Books,Clean Code,4,55,220
8337,2025-08-08,Jacob Flores,Rasht,Electronics,Laptop,5,1200,6000
8338,2025-10-04,Tammie Todd,Rasht,Home Appliances,Refrigerator,3,1800,5400
8339,2024-05-20,Ivan Kelley,Karaj,Sports,Tennis Racket,2,180,360
8340,2025-01-11,William Walton,Qom,Sports,Football,2,30,60
8341,2025-01-02,Heather Young,Kermanshah,Sports,Basketball,3,35,105
8342,2024-08-23,Deborah Scott,Mashhad,Electronics,Smartphone,5,800,4000
8343,2025-09-30,Andrew Coleman,Shiraz,Home Appliances,Microwave,5,220,1100
8344,2024-09-28,Terry Vincent,Ahvaz,Books,Algorithms,3,70,210
8345,2024-01-04,Heather Ross,Isfahan,Books,Python Programming,2,45,90
8346,2025-10-15,Matthew Martin,Isfahan,Books,Data Science Handbook,4,60,240
8347,2024-04-08,David Davis,Shiraz,Books,Data Science Handbook,4,60,240
8348,2024-02-07,Krystal Brown,Ahvaz,Sports,Fitness Band,4,90,360
8349,2024-02-05,Shannon Robinson,Rasht,Books,Data Science Handbook,2,60,120
8350,2024-11-05,Patrick Lawrence,Shiraz,Home Appliances,Vacuum Cleaner,4,300,1200
8351,2024-06-01,Joel Smith,Qom,Sports,Football,2,30,60
8352,2024-08-20,Christian Roberts,Kermanshah,Home Appliances,Refrigerator,1,1800,1800
8353,2024-11-09,Christina Alvarez,Mashhad,Home Appliances,Washing Machine,4,1500,6000
8354,2025-11-08,Jon Welch,Karaj,Sports,Basketball,2,35,70
8355,2025-11-07,Michele Davis,Qom,Sports,Running Shoes,1,120,120
8356,2025-02-17,Jessica Jones,Ahvaz,Electronics,Smartphone,2,800,1600
8357,2025-01-17,Rebecca Key,Isfahan,Sports,Running Shoes,3,120,360
8358,2025-02-20,Kelli Conrad,Qom,Books,Machine Learning,3,80,240
8359,2025-09-23,Joshua Bailey,Qom,Books,Clean Code,1,55,55
8360,2024-09-30,Renee Jones,Kermanshah,Electronics,Smartphone,5,800,4000
8361,2024-12-26,Spencer Singleton,Karaj,Sports,Tennis Racket,3,180,540
8362,2024-06-29,Dr. Christopher Phillips,Mashhad,Books,Algorithms,2,70,140
8363,2024-02-18,Jessica Delgado,Shiraz,Books,Python Programming,3,45,135
8364,2024-03-15,Joshua Rodriguez,Kermanshah,Home Appliances,Washing Machine,4,1500,6000
8365,2024-09-12,Sarah Howe,Isfahan,Electronics,Tablet,1,500,500
8366,2025-01-19,Jasmine Gardner,Mashhad,Electronics,Headphones,3,150,450
8367,2025-12-04,Matthew Dalton,Tehran,Electronics,Headphones,3,150,450
8368,2024-06-13,Denise Watkins,Tehran,Electronics,Tablet,2,500,1000
8369,2025-06-13,Timothy Ferrell,Qom,Electronics,Smart Watch,5,250,1250
8370,2024-04-11,Sandra Smith,Tabriz,Electronics,Tablet,3,500,1500
8371,2024-04-01,William Owens,Isfahan,Books,Data Science Handbook,4,60,240
8372,2024-11-03,Justin Bates,Ahvaz,Electronics,Smartphone,2,800,1600
8373,2025-09-30,Christopher Rivera,Rasht,Books,Machine Learning,5,80,400
8374,2025-03-18,Steven Silva,Tabriz,Electronics,Smartphone,1,800,800
8375,2025-10-02,Amy Warren,Tabriz,Books,Python Programming,1,45,45
8376,2024-03-25,Jodi Clark,Isfahan,Electronics,Headphones,1,150,150
8377,2024-01-19,Dawn Perry,Isfahan,Sports,Running Shoes,4,120,480
8378,2025-05-14,Phillip Ward,Karaj,Books,Data Science Handbook,2,60,120
8379,2024-04-24,Matthew Burton,Ahvaz,Electronics,Tablet,5,500,2500
8380,2025-02-23,Todd Johnson,Tabriz,Books,Data Science Handbook,4,60,240
8381,2024-06-13,Carl Ortega,Tabriz,Home Appliances,Air Conditioner,5,2000,10000
8382,2024-05-05,Ms. Gloria Barton,Tabriz,Home Appliances,Washing Machine,2,1500,3000
8383,2025-07-13,Edward Campos,Isfahan,Electronics,Smart Watch,4,250,1000
8384,2024-10-31,Ryan Fisher,Kermanshah,Books,Clean Code,1,55,55
8385,2024-11-19,Charles White,Kermanshah,Home Appliances,Microwave,3,220,660
8386,2024-04-02,Kathryn Cordova,Rasht,Books,Data Science Handbook,1,60,60
8387,2025-06-19,Erin Williams,Tabriz,Home Appliances,Refrigerator,4,1800,7200
8388,2024-03-10,Danielle Mcgee,Rasht,Books,Machine Learning,5,80,400
8389,2024-03-15,Dr. Virginia Martin,Tehran,Books,Clean Code,1,55,55
8390,2025-09-18,Bill Bryant,Shiraz,Sports,Fitness Band,2,90,180
8391,2024-01-02,Matthew Roberts,Ahvaz,Books,Algorithms,5,70,350
8392,2025-09-11,Claudia Lewis,Karaj,Home Appliances,Microwave,4,220,880
8393,2025-01-03,Natalie Campbell,Tehran,Home Appliances,Refrigerator,4,1800,7200
8394,2025-04-03,Richard Terrell,Tabriz,Home Appliances,Vacuum Cleaner,4,300,1200
8395,2025-03-12,Lawrence Miller,Kermanshah,Sports,Tennis Racket,1,180,180
8396,2025-01-04,Natalie Reeves,Tabriz,Books,Clean Code,5,55,275
8397,2025-03-01,Ashley Reed,Mashhad,Sports,Running Shoes,3,120,360
8398,2024-04-10,Savannah Davis,Karaj,Sports,Tennis Racket,1,180,180
8399,2025-03-10,Cory Marquez,Tabriz,Books,Data Science Handbook,1,60,60
8400,2025-07-26,Shannon Booker,Qom,Sports,Running Shoes,4,120,480
8401,2025-07-13,Ronald Dixon,Rasht,Sports,Tennis Racket,5,180,900
8402,2024-05-13,Scott Alvarado,Rasht,Books,Clean Code,4,55,220
8403,2024-09-06,Timothy Santana,Mashhad,Home Appliances,Air Conditioner,5,2000,10000
8404,2024-05-22,John Steele,Qom,Electronics,Smart Watch,2,250,500
8405,2024-01-16,Destiny Turner,Kermanshah,Sports,Running Shoes,1,120,120
8406,2024-08-13,Michael Rogers,Mashhad,Sports,Basketball,3,35,105
8407,2024-12-31,James Spencer,Kermanshah,Books,Machine Learning,2,80,160
8408,2025-01-25,Brett Haley,Kermanshah,Electronics,Smart Watch,5,250,1250
8409,2025-05-23,Stephanie Wright,Kermanshah,Sports,Basketball,3,35,105
8410,2024-06-23,Janice Cortez,Mashhad,Electronics,Smart Watch,1,250,250
8411,2025-07-29,Shane Robinson,Kermanshah,Sports,Basketball,2,35,70
8412,2024-11-03,David Howard,Kermanshah,Books,Python Programming,2,45,90
8413,2024-06-03,Cameron Acosta,Mashhad,Home Appliances,Microwave,4,220,880
8414,2025-11-20,Jennifer Johnson,Tabriz,Books,Algorithms,1,70,70
8415,2024-08-24,Jason Bush,Rasht,Books,Python Programming,3,45,135
8416,2025-09-01,Kevin Jones,Shiraz,Books,Machine Learning,3,80,240
8417,2024-03-25,Erica Macias,Tabriz,Sports,Tennis Racket,2,180,360
8418,2025-05-31,Jeffery Lowery,Shiraz,Sports,Football,4,30,120
8419,2024-04-04,Jacob Romero,Shiraz,Electronics,Laptop,4,1200,4800
8420,2025-10-23,Karen Walker,Rasht,Electronics,Smart Watch,2,250,500
8421,2025-02-10,Kent Jones III,Karaj,Electronics,Tablet,5,500,2500
8422,2025-03-07,Mary Hancock,Rasht,Electronics,Smart Watch,3,250,750
8423,2024-03-28,Sarah Krueger,Shiraz,Sports,Football,5,30,150
8424,2025-02-27,Amy Lopez,Ahvaz,Sports,Football,1,30,30
8425,2024-03-13,Julia Bailey,Kermanshah,Sports,Football,1,30,30
8426,2025-12-09,Jason Keller,Karaj,Electronics,Laptop,2,1200,2400
8427,2025-11-02,Jacob Burke,Isfahan,Sports,Running Shoes,2,120,240
8428,2024-05-25,Mark Ray,Shiraz,Home Appliances,Air Conditioner,1,2000,2000
8429,2025-01-18,Bradley Gomez,Shiraz,Electronics,Laptop,1,1200,1200
8430,2024-11-25,Angela Wright,Kermanshah,Electronics,Tablet,4,500,2000
8431,2024-01-20,Christy Barry,Mashhad,Home Appliances,Refrigerator,3,1800,5400
8432,2025-03-10,Abigail Curry,Tehran,Books,Python Programming,5,45,225
8433,2024-01-12,Regina Medina,Karaj,Home Appliances,Vacuum Cleaner,4,300,1200
8434,2024-05-14,Stephanie Bailey,Qom,Sports,Football,2,30,60
8435,2025-12-12,Jennifer Kemp,Kermanshah,Sports,Tennis Racket,1,180,180
8436,2024-02-26,Samuel Weber,Isfahan,Electronics,Smartphone,3,800,2400
8437,2024-09-28,Daniel Hardin,Tehran,Electronics,Tablet,5,500,2500
8438,2025-08-18,Trevor Obrien,Qom,Electronics,Smart Watch,2,250,500
8439,2024-03-27,Luis Tanner,Shiraz,Home Appliances,Microwave,2,220,440
8440,2024-08-03,Bryan Lowe,Isfahan,Sports,Tennis Racket,2,180,360
8441,2025-02-17,Madison Long,Rasht,Home Appliances,Air Conditioner,5,2000,10000
8442,2025-11-25,Harry Myers,Kermanshah,Electronics,Tablet,4,500,2000
8443,2025-06-30,Jeffery Elliott,Tabriz,Home Appliances,Microwave,2,220,440
8444,2024-03-10,Steve Abbott,Tehran,Electronics,Headphones,5,150,750
8445,2025-02-07,Charles Wright,Rasht,Books,Algorithms,5,70,350
8446,2024-08-31,William Coleman,Isfahan,Home Appliances,Washing Machine,4,1500,6000
8447,2024-12-27,Kayla Stanley,Rasht,Sports,Running Shoes,1,120,120
8448,2024-10-29,Felicia Cochran,Ahvaz,Books,Machine Learning,5,80,400
8449,2024-04-22,Joann Smith,Qom,Home Appliances,Air Conditioner,4,2000,8000
8450,2025-05-19,Anne Becker,Tabriz,Books,Clean Code,1,55,55
8451,2025-03-23,Matthew Irwin,Tabriz,Electronics,Smartphone,4,800,3200
8452,2025-11-02,James Whitney,Mashhad,Books,Data Science Handbook,4,60,240
8453,2024-09-15,Anthony Brown,Shiraz,Books,Python Programming,2,45,90
8454,2025-07-30,Patrick Mcconnell,Ahvaz,Books,Machine Learning,3,80,240
8455,2024-10-20,Julia Rojas,Tabriz,Sports,Tennis Racket,2,180,360
8456,2024-11-13,Amanda Williams,Isfahan,Sports,Tennis Racket,4,180,720
8457,2024-09-13,Justin Frank,Tabriz,Sports,Fitness Band,5,90,450
8458,2024-11-11,Robert Ortiz,Ahvaz,Sports,Fitness Band,1,90,90
8459,2024-12-26,Johnathan Hernandez,Mashhad,Home Appliances,Air Conditioner,5,2000,10000
8460,2024-01-09,Joshua Hawkins,Ahvaz,Sports,Running Shoes,2,120,240
8461,2024-01-18,Mariah Richardson,Qom,Books,Clean Code,4,55,220
8462,2024-07-22,Anthony Fox,Tehran,Electronics,Tablet,2,500,1000
8463,2024-10-09,Monica Flores,Qom,Books,Clean Code,4,55,220
8464,2024-12-14,Joseph Hartman,Shiraz,Books,Python Programming,1,45,45
8465,2025-04-05,Edward Allen Jr.,Ahvaz,Books,Algorithms,5,70,350
8466,2025-11-11,William Brown,Rasht,Books,Algorithms,4,70,280
8467,2025-07-04,Michael Robinson,Isfahan,Electronics,Smartphone,2,800,1600
8468,2025-02-11,Julie Moore,Isfahan,Books,Clean Code,3,55,165
8469,2025-05-30,Janet Johnson,Shiraz,Sports,Basketball,2,35,70
8470,2024-08-07,Ryan Johnson,Rasht,Home Appliances,Refrigerator,4,1800,7200
8471,2024-09-01,Jennifer Gregory,Mashhad,Electronics,Smartphone,3,800,2400
8472,2024-11-30,Joe Ross,Shiraz,Sports,Basketball,1,35,35
8473,2025-07-20,Michael Wright,Kermanshah,Electronics,Laptop,4,1200,4800
8474,2024-09-15,Lindsey Jackson,Isfahan,Sports,Tennis Racket,2,180,360
8475,2024-08-12,Jason Torres,Shiraz,Books,Algorithms,4,70,280
8476,2025-11-01,Jorge Sellers,Karaj,Sports,Tennis Racket,3,180,540
8477,2024-07-09,Wendy Hayden,Tabriz,Sports,Football,2,30,60
8478,2024-06-18,Terry Hampton,Kermanshah,Home Appliances,Vacuum Cleaner,3,300,900
8479,2025-02-11,Cory Wallace,Kermanshah,Electronics,Smart Watch,4,250,1000
8480,2024-10-29,Kristen Leonard,Karaj,Electronics,Tablet,5,500,2500
8481,2025-11-13,David Garcia,Tabriz,Home Appliances,Refrigerator,2,1800,3600
8482,2024-08-04,Mark Smith,Mashhad,Sports,Basketball,2,35,70
8483,2025-01-22,Stephanie Carpenter,Rasht,Electronics,Headphones,3,150,450
8484,2024-08-03,Courtney Daniel,Mashhad,Sports,Running Shoes,4,120,480
8485,2024-01-21,Lacey Johnson,Shiraz,Sports,Football,3,30,90
8486,2025-10-24,Sandra Wells,Tehran,Books,Python Programming,4,45,180
8487,2024-05-22,Anna Anderson,Kermanshah,Books,Python Programming,4,45,180
8488,2024-07-28,Marissa Mcknight,Qom,Home Appliances,Refrigerator,2,1800,3600
8489,2024-01-13,Nancy Fisher,Qom,Electronics,Tablet,4,500,2000
8490,2024-03-31,Kevin Prince,Tabriz,Sports,Running Shoes,3,120,360
8491,2025-04-18,Jacob Stevens,Shiraz,Sports,Tennis Racket,2,180,360
8492,2025-12-06,Anna Sosa,Shiraz,Home Appliances,Vacuum Cleaner,5,300,1500
8493,2024-01-29,Mark Chavez,Tabriz,Electronics,Laptop,4,1200,4800
8494,2025-10-01,April Lawrence,Mashhad,Books,Data Science Handbook,2,60,120
8495,2025-07-13,Jill Adams,Rasht,Home Appliances,Microwave,1,220,220
8496,2025-04-20,Cheryl Vaughn,Qom,Sports,Basketball,4,35,140
8497,2025-05-29,Elizabeth King,Kermanshah,Sports,Running Shoes,1,120,120
8498,2025-10-08,Lisa Romero,Ahvaz,Electronics,Smart Watch,5,250,1250
8499,2025-11-06,Paul Vargas,Tabriz,Home Appliances,Air Conditioner,2,2000,4000
8500,2024-02-25,Eric Elliott,Ahvaz,Books,Clean Code,4,55,220
8501,2024-06-12,Johnny Miller,Mashhad,Sports,Tennis Racket,2,180,360
8502,2025-12-03,Thomas Sutton,Tehran,Electronics,Headphones,4,150,600
8503,2025-12-30,Joshua Mckinney,Tehran,Home Appliances,Washing Machine,2,1500,3000
8504,2024-07-05,Kyle Brown,Tehran,Electronics,Headphones,5,150,750
8505,2024-06-03,Shannon Watkins,Isfahan,Sports,Fitness Band,3,90,270
8506,2025-10-17,Timothy Pierce,Karaj,Electronics,Tablet,5,500,2500
8507,2025-05-08,Kelly Lopez,Shiraz,Sports,Tennis Racket,1,180,180
8508,2024-12-06,Benjamin Williams,Rasht,Electronics,Tablet,3,500,1500
8509,2025-11-26,Jason Cochran,Tabriz,Books,Algorithms,3,70,210
8510,2024-09-05,Jessica Smith,Rasht,Home Appliances,Washing Machine,5,1500,7500
8511,2024-02-16,Derek Moss,Tehran,Home Appliances,Microwave,4,220,880
8512,2024-11-09,Michelle Davis,Isfahan,Home Appliances,Washing Machine,5,1500,7500
8513,2025-11-19,Christopher Odonnell,Qom,Home Appliances,Refrigerator,2,1800,3600
8514,2025-05-07,Shelia Smith,Karaj,Electronics,Laptop,5,1200,6000
8515,2025-04-24,Jennifer Wright,Tabriz,Books,Clean Code,3,55,165
8516,2024-07-17,Mark Moss,Karaj,Sports,Tennis Racket,1,180,180
8517,2024-08-09,Billy Reeves,Isfahan,Home Appliances,Air Conditioner,5,2000,10000
8518,2025-05-22,Michael Francis,Karaj,Sports,Running Shoes,2,120,240
8519,2024-07-11,Leslie Jones,Shiraz,Sports,Fitness Band,2,90,180
8520,2025-12-13,Brianna Parker,Rasht,Books,Algorithms,5,70,350
8521,2025-06-11,Gerald Wilson,Shiraz,Electronics,Laptop,1,1200,1200
8522,2024-07-04,Theodore Welch,Tabriz,Home Appliances,Refrigerator,3,1800,5400
8523,2025-02-18,Monica Jackson,Mashhad,Home Appliances,Washing Machine,4,1500,6000
8524,2024-08-19,Nancy Cruz,Shiraz,Sports,Tennis Racket,5,180,900
8525,2024-09-29,Marc Palmer,Tehran,Electronics,Smartphone,5,800,4000
8526,2024-03-29,Susan Buck,Mashhad,Sports,Football,3,30,90
8527,2024-07-11,Karen Williams,Ahvaz,Electronics,Laptop,3,1200,3600
8528,2024-05-17,Mario Hammond,Karaj,Books,Data Science Handbook,4,60,240
8529,2025-12-25,Jason Wright,Qom,Home Appliances,Washing Machine,1,1500,1500
8530,2025-12-21,Crystal Jacobs,Qom,Books,Machine Learning,1,80,80
8531,2025-12-06,Rebecca Hernandez DDS,Shiraz,Electronics,Tablet,2,500,1000
8532,2025-01-11,David Beck,Tabriz,Books,Python Programming,5,45,225
8533,2024-10-07,John Tucker,Shiraz,Electronics,Laptop,2,1200,2400
8534,2024-09-24,Allison Wilkins,Ahvaz,Home Appliances,Washing Machine,5,1500,7500
8535,2024-01-27,Dalton Hodges,Karaj,Electronics,Tablet,2,500,1000
8536,2024-08-01,Alexander Benjamin,Rasht,Electronics,Smart Watch,4,250,1000
8537,2024-05-25,Jack Jarvis,Kermanshah,Electronics,Smart Watch,3,250,750
8538,2025-01-26,Tammy Perry,Tabriz,Sports,Basketball,5,35,175
8539,2024-08-15,Nicholas Green,Tabriz,Sports,Basketball,2,35,70
8540,2024-05-05,Timothy Hull,Ahvaz,Home Appliances,Refrigerator,3,1800,5400
8541,2024-05-06,Kelly Davis,Isfahan,Electronics,Smart Watch,2,250,500
8542,2025-05-29,William Hernandez,Karaj,Home Appliances,Microwave,3,220,660
8543,2024-08-04,John Stuart,Karaj,Sports,Running Shoes,4,120,480
8544,2025-10-15,James Ross,Kermanshah,Electronics,Headphones,2,150,300
8545,2025-09-03,Jeremiah Young MD,Ahvaz,Home Appliances,Microwave,3,220,660
8546,2025-10-21,Lauren Harrison,Qom,Electronics,Smart Watch,3,250,750
8547,2024-12-23,Jade Bond,Shiraz,Electronics,Smart Watch,5,250,1250
8548,2024-03-15,Mark Vasquez,Ahvaz,Home Appliances,Refrigerator,4,1800,7200
8549,2024-05-16,Rebecca Rodriguez,Isfahan,Electronics,Laptop,4,1200,4800
8550,2025-02-08,Kevin Kaufman,Rasht,Sports,Football,5,30,150
8551,2025-07-01,James Dixon,Qom,Home Appliances,Washing Machine,1,1500,1500
8552,2025-08-12,Bryan Hart,Tehran,Books,Algorithms,2,70,140
8553,2025-01-08,Nathan Morris MD,Tabriz,Electronics,Smart Watch,3,250,750
8554,2025-01-25,Gina Tran,Tehran,Home Appliances,Vacuum Cleaner,4,300,1200
8555,2024-01-04,Dustin Gilbert,Ahvaz,Home Appliances,Washing Machine,5,1500,7500
8556,2024-12-30,Donna Jones,Kermanshah,Sports,Tennis Racket,2,180,360
8557,2025-08-10,Kimberly Miranda,Tabriz,Electronics,Laptop,5,1200,6000
8558,2024-04-25,Isaiah Lynch,Tabriz,Sports,Fitness Band,4,90,360
8559,2025-12-12,Victoria House,Tehran,Home Appliances,Washing Machine,4,1500,6000
8560,2025-12-07,Jesse Smith,Rasht,Sports,Fitness Band,4,90,360
8561,2024-05-16,Martin Torres,Shiraz,Home Appliances,Refrigerator,3,1800,5400
8562,2024-01-17,Danielle Martinez,Tehran,Sports,Football,1,30,30
8563,2024-07-14,Eric Miller,Isfahan,Home Appliances,Washing Machine,1,1500,1500
8564,2025-01-09,Adrian Middleton,Tehran,Books,Data Science Handbook,3,60,180
8565,2025-12-22,Nicole King,Shiraz,Books,Clean Code,1,55,55
8566,2024-04-26,Jennifer Wells,Mashhad,Books,Data Science Handbook,3,60,180
8567,2024-01-02,Andrew Burgess,Mashhad,Electronics,Smartphone,4,800,3200
8568,2024-11-29,Megan Robinson,Karaj,Books,Data Science Handbook,1,60,60
8569,2025-07-18,Thomas Lopez,Kermanshah,Electronics,Tablet,5,500,2500
8570,2025-08-03,Patrick Webster,Isfahan,Sports,Tennis Racket,2,180,360
8571,2024-11-21,Austin Shields,Karaj,Home Appliances,Refrigerator,1,1800,1800
8572,2024-06-12,Julie Thomas,Shiraz,Electronics,Smartphone,4,800,3200
8573,2024-04-30,Wendy Lyons,Rasht,Electronics,Smartphone,3,800,2400
8574,2025-07-27,Bernard Alvarez,Tabriz,Home Appliances,Refrigerator,4,1800,7200
8575,2024-06-04,Michael Dorsey,Tehran,Books,Data Science Handbook,2,60,120
8576,2025-02-25,Isabel Johnson,Rasht,Sports,Running Shoes,5,120,600
8577,2024-09-23,Jonathan Williams,Shiraz,Sports,Fitness Band,3,90,270
8578,2025-06-10,Richard Manning,Qom,Sports,Tennis Racket,3,180,540
8579,2025-06-21,Amy Ross,Qom,Sports,Tennis Racket,3,180,540
8580,2025-12-26,Robert French,Tehran,Sports,Fitness Band,1,90,90
8581,2024-10-03,Mr. Christian Howell DVM,Rasht,Electronics,Headphones,2,150,300
8582,2024-08-24,Blake Le,Kermanshah,Electronics,Tablet,1,500,500
8583,2024-03-07,Samantha Pena,Ahvaz,Sports,Football,4,30,120
8584,2025-10-26,Christopher Murray,Kermanshah,Books,Data Science Handbook,2,60,120
8585,2024-06-30,Christine Thomas,Ahvaz,Electronics,Smart Watch,5,250,1250
8586,2024-01-26,Amy Bishop,Tabriz,Books,Algorithms,4,70,280
8587,2024-08-28,Robert Gomez,Karaj,Sports,Tennis Racket,4,180,720
8588,2024-07-04,Rebecca Cox,Rasht,Home Appliances,Washing Machine,3,1500,4500
8589,2025-06-01,Brandy Hanson,Kermanshah,Books,Algorithms,1,70,70
8590,2025-04-20,Philip Rivera,Mashhad,Sports,Running Shoes,2,120,240
8591,2024-03-15,Dylan Douglas,Rasht,Home Appliances,Vacuum Cleaner,3,300,900
8592,2025-08-26,Joseph Adams,Tabriz,Sports,Football,2,30,60
8593,2024-09-15,Brandon Jones,Mashhad,Sports,Football,1,30,30
8594,2025-03-24,Anthony Thompson,Ahvaz,Books,Python Programming,1,45,45
8595,2025-12-08,Tamara Joyce,Rasht,Home Appliances,Washing Machine,3,1500,4500
8596,2024-06-16,Leslie Anderson,Karaj,Electronics,Smart Watch,3,250,750
8597,2025-10-30,Mary Crawford,Shiraz,Books,Algorithms,2,70,140
8598,2025-08-30,Anna Clark,Tabriz,Home Appliances,Air Conditioner,4,2000,8000
8599,2024-10-11,Caroline Austin,Mashhad,Electronics,Headphones,3,150,450
8600,2025-01-05,Lauren Peterson,Tehran,Electronics,Laptop,2,1200,2400
8601,2024-08-20,Louis Edwards,Isfahan,Home Appliances,Microwave,1,220,220
8602,2024-01-22,Robert Briggs,Ahvaz,Electronics,Smart Watch,4,250,1000
8603,2025-11-18,Matthew Anderson,Karaj,Books,Clean Code,4,55,220
8604,2024-09-23,Matthew Mclaughlin,Shiraz,Electronics,Laptop,1,1200,1200
8605,2025-05-25,Diane Vasquez,Isfahan,Books,Algorithms,3,70,210
8606,2025-10-13,Paul Miller,Kermanshah,Home Appliances,Microwave,2,220,440
8607,2024-08-09,Kenneth Sullivan,Isfahan,Electronics,Smart Watch,3,250,750
8608,2025-01-19,Alexander Gonzalez,Rasht,Home Appliances,Washing Machine,5,1500,7500
8609,2025-05-26,Amanda Rivera,Kermanshah,Books,Python Programming,2,45,90
8610,2025-03-14,Michelle Murray,Qom,Books,Data Science Handbook,2,60,120
8611,2024-09-08,Erin Silva,Tehran,Electronics,Laptop,2,1200,2400
8612,2024-11-06,Shannon White,Tehran,Home Appliances,Refrigerator,5,1800,9000
8613,2025-09-04,David Smith,Mashhad,Electronics,Tablet,4,500,2000
8614,2024-01-10,Stephanie Washington,Isfahan,Sports,Running Shoes,1,120,120
8615,2025-07-20,Robert Grant,Qom,Electronics,Laptop,5,1200,6000
8616,2025-10-21,Maria Villa,Tehran,Home Appliances,Microwave,2,220,440
8617,2024-07-10,Cynthia Dawson,Isfahan,Home Appliances,Washing Machine,3,1500,4500
8618,2024-10-21,Lance Young,Karaj,Electronics,Headphones,1,150,150
8619,2024-02-04,Daniel Mcmillan,Isfahan,Books,Machine Learning,3,80,240
8620,2025-04-27,Dalton Rogers,Tehran,Sports,Football,1,30,30
8621,2024-09-01,William Wallace,Karaj,Books,Machine Learning,1,80,80
8622,2025-12-03,Jordan Jones,Kermanshah,Sports,Tennis Racket,1,180,180
8623,2024-09-03,Gary Davis,Rasht,Sports,Running Shoes,2,120,240
8624,2025-07-22,Miranda Hill,Karaj,Sports,Football,1,30,30
8625,2024-11-20,Wendy Stanton,Tehran,Sports,Football,3,30,90
8626,2024-10-10,Casey Pitts,Mashhad,Books,Clean Code,5,55,275
8627,2024-10-05,Joshua Goodman,Rasht,Home Appliances,Vacuum Cleaner,2,300,600
8628,2025-11-06,Carla Herrera,Qom,Home Appliances,Vacuum Cleaner,2,300,600
8629,2024-09-06,Stephen Aguilar,Karaj,Electronics,Tablet,1,500,500
8630,2024-04-10,Wesley Clark,Isfahan,Electronics,Headphones,3,150,450
8631,2025-08-05,Michelle Boone,Qom,Sports,Fitness Band,4,90,360
8632,2025-11-26,Margaret Cohen,Tehran,Electronics,Laptop,2,1200,2400
8633,2025-06-05,Todd Krueger,Mashhad,Sports,Basketball,3,35,105
8634,2025-09-26,Sheila Hernandez,Shiraz,Electronics,Laptop,4,1200,4800
8635,2025-07-21,Morgan Waters,Tabriz,Sports,Basketball,2,35,70
8636,2025-02-05,Alan Rogers,Shiraz,Electronics,Smart Watch,1,250,250
8637,2024-02-02,Nancy Anderson,Mashhad,Electronics,Headphones,1,150,150
8638,2025-01-16,Mr. Robert Wilson,Ahvaz,Sports,Fitness Band,1,90,90
8639,2025-08-30,Alexander Austin,Kermanshah,Home Appliances,Refrigerator,2,1800,3600
8640,2024-11-02,Tanya Cole,Rasht,Home Appliances,Refrigerator,2,1800,3600
8641,2024-08-14,Carl Pena,Qom,Sports,Basketball,1,35,35
8642,2024-12-20,Ryan Summers,Rasht,Books,Python Programming,5,45,225
8643,2024-03-10,Nathan Mccoy,Qom,Sports,Football,1,30,30
8644,2025-09-18,Scott Shelton,Kermanshah,Electronics,Tablet,1,500,500
8645,2024-05-03,Ann Schaefer,Ahvaz,Books,Python Programming,1,45,45
8646,2025-10-26,William Holland,Tehran,Home Appliances,Vacuum Cleaner,5,300,1500
8647,2024-12-06,Renee Harvey,Qom,Electronics,Laptop,2,1200,2400
8648,2025-03-06,Nicholas Banks,Shiraz,Electronics,Tablet,3,500,1500
8649,2024-10-08,Margaret Cline,Ahvaz,Books,Data Science Handbook,2,60,120
8650,2024-04-06,Julie Harris,Shiraz,Electronics,Smart Watch,4,250,1000
8651,2025-02-05,Andrew Meyer,Isfahan,Home Appliances,Refrigerator,2,1800,3600
8652,2024-09-16,Sheila Moody,Shiraz,Books,Machine Learning,1,80,80
8653,2025-12-11,Steven Gonzalez,Rasht,Electronics,Smart Watch,3,250,750
8654,2024-03-20,Carrie Castillo,Karaj,Home Appliances,Vacuum Cleaner,4,300,1200
8655,2025-01-18,Gregory Ramirez,Rasht,Home Appliances,Microwave,3,220,660
8656,2024-09-02,Gregory Quinn,Qom,Sports,Basketball,4,35,140
8657,2024-04-28,David Bautista,Isfahan,Books,Algorithms,5,70,350
8658,2025-10-30,Tamara Ramsey,Shiraz,Sports,Fitness Band,4,90,360
8659,2025-03-11,Kathryn Montgomery,Isfahan,Electronics,Headphones,1,150,150
8660,2025-11-23,Mary Warren,Tehran,Home Appliances,Washing Machine,3,1500,4500
8661,2025-06-24,Amy Keller,Qom,Sports,Running Shoes,2,120,240
8662,2025-02-24,Elizabeth Martinez,Rasht,Sports,Running Shoes,5,120,600
8663,2024-04-30,Jennifer Perez,Mashhad,Home Appliances,Microwave,4,220,880
8664,2025-03-16,Walter Maxwell,Tehran,Home Appliances,Microwave,5,220,1100
8665,2025-01-28,Jon Powell,Tehran,Home Appliances,Washing Machine,1,1500,1500
8666,2024-10-07,Faith Barrett,Mashhad,Books,Data Science Handbook,1,60,60
8667,2024-08-09,Bryan Smith,Isfahan,Home Appliances,Vacuum Cleaner,4,300,1200
8668,2025-05-01,Kenneth Rodriguez,Isfahan,Home Appliances,Vacuum Cleaner,2,300,600
8669,2024-09-07,Kristin Johnson,Ahvaz,Home Appliances,Vacuum Cleaner,2,300,600
8670,2025-11-25,Darrell Villarreal,Karaj,Home Appliances,Washing Machine,2,1500,3000
8671,2025-11-29,Ms. Connie Townsend,Karaj,Sports,Fitness Band,2,90,180
8672,2025-04-28,Alan Mack,Isfahan,Books,Machine Learning,5,80,400
8673,2024-02-28,Jeffery Miranda,Mashhad,Books,Python Programming,1,45,45
8674,2025-06-26,Rhonda Wilson,Tehran,Electronics,Headphones,2,150,300
8675,2025-03-06,Mary Lopez,Shiraz,Home Appliances,Microwave,5,220,1100
8676,2024-11-16,Danielle Colon,Isfahan,Sports,Running Shoes,5,120,600
8677,2024-05-28,John Gray,Ahvaz,Electronics,Tablet,5,500,2500
8678,2025-09-23,Guy Ross,Ahvaz,Books,Algorithms,5,70,350
8679,2025-08-26,Rebecca Martin,Rasht,Books,Data Science Handbook,1,60,60
8680,2024-06-17,Rhonda Savage,Mashhad,Electronics,Laptop,5,1200,6000
8681,2024-09-03,Jennifer Adams,Tehran,Home Appliances,Microwave,4,220,880
8682,2024-10-08,Stephanie Sanchez,Mashhad,Books,Clean Code,4,55,220
8683,2024-04-29,Zachary Dodson,Tabriz,Books,Clean Code,2,55,110
8684,2025-07-07,Susan Church,Tabriz,Electronics,Smart Watch,2,250,500
8685,2025-07-23,Tabitha Hogan,Mashhad,Electronics,Smartphone,5,800,4000
8686,2025-09-06,Jerry Friedman,Ahvaz,Home Appliances,Vacuum Cleaner,1,300,300
8687,2024-09-21,Martha Matthews,Isfahan,Sports,Tennis Racket,4,180,720
8688,2025-01-27,Ronald Hunt,Tabriz,Electronics,Smart Watch,5,250,1250
8689,2024-06-07,Christopher Kelly,Shiraz,Sports,Fitness Band,5,90,450
8690,2025-09-22,Vanessa Daniel,Qom,Home Appliances,Washing Machine,1,1500,1500
8691,2025-01-25,Aaron Ware,Shiraz,Books,Algorithms,2,70,140
8692,2024-01-19,Mark Terrell,Qom,Books,Python Programming,2,45,90
8693,2025-11-28,Meagan Frazier,Qom,Electronics,Laptop,3,1200,3600
8694,2025-11-24,Nichole Myers,Rasht,Sports,Tennis Racket,4,180,720
8695,2025-10-27,Natasha Diaz,Tabriz,Home Appliances,Microwave,1,220,220
8696,2024-06-01,Kevin Mcdonald,Shiraz,Home Appliances,Microwave,1,220,220
8697,2024-10-01,Peter Alexander,Kermanshah,Books,Algorithms,2,70,140
8698,2025-12-16,John Rogers,Kermanshah,Books,Clean Code,1,55,55
8699,2024-11-17,Michael Gardner,Tehran,Electronics,Laptop,4,1200,4800
8700,2024-01-09,Kenneth Lewis,Tehran,Home Appliances,Refrigerator,5,1800,9000
8701,2024-12-01,Thomas Reed,Ahvaz,Electronics,Smartphone,2,800,1600
8702,2025-08-24,Colton Cruz,Ahvaz,Electronics,Smart Watch,1,250,250
8703,2024-11-07,Rhonda Diaz,Kermanshah,Sports,Basketball,5,35,175
8704,2024-12-18,Maria Larson,Isfahan,Books,Machine Learning,3,80,240
8705,2024-05-13,Megan Cabrera,Ahvaz,Books,Machine Learning,1,80,80
8706,2024-06-14,Michelle Esparza,Isfahan,Electronics,Smartphone,1,800,800
8707,2025-07-27,Cheyenne Short,Tehran,Books,Machine Learning,5,80,400
8708,2025-07-23,Mark Bailey,Kermanshah,Books,Clean Code,3,55,165
8709,2025-04-19,Casey Perkins,Ahvaz,Sports,Football,4,30,120
8710,2025-12-08,Alexander Castaneda,Tehran,Electronics,Laptop,4,1200,4800
8711,2025-04-18,Christopher Calhoun,Kermanshah,Home Appliances,Washing Machine,1,1500,1500
8712,2025-07-09,David Barnes,Shiraz,Electronics,Tablet,3,500,1500
8713,2025-10-09,Barbara Blake,Isfahan,Books,Data Science Handbook,5,60,300
8714,2025-12-30,Dalton Ward,Tehran,Sports,Football,3,30,90
8715,2025-01-09,Rebecca Johnson,Ahvaz,Home Appliances,Air Conditioner,4,2000,8000
8716,2025-01-02,Timothy Roy,Karaj,Sports,Basketball,1,35,35
8717,2024-11-10,Charles Adams,Qom,Home Appliances,Air Conditioner,3,2000,6000
8718,2024-09-07,Diane Henderson,Rasht,Sports,Basketball,1,35,35
8719,2024-06-10,Stephen Farley,Shiraz,Books,Clean Code,1,55,55
8720,2025-04-02,Bobby Wheeler,Shiraz,Home Appliances,Vacuum Cleaner,1,300,300
8721,2025-12-25,Stephanie Schmitt,Mashhad,Electronics,Tablet,5,500,2500
8722,2024-04-09,Donna Rose,Shiraz,Home Appliances,Microwave,3,220,660
8723,2025-04-11,Dylan Flores,Shiraz,Electronics,Smart Watch,3,250,750
8724,2024-07-02,Tina Clay,Ahvaz,Electronics,Smart Watch,3,250,750
8725,2025-03-22,Lori Hale,Isfahan,Books,Clean Code,2,55,110
8726,2024-11-14,Barbara Rose,Shiraz,Books,Algorithms,5,70,350
8727,2025-05-31,Alicia Lin,Isfahan,Electronics,Tablet,4,500,2000
8728,2025-06-28,Alan Bush,Rasht,Sports,Basketball,2,35,70
8729,2024-06-17,Dana Gordon,Tehran,Books,Clean Code,1,55,55
8730,2024-02-24,Ryan Walker IV,Mashhad,Sports,Running Shoes,4,120,480
8731,2025-07-10,Jocelyn Barton,Ahvaz,Books,Algorithms,3,70,210
8732,2024-12-10,Jesse Kennedy,Tehran,Home Appliances,Microwave,4,220,880
8733,2025-01-23,Lori Huff,Tehran,Electronics,Tablet,1,500,500
8734,2025-11-21,Jeffery Grimes,Kermanshah,Books,Python Programming,1,45,45
8735,2024-03-17,Matthew Williams,Karaj,Electronics,Tablet,5,500,2500
8736,2024-11-25,Anna Johnson,Shiraz,Sports,Football,2,30,60
8737,2024-03-21,Daryl Scott,Isfahan,Electronics,Smart Watch,5,250,1250
8738,2025-02-14,David Hernandez,Qom,Sports,Running Shoes,4,120,480
8739,2024-11-26,Jesse Schultz,Shiraz,Sports,Fitness Band,1,90,90
8740,2024-03-13,Bradley Cardenas,Qom,Electronics,Smart Watch,5,250,1250
8741,2024-04-27,Andrea Baldwin,Shiraz,Sports,Running Shoes,5,120,600
8742,2025-11-18,Cameron Hudson,Ahvaz,Sports,Football,4,30,120
8743,2025-07-27,Joshua Wood,Isfahan,Books,Python Programming,4,45,180
8744,2025-05-15,April Walker,Tehran,Books,Python Programming,1,45,45
8745,2024-02-01,Joshua Hicks,Mashhad,Sports,Running Shoes,1,120,120
8746,2024-08-01,Ricky Kelly,Tabriz,Sports,Football,4,30,120
8747,2025-01-14,James Peterson,Shiraz,Sports,Tennis Racket,4,180,720
8748,2024-02-12,James Pollard,Kermanshah,Electronics,Headphones,2,150,300
8749,2024-03-06,Robert Green,Karaj,Sports,Basketball,3,35,105
8750,2025-07-25,Dr. Randall Green,Tehran,Sports,Basketball,5,35,175
8751,2025-03-23,Denise Dixon,Kermanshah,Sports,Football,1,30,30
8752,2025-10-27,Craig Peterson,Shiraz,Electronics,Smart Watch,2,250,500
8753,2024-11-18,Elizabeth Ho,Karaj,Home Appliances,Washing Machine,4,1500,6000
8754,2025-04-12,Anne Perez,Qom,Electronics,Tablet,1,500,500
8755,2024-11-15,Susan Wilson,Tabriz,Home Appliances,Microwave,4,220,880
8756,2024-09-30,Paul Ferguson,Ahvaz,Books,Clean Code,3,55,165
8757,2025-10-21,Ashley Martinez,Isfahan,Books,Machine Learning,5,80,400
8758,2024-12-03,Eric Cooper,Kermanshah,Home Appliances,Washing Machine,2,1500,3000
8759,2025-03-23,Matthew Ramirez,Tabriz,Books,Clean Code,5,55,275
8760,2025-03-11,Evan Kennedy,Rasht,Electronics,Smart Watch,2,250,500
8761,2024-05-30,Thomas Cabrera,Qom,Home Appliances,Air Conditioner,1,2000,2000
8762,2025-06-12,Whitney Petersen,Shiraz,Home Appliances,Refrigerator,2,1800,3600
8763,2025-10-28,William Branch,Isfahan,Sports,Tennis Racket,4,180,720
8764,2025-08-17,Debra Obrien,Rasht,Books,Python Programming,5,45,225
8765,2025-05-31,John Stewart,Qom,Books,Data Science Handbook,2,60,120
8766,2025-09-29,Tristan Norris,Kermanshah,Home Appliances,Vacuum Cleaner,4,300,1200
8767,2025-04-30,Amber Jensen,Tehran,Sports,Fitness Band,5,90,450
8768,2025-07-22,Jonathan Hayes,Shiraz,Sports,Fitness Band,3,90,270
8769,2025-03-16,Yolanda Mcbride,Ahvaz,Books,Clean Code,5,55,275
8770,2025-10-17,Jordan Dixon,Mashhad,Electronics,Smartphone,4,800,3200
8771,2024-12-23,David Nelson,Karaj,Sports,Running Shoes,5,120,600
8772,2024-02-06,Catherine Ross,Tehran,Home Appliances,Refrigerator,1,1800,1800
8773,2024-05-12,Miss Barbara Hill,Tehran,Sports,Running Shoes,3,120,360
8774,2024-01-25,Caleb Dodson,Shiraz,Sports,Fitness Band,1,90,90
8775,2025-09-27,Amber Duffy,Isfahan,Electronics,Smartphone,4,800,3200
8776,2025-04-07,Brittany Webster,Ahvaz,Sports,Basketball,1,35,35
8777,2024-06-17,Shawn Zamora,Ahvaz,Home Appliances,Air Conditioner,5,2000,10000
8778,2024-08-26,Tammy Melendez,Karaj,Sports,Tennis Racket,1,180,180
8779,2025-10-24,Kristi Vasquez,Tabriz,Electronics,Laptop,5,1200,6000
8780,2025-07-12,Charles Chapman,Qom,Sports,Tennis Racket,2,180,360
8781,2025-01-22,Troy Jones,Rasht,Books,Data Science Handbook,4,60,240
8782,2025-08-09,Michael Allen,Shiraz,Electronics,Tablet,1,500,500
8783,2024-02-10,Norma Maxwell,Kermanshah,Books,Data Science Handbook,3,60,180
8784,2025-08-02,Jennifer Ward,Tabriz,Sports,Fitness Band,3,90,270
8785,2024-03-14,Mr. Casey Moyer,Kermanshah,Home Appliances,Microwave,5,220,1100
8786,2025-05-31,Mary Jenkins,Mashhad,Sports,Fitness Band,5,90,450
8787,2025-02-21,Bryan Choi,Tehran,Electronics,Headphones,5,150,750
8788,2024-12-23,Alan Mcdaniel,Tabriz,Home Appliances,Air Conditioner,2,2000,4000
8789,2025-10-30,John Cobb,Shiraz,Sports,Football,2,30,60
8790,2025-10-28,Patricia Cox MD,Rasht,Electronics,Tablet,5,500,2500
8791,2025-02-11,Derek Lynn,Isfahan,Home Appliances,Microwave,5,220,1100
8792,2025-10-23,Rhonda Cervantes,Karaj,Home Appliances,Vacuum Cleaner,1,300,300
8793,2025-03-20,Kaitlin Frank,Qom,Electronics,Tablet,3,500,1500
8794,2024-12-07,Jamie Johnson,Tabriz,Electronics,Smart Watch,4,250,1000
8795,2024-09-06,Timothy Moore,Ahvaz,Sports,Fitness Band,3,90,270
8796,2025-07-04,Alexandra Haas,Mashhad,Sports,Tennis Racket,4,180,720
8797,2025-12-16,Rebecca Noble,Isfahan,Books,Python Programming,1,45,45
8798,2024-05-16,Carl Smith,Tehran,Books,Python Programming,4,45,180
8799,2025-01-09,Brianna Fuentes,Shiraz,Books,Data Science Handbook,2,60,120
8800,2024-12-22,Anne Fuller,Qom,Sports,Fitness Band,3,90,270
8801,2025-02-02,Nicholas Johnson,Ahvaz,Books,Machine Learning,4,80,320
8802,2024-11-25,Dana Robbins,Tehran,Home Appliances,Refrigerator,1,1800,1800
8803,2024-06-11,Natalie Mooney,Kermanshah,Books,Data Science Handbook,4,60,240
8804,2024-09-30,Shelby Chen,Tabriz,Electronics,Laptop,1,1200,1200
8805,2025-07-10,Bradley Johnson,Rasht,Sports,Running Shoes,4,120,480
8806,2025-10-14,Laura Johnson,Kermanshah,Electronics,Headphones,2,150,300
8807,2024-01-18,Amy Parker,Shiraz,Books,Data Science Handbook,2,60,120
8808,2024-08-03,Candace Singh,Rasht,Sports,Running Shoes,5,120,600
8809,2024-09-24,Matthew Johnson,Isfahan,Electronics,Tablet,3,500,1500
8810,2025-08-29,Shannon White,Karaj,Sports,Basketball,1,35,35
8811,2025-06-09,David Turner,Tabriz,Books,Machine Learning,1,80,80
8812,2025-05-20,Cody Greer,Isfahan,Home Appliances,Washing Machine,4,1500,6000
8813,2025-11-01,Patricia Summers,Rasht,Sports,Fitness Band,3,90,270
8814,2024-04-28,David Reid,Ahvaz,Sports,Tennis Racket,3,180,540
8815,2024-02-11,Toni Noble,Tehran,Electronics,Smartphone,4,800,3200
8816,2025-09-11,Alfred Miller,Tehran,Home Appliances,Washing Machine,4,1500,6000
8817,2024-04-29,Crystal Donovan,Karaj,Sports,Football,4,30,120
8818,2024-05-04,Douglas Lambert,Tehran,Electronics,Smartphone,3,800,2400
8819,2025-11-12,Leslie Fernandez,Ahvaz,Books,Python Programming,4,45,180
8820,2025-06-24,Pamela Thompson,Ahvaz,Electronics,Laptop,5,1200,6000
8821,2024-10-30,Mary Morgan,Karaj,Electronics,Smart Watch,5,250,1250
8822,2025-07-25,Marc King,Ahvaz,Electronics,Tablet,1,500,500
8823,2024-06-18,James Owen,Tabriz,Sports,Basketball,4,35,140
8824,2024-10-27,Eric Bullock,Rasht,Books,Data Science Handbook,1,60,60
8825,2024-10-15,Jody Love,Shiraz,Electronics,Smartphone,3,800,2400
8826,2025-05-22,Jonathan Gilbert,Qom,Books,Machine Learning,3,80,240
8827,2025-05-12,Brittany Rivera,Ahvaz,Sports,Basketball,1,35,35
8828,2025-05-12,Lauren Santos,Shiraz,Books,Algorithms,2,70,140
8829,2024-05-22,Justin May,Isfahan,Home Appliances,Washing Machine,5,1500,7500
8830,2024-06-12,Antonio Rose,Shiraz,Books,Data Science Handbook,4,60,240
8831,2025-08-21,Brittany Garrett,Kermanshah,Home Appliances,Vacuum Cleaner,3,300,900
8832,2025-01-19,Erin Nguyen,Rasht,Electronics,Laptop,3,1200,3600
8833,2025-11-18,Angela Walsh,Shiraz,Electronics,Smart Watch,2,250,500
8834,2024-05-30,Scott Wise,Karaj,Sports,Football,2,30,60
8835,2024-06-01,Robert Hall,Qom,Books,Algorithms,4,70,280
8836,2024-06-13,Kenneth Morgan PhD,Kermanshah,Sports,Fitness Band,2,90,180
8837,2024-11-22,Cody Brooks,Karaj,Electronics,Tablet,2,500,1000
8838,2024-08-18,Richard Perry,Ahvaz,Home Appliances,Vacuum Cleaner,3,300,900
8839,2024-01-19,Jordan Griffin,Mashhad,Books,Machine Learning,2,80,160
8840,2024-01-08,Daniel Blevins,Rasht,Home Appliances,Refrigerator,1,1800,1800
8841,2025-08-16,Christopher Hughes,Tehran,Books,Data Science Handbook,5,60,300
8842,2024-07-03,Brian Rivera,Isfahan,Home Appliances,Vacuum Cleaner,1,300,300
8843,2025-06-04,David Lee,Karaj,Books,Data Science Handbook,3,60,180
8844,2025-03-09,Ian Benson,Kermanshah,Home Appliances,Vacuum Cleaner,1,300,300
8845,2025-02-15,Kimberly Pittman,Ahvaz,Home Appliances,Refrigerator,1,1800,1800
8846,2025-06-21,Michael Nguyen,Ahvaz,Books,Algorithms,3,70,210
8847,2024-03-17,Lauren Powell,Qom,Home Appliances,Vacuum Cleaner,1,300,300
8848,2025-12-26,Edwin Rose,Mashhad,Electronics,Headphones,5,150,750
8849,2024-10-14,Lisa Collins,Kermanshah,Sports,Running Shoes,2,120,240
8850,2024-09-05,Virginia Whitney,Tehran,Sports,Tennis Racket,5,180,900
8851,2024-09-15,Jose Harris,Ahvaz,Home Appliances,Microwave,1,220,220
8852,2024-05-23,Rebecca Crawford,Rasht,Sports,Basketball,3,35,105
8853,2024-04-15,Joseph Chavez,Qom,Sports,Fitness Band,5,90,450
8854,2025-04-23,Valerie Allen,Rasht,Home Appliances,Air Conditioner,1,2000,2000
8855,2024-10-29,Christopher Wallace,Isfahan,Home Appliances,Washing Machine,2,1500,3000
8856,2024-05-09,Marcus Lang,Shiraz,Sports,Running Shoes,2,120,240
8857,2025-08-05,Nathan Griffith,Isfahan,Electronics,Smartphone,1,800,800
8858,2024-08-09,Brenda Howard,Mashhad,Sports,Running Shoes,1,120,120
8859,2024-08-27,Thomas Maxwell,Kermanshah,Sports,Fitness Band,5,90,450
8860,2024-04-16,James Dillon,Tehran,Sports,Basketball,5,35,175
8861,2024-02-10,Steven Sutton,Karaj,Home Appliances,Microwave,4,220,880
8862,2024-06-09,Kathleen Lopez,Qom,Books,Algorithms,4,70,280
8863,2024-01-30,Adrienne Martin,Mashhad,Books,Clean Code,1,55,55
8864,2025-12-02,Todd Wood,Tehran,Books,Python Programming,4,45,180
8865,2025-03-20,Clinton Padilla,Tehran,Books,Python Programming,3,45,135
8866,2025-01-19,Stacey Mason,Mashhad,Books,Algorithms,5,70,350
8867,2024-03-05,Alyssa Chapman,Kermanshah,Sports,Tennis Racket,5,180,900
8868,2024-05-27,Patricia Williams,Qom,Home Appliances,Vacuum Cleaner,4,300,1200
8869,2025-10-29,Linda Miller,Qom,Home Appliances,Vacuum Cleaner,5,300,1500
8870,2024-07-09,Linda Chen,Shiraz,Books,Clean Code,4,55,220
8871,2024-12-10,Leonard Lawson,Tehran,Books,Machine Learning,4,80,320
8872,2024-05-06,Gary Miller,Mashhad,Home Appliances,Refrigerator,3,1800,5400
8873,2025-06-26,Keith Steele,Isfahan,Electronics,Tablet,1,500,500
8874,2025-01-23,Christopher Brock,Karaj,Electronics,Laptop,4,1200,4800
8875,2025-06-25,Kendra Conner,Shiraz,Sports,Football,1,30,30
8876,2025-08-20,Lisa Page,Karaj,Home Appliances,Vacuum Cleaner,3,300,900
8877,2024-02-04,Alexander Morgan,Rasht,Sports,Football,2,30,60
8878,2024-04-16,Donald Brown,Ahvaz,Electronics,Tablet,5,500,2500
8879,2024-02-16,Matthew Baker,Rasht,Sports,Basketball,2,35,70
8880,2025-03-03,Edward Smith,Qom,Electronics,Smart Watch,4,250,1000
8881,2025-12-12,Jesus Garcia,Isfahan,Home Appliances,Vacuum Cleaner,4,300,1200
8882,2025-02-02,Julie Alvarado,Shiraz,Sports,Running Shoes,4,120,480
8883,2024-10-20,Madeline Carroll,Tabriz,Sports,Tennis Racket,1,180,180
8884,2024-10-05,Amanda Hanson,Qom,Books,Machine Learning,1,80,80
8885,2025-05-29,Christopher Blackburn,Kermanshah,Electronics,Laptop,3,1200,3600
8886,2024-07-01,Tammy Hernandez,Isfahan,Books,Algorithms,5,70,350
8887,2024-02-24,Jesus Nguyen,Rasht,Sports,Fitness Band,5,90,450
8888,2024-08-28,Michael Gibbs,Ahvaz,Home Appliances,Microwave,3,220,660
8889,2024-12-26,Jamie Clark,Tabriz,Sports,Running Shoes,1,120,120
8890,2025-07-15,Zachary Perez,Kermanshah,Sports,Fitness Band,4,90,360
8891,2025-08-31,Christopher King,Rasht,Books,Clean Code,5,55,275
8892,2025-01-20,Amanda Lopez,Mashhad,Books,Machine Learning,5,80,400
8893,2024-03-09,Randy Black,Karaj,Books,Data Science Handbook,2,60,120
8894,2024-12-22,Corey Martinez,Isfahan,Sports,Running Shoes,5,120,600
8895,2024-04-06,Benjamin Li,Mashhad,Home Appliances,Washing Machine,1,1500,1500
8896,2024-07-09,Robert Martin,Kermanshah,Home Appliances,Vacuum Cleaner,3,300,900
8897,2024-02-23,William Santiago,Karaj,Home Appliances,Vacuum Cleaner,1,300,300
8898,2025-04-30,Kelli Hughes,Ahvaz,Electronics,Smart Watch,3,250,750
8899,2025-07-09,Edward Mendoza,Kermanshah,Home Appliances,Vacuum Cleaner,5,300,1500
8900,2025-02-21,Jason Simmons,Shiraz,Electronics,Smart Watch,3,250,750
8901,2024-06-03,Jamie Anderson,Kermanshah,Sports,Football,5,30,150
8902,2024-03-19,Scott Campbell,Mashhad,Electronics,Headphones,2,150,300
8903,2025-08-25,Kaitlyn King,Tehran,Sports,Football,3,30,90
8904,2025-11-10,Steve Jennings,Rasht,Books,Data Science Handbook,1,60,60
8905,2025-11-28,Jill Solis,Rasht,Sports,Fitness Band,2,90,180
8906,2025-11-05,Matthew Anderson,Qom,Sports,Football,4,30,120
8907,2024-06-29,Michael Oconnor,Isfahan,Books,Python Programming,2,45,90
8908,2024-05-05,Kathleen Tran,Isfahan,Home Appliances,Vacuum Cleaner,5,300,1500
8909,2025-09-10,Rhonda Calhoun,Ahvaz,Books,Algorithms,5,70,350
8910,2024-09-28,Anthony Ingram,Rasht,Sports,Running Shoes,2,120,240
8911,2025-12-26,Jasmine Hernandez,Ahvaz,Sports,Fitness Band,3,90,270
8912,2024-06-05,Lauren Williams,Tehran,Books,Python Programming,3,45,135
8913,2024-05-12,Daniel White,Tabriz,Sports,Running Shoes,2,120,240
8914,2024-06-14,Shannon Pierce,Kermanshah,Books,Python Programming,4,45,180
8915,2025-06-08,Logan Walker,Rasht,Sports,Running Shoes,5,120,600
8916,2024-01-29,Linda Little,Shiraz,Electronics,Laptop,1,1200,1200
8917,2024-02-17,Casey Larson,Rasht,Home Appliances,Refrigerator,5,1800,9000
8918,2024-01-31,David Walker,Isfahan,Home Appliances,Air Conditioner,5,2000,10000
8919,2024-06-07,Ashley Adams,Karaj,Books,Machine Learning,2,80,160
8920,2024-01-29,Terrence Cannon,Mashhad,Sports,Running Shoes,2,120,240
8921,2025-11-21,Jeffrey Clark,Tabriz,Electronics,Tablet,4,500,2000
8922,2025-12-15,Calvin Carson,Rasht,Books,Algorithms,2,70,140
8923,2025-10-21,Carol Cole,Tabriz,Home Appliances,Washing Machine,3,1500,4500
8924,2025-07-28,Natalie Rangel,Rasht,Sports,Fitness Band,4,90,360
8925,2025-10-16,Alexandra Heath,Isfahan,Books,Python Programming,3,45,135
8926,2025-01-31,John Underwood,Isfahan,Books,Data Science Handbook,1,60,60
8927,2025-11-19,Taylor Mills,Rasht,Sports,Basketball,4,35,140
8928,2025-03-25,Jonathan Murphy,Mashhad,Sports,Fitness Band,4,90,360
8929,2024-01-20,Jason Walker,Qom,Home Appliances,Vacuum Cleaner,2,300,600
8930,2024-01-18,Christina Powers,Isfahan,Books,Python Programming,4,45,180
8931,2025-10-17,Hannah Boyle,Tabriz,Books,Clean Code,4,55,220
8932,2024-12-24,Edward Downs,Tehran,Books,Machine Learning,1,80,80
8933,2025-04-19,Kevin Wallace,Isfahan,Sports,Fitness Band,5,90,450
8934,2024-02-13,Jordan Reyes,Rasht,Home Appliances,Microwave,4,220,880
8935,2025-06-22,Jeffrey Erickson,Tabriz,Home Appliances,Washing Machine,3,1500,4500
8936,2024-03-05,Jeffery Perry,Ahvaz,Sports,Fitness Band,4,90,360
8937,2025-07-16,Ms. Nichole Mills,Mashhad,Home Appliances,Refrigerator,5,1800,9000
8938,2024-08-04,Brian Roberts,Tehran,Sports,Tennis Racket,4,180,720
8939,2025-05-30,Arthur Russell,Kermanshah,Books,Algorithms,2,70,140
8940,2025-07-22,Brian Carroll,Tabriz,Home Appliances,Air Conditioner,1,2000,2000
8941,2025-02-18,Mrs. Cassie Williams,Karaj,Electronics,Smartphone,1,800,800
8942,2024-11-12,Isabella Hernandez,Isfahan,Home Appliances,Refrigerator,4,1800,7200
8943,2024-06-12,Sarah Hall,Tehran,Electronics,Smartphone,4,800,3200
8944,2024-12-19,Jeffrey Miller,Isfahan,Electronics,Headphones,3,150,450
8945,2024-02-09,Laurie Calhoun,Karaj,Sports,Fitness Band,3,90,270
8946,2024-12-03,Ashley Gonzalez,Tabriz,Electronics,Laptop,2,1200,2400
8947,2024-08-11,Margaret Carlson,Isfahan,Home Appliances,Refrigerator,1,1800,1800
8948,2024-05-25,Patrick Ramos,Ahvaz,Electronics,Smart Watch,5,250,1250
8949,2025-04-17,Kristin Campbell,Shiraz,Sports,Tennis Racket,4,180,720
8950,2024-03-28,Carol Duarte,Karaj,Books,Clean Code,5,55,275
8951,2025-08-04,Kari Hughes,Kermanshah,Books,Python Programming,3,45,135
8952,2025-09-13,Jessica Cole,Kermanshah,Home Appliances,Washing Machine,4,1500,6000
8953,2024-05-25,Mark Coleman,Ahvaz,Sports,Running Shoes,5,120,600
8954,2024-09-09,Sarah Watkins,Shiraz,Home Appliances,Washing Machine,4,1500,6000
8955,2025-07-20,Brian Adams,Rasht,Electronics,Smartphone,2,800,1600
8956,2025-11-10,Shelley Johnson,Rasht,Books,Machine Learning,1,80,80
8957,2025-02-27,Christopher Tyler,Qom,Electronics,Smart Watch,4,250,1000
8958,2025-07-03,Veronica Griffin,Rasht,Books,Data Science Handbook,2,60,120
8959,2024-12-01,Jennifer Gardner,Isfahan,Electronics,Smart Watch,2,250,500
8960,2024-02-15,Ronald Bailey,Ahvaz,Home Appliances,Air Conditioner,2,2000,4000
8961,2024-12-23,Janet Boyd,Karaj,Sports,Football,2,30,60
8962,2025-02-17,Michael Dominguez,Isfahan,Books,Algorithms,2,70,140
8963,2025-11-28,Mark Parsons,Isfahan,Books,Data Science Handbook,5,60,300
8964,2024-01-25,Thomas Daniels,Mashhad,Home Appliances,Microwave,5,220,1100
8965,2024-01-20,Theresa Stark,Rasht,Sports,Running Shoes,1,120,120
8966,2025-09-01,Sarah Smith,Karaj,Books,Algorithms,3,70,210
8967,2024-11-16,Melissa Chase,Isfahan,Home Appliances,Refrigerator,4,1800,7200
8968,2025-05-18,Shawn Castillo,Shiraz,Home Appliances,Refrigerator,4,1800,7200
8969,2024-05-28,Ronnie Floyd,Kermanshah,Electronics,Tablet,5,500,2500
8970,2024-07-11,Tina Sullivan,Kermanshah,Books,Data Science Handbook,5,60,300
8971,2025-07-21,Neil Kelley,Ahvaz,Home Appliances,Microwave,4,220,880
8972,2025-04-01,Rachel Ellison,Mashhad,Books,Data Science Handbook,5,60,300
8973,2024-08-08,Barry Tran,Tehran,Electronics,Smart Watch,3,250,750
8974,2025-08-12,Jose Carter,Ahvaz,Home Appliances,Vacuum Cleaner,4,300,1200
8975,2025-12-10,Anthony Hall,Mashhad,Books,Data Science Handbook,2,60,120
8976,2024-09-14,Brenda Marshall,Tabriz,Books,Data Science Handbook,1,60,60
8977,2024-05-18,Monica Le,Tabriz,Home Appliances,Refrigerator,2,1800,3600
8978,2025-07-12,Jacqueline Conrad,Qom,Sports,Running Shoes,1,120,120
8979,2025-10-22,Dwayne Barnes,Rasht,Electronics,Tablet,4,500,2000
8980,2025-03-27,Mason Jones,Kermanshah,Sports,Tennis Racket,4,180,720
8981,2025-05-15,Amy King,Karaj,Sports,Football,4,30,120
8982,2025-09-18,Keith Church,Isfahan,Books,Machine Learning,3,80,240
8983,2024-01-11,Paul Lee,Karaj,Sports,Fitness Band,4,90,360
8984,2024-12-18,Alison Lewis,Isfahan,Books,Data Science Handbook,2,60,120
8985,2025-09-16,Anna Wang,Tabriz,Home Appliances,Washing Machine,3,1500,4500
8986,2025-04-06,Nancy Ray,Mashhad,Sports,Basketball,4,35,140
8987,2025-09-15,Alexandria Smith,Shiraz,Electronics,Smart Watch,2,250,500
8988,2025-02-18,Christopher Henderson,Tehran,Sports,Basketball,4,35,140
8989,2024-03-31,Lisa Aguilar,Tabriz,Home Appliances,Refrigerator,2,1800,3600
8990,2024-03-23,Lisa Mitchell,Karaj,Books,Python Programming,3,45,135
8991,2025-08-29,Mary Wright,Shiraz,Electronics,Laptop,5,1200,6000
8992,2024-05-26,Shane Gonzalez DDS,Mashhad,Electronics,Smart Watch,5,250,1250
8993,2025-10-15,Brenda Spears,Tehran,Electronics,Laptop,4,1200,4800
8994,2024-12-21,Benjamin Mccann,Ahvaz,Sports,Tennis Racket,3,180,540
8995,2025-08-23,Darren Parker,Karaj,Books,Clean Code,1,55,55
8996,2024-06-05,Christopher Jones,Ahvaz,Electronics,Smart Watch,5,250,1250
8997,2024-10-18,Rachel Wilkinson,Qom,Home Appliances,Refrigerator,5,1800,9000
8998,2024-06-17,Jennifer Espinoza,Tabriz,Home Appliances,Air Conditioner,2,2000,4000
8999,2025-07-12,Thomas Vasquez,Kermanshah,Electronics,Laptop,1,1200,1200
9000,2025-09-29,Eric Cox MD,Qom,Electronics,Laptop,3,1200,3600
9001,2024-02-01,Joshua Vazquez,Qom,Electronics,Smartphone,2,800,1600
9002,2025-06-03,John Martinez,Karaj,Home Appliances,Washing Machine,4,1500,6000
9003,2025-08-09,Erika Black,Isfahan,Sports,Running Shoes,1,120,120
9004,2024-09-15,Rachel Silva,Mashhad,Electronics,Headphones,1,150,150
9005,2024-11-09,Laura Tucker,Isfahan,Sports,Football,1,30,30
9006,2025-08-27,Denise Higgins,Tabriz,Home Appliances,Air Conditioner,5,2000,10000
9007,2024-09-30,Amanda Middleton,Shiraz,Sports,Tennis Racket,2,180,360
9008,2025-11-14,Richard Mcguire,Karaj,Sports,Basketball,2,35,70
9009,2025-02-03,Ana Rivera,Tabriz,Sports,Fitness Band,4,90,360
9010,2025-11-19,Alexis Olson,Isfahan,Electronics,Smart Watch,5,250,1250
9011,2025-08-20,Isaiah Solomon,Shiraz,Electronics,Smart Watch,2,250,500
9012,2025-06-30,Sarah Murphy,Kermanshah,Home Appliances,Refrigerator,2,1800,3600
9013,2025-06-21,Lindsey Lee,Isfahan,Sports,Basketball,5,35,175
9014,2024-11-15,Jason Mitchell,Qom,Home Appliances,Refrigerator,2,1800,3600
9015,2025-03-30,Kim Davis,Isfahan,Books,Python Programming,5,45,225
9016,2025-03-23,Dillon Moore,Karaj,Books,Data Science Handbook,2,60,120
9017,2025-02-26,Justin Webb,Isfahan,Sports,Tennis Racket,5,180,900
9018,2024-02-05,Derek Hickman,Ahvaz,Home Appliances,Microwave,5,220,1100
9019,2025-11-02,Sheri Jackson,Kermanshah,Sports,Fitness Band,1,90,90
9020,2024-05-24,Brenda Beasley,Kermanshah,Books,Data Science Handbook,4,60,240
9021,2024-12-30,Brenda Knight,Tabriz,Home Appliances,Vacuum Cleaner,5,300,1500
9022,2025-08-25,Joseph Henry DDS,Kermanshah,Books,Clean Code,4,55,220
9023,2025-05-16,George Gonzalez,Tabriz,Electronics,Smart Watch,2,250,500
9024,2024-11-13,Joseph Gonzalez,Qom,Sports,Football,4,30,120
9025,2025-03-15,Stephanie Obrien,Karaj,Books,Machine Learning,3,80,240
9026,2024-04-04,Justin Adams,Mashhad,Electronics,Smartphone,5,800,4000
9027,2024-02-19,Jacob Brooks,Isfahan,Home Appliances,Washing Machine,5,1500,7500
9028,2025-05-30,Colleen Wilkerson,Shiraz,Books,Machine Learning,1,80,80
9029,2024-07-16,Julie Henderson,Karaj,Home Appliances,Vacuum Cleaner,4,300,1200
9030,2025-08-07,Timothy Adkins,Shiraz,Books,Machine Learning,3,80,240
9031,2025-02-21,Maurice Foster,Ahvaz,Home Appliances,Air Conditioner,1,2000,2000
9032,2024-06-27,Carol Johnson,Karaj,Home Appliances,Refrigerator,2,1800,3600
9033,2025-05-15,Melanie Richards,Ahvaz,Electronics,Tablet,1,500,500
9034,2025-10-26,Maria Smith,Tabriz,Electronics,Smart Watch,3,250,750
9035,2024-12-18,Elizabeth Dunlap,Rasht,Electronics,Tablet,4,500,2000
9036,2024-03-14,Carrie Olsen,Rasht,Electronics,Headphones,1,150,150
9037,2024-03-29,Debra Conway,Mashhad,Books,Algorithms,5,70,350
9038,2024-02-20,Melissa Robertson,Rasht,Sports,Basketball,1,35,35
9039,2025-09-15,Stephanie Bailey,Mashhad,Home Appliances,Refrigerator,2,1800,3600
9040,2024-08-28,Shane Navarro,Ahvaz,Books,Clean Code,5,55,275
9041,2025-06-16,Chad Meyer,Tabriz,Sports,Tennis Racket,4,180,720
9042,2024-11-13,Sara Reyes,Tehran,Electronics,Tablet,3,500,1500
9043,2025-08-16,Stephen Lee,Tabriz,Home Appliances,Refrigerator,5,1800,9000
9044,2024-03-19,Thomas Parker,Tabriz,Electronics,Headphones,2,150,300
9045,2024-04-03,Justin Ortega,Rasht,Electronics,Smartphone,2,800,1600
9046,2024-10-25,Joshua Wright,Rasht,Electronics,Smart Watch,1,250,250
9047,2025-06-23,Jessica Reed,Shiraz,Home Appliances,Microwave,2,220,440
9048,2024-02-09,Angel Villarreal,Qom,Sports,Running Shoes,5,120,600
9049,2024-05-06,Claudia Austin,Isfahan,Electronics,Headphones,2,150,300
9050,2024-08-26,Patrick Hudson,Tehran,Sports,Basketball,4,35,140
9051,2024-09-15,Kyle Miller,Ahvaz,Books,Python Programming,5,45,225
9052,2025-08-10,Paul Harmon,Karaj,Books,Data Science Handbook,1,60,60
9053,2024-08-20,Shannon Kirk,Mashhad,Home Appliances,Air Conditioner,2,2000,4000
9054,2025-10-03,Karen Young,Ahvaz,Home Appliances,Air Conditioner,3,2000,6000
9055,2024-09-02,Steven Bell,Rasht,Home Appliances,Washing Machine,5,1500,7500
9056,2025-03-09,Michael Baxter,Isfahan,Sports,Running Shoes,1,120,120
9057,2024-09-13,Brenda Knapp,Shiraz,Sports,Running Shoes,1,120,120
9058,2025-06-09,Lisa Joyce,Isfahan,Books,Algorithms,2,70,140
9059,2024-02-13,Daniel Myers,Tabriz,Sports,Football,5,30,150
9060,2024-12-18,Cassie Liu,Tehran,Home Appliances,Air Conditioner,4,2000,8000
9061,2025-02-25,Jeffrey Lee,Shiraz,Sports,Football,1,30,30
9062,2024-06-19,Mandy Oconnor,Kermanshah,Books,Algorithms,4,70,280
9063,2024-12-29,Melvin Carter,Tabriz,Sports,Tennis Racket,2,180,360
9064,2025-06-25,Emily Holland,Tabriz,Home Appliances,Washing Machine,1,1500,1500
9065,2025-07-05,Stefanie Lopez,Tabriz,Books,Clean Code,2,55,110
9066,2025-03-11,Ray Hughes,Qom,Electronics,Laptop,2,1200,2400
9067,2024-08-02,Lisa Carroll,Kermanshah,Home Appliances,Air Conditioner,3,2000,6000
9068,2024-08-06,John Watkins,Kermanshah,Electronics,Smart Watch,2,250,500
9069,2025-03-19,Brad Walsh,Ahvaz,Electronics,Smartphone,5,800,4000
9070,2025-03-22,Joanna Ward,Qom,Sports,Football,2,30,60
9071,2024-10-31,Kenneth Jones,Qom,Home Appliances,Washing Machine,4,1500,6000
9072,2025-07-02,Margaret Diaz,Mashhad,Electronics,Smart Watch,2,250,500
9073,2025-04-27,Julie Murphy,Mashhad,Electronics,Tablet,2,500,1000
9074,2025-02-11,Alexis Parker DVM,Tabriz,Electronics,Smartphone,1,800,800
9075,2024-09-09,James Henderson,Karaj,Sports,Football,2,30,60
9076,2025-06-04,Michael Smith,Isfahan,Books,Python Programming,4,45,180
9077,2025-02-23,Robert Peck,Qom,Home Appliances,Washing Machine,2,1500,3000
9078,2025-06-05,Marcus Mcdonald,Isfahan,Sports,Fitness Band,1,90,90
9079,2025-04-28,Krystal Lynch,Isfahan,Home Appliances,Microwave,4,220,880
9080,2024-03-20,Albert Wilson,Karaj,Books,Data Science Handbook,1,60,60
9081,2024-10-28,Aaron Cook,Tabriz,Electronics,Headphones,5,150,750
9082,2024-01-10,Denise Chang,Isfahan,Sports,Fitness Band,4,90,360
9083,2024-05-28,Diane Kramer,Mashhad,Home Appliances,Air Conditioner,5,2000,10000
9084,2025-10-13,Diana Rivera,Qom,Electronics,Smart Watch,1,250,250
9085,2024-03-15,Daniel Price,Tabriz,Books,Data Science Handbook,1,60,60
9086,2025-01-02,Steven Simpson,Shiraz,Electronics,Headphones,3,150,450
9087,2024-10-10,Joe Lucas,Isfahan,Home Appliances,Air Conditioner,2,2000,4000
9088,2024-06-19,Mrs. Elizabeth Juarez,Isfahan,Sports,Tennis Racket,1,180,180
9089,2025-09-21,Robert Moss,Qom,Sports,Running Shoes,4,120,480
9090,2025-03-11,Crystal Morales,Tabriz,Sports,Tennis Racket,1,180,180
9091,2024-02-06,Kathryn Smith,Rasht,Books,Python Programming,2,45,90
9092,2025-01-27,Jennifer Robertson,Ahvaz,Sports,Tennis Racket,2,180,360
9093,2025-11-03,David Mccarthy,Tehran,Home Appliances,Microwave,5,220,1100
9094,2025-10-11,Richard Allen,Tabriz,Electronics,Laptop,2,1200,2400
9095,2025-03-29,Mary Johnson,Ahvaz,Electronics,Laptop,1,1200,1200
9096,2024-11-09,Andre Smith,Tabriz,Sports,Football,1,30,30
9097,2025-09-07,Diane Ramirez,Isfahan,Books,Algorithms,5,70,350
9098,2024-07-09,Sara Fields,Rasht,Electronics,Laptop,3,1200,3600
9099,2024-12-01,Kevin Zuniga,Tehran,Sports,Tennis Racket,5,180,900
9100,2024-06-25,Emma Rodriguez,Karaj,Sports,Football,2,30,60
9101,2025-04-29,Lori Hansen,Qom,Books,Algorithms,4,70,280
9102,2025-07-17,Megan Taylor,Tehran,Home Appliances,Microwave,3,220,660
9103,2025-01-21,Dr. Jacob Osborn,Isfahan,Electronics,Laptop,2,1200,2400
9104,2024-01-03,Willie Smith,Qom,Books,Clean Code,3,55,165
9105,2025-02-21,Matthew Ford,Tabriz,Books,Data Science Handbook,3,60,180
9106,2025-11-23,Molly Crawford,Qom,Home Appliances,Refrigerator,3,1800,5400
9107,2025-01-11,Daniel Mcdowell,Shiraz,Books,Python Programming,3,45,135
9108,2025-01-17,Mathew Howell,Mashhad,Books,Machine Learning,1,80,80
9109,2025-01-11,Jessica Spencer,Tehran,Electronics,Smartphone,2,800,1600
9110,2025-04-07,Ryan Wilson,Isfahan,Electronics,Smart Watch,2,250,500
9111,2024-08-09,David Gutierrez,Tehran,Sports,Football,3,30,90
9112,2024-11-09,Nicole Munoz,Karaj,Home Appliances,Microwave,4,220,880
9113,2025-07-26,Alyssa Coffey,Tabriz,Electronics,Smart Watch,5,250,1250
9114,2024-06-30,Brandon Lang,Kermanshah,Books,Machine Learning,1,80,80
9115,2024-09-06,Anthony Blankenship,Isfahan,Sports,Tennis Racket,5,180,900
9116,2025-02-06,Randall Caldwell,Ahvaz,Electronics,Tablet,3,500,1500
9117,2024-06-18,Justin Jones,Karaj,Home Appliances,Air Conditioner,2,2000,4000
9118,2025-08-10,Miss Pamela Webster,Shiraz,Home Appliances,Vacuum Cleaner,5,300,1500
9119,2024-08-21,Daniel Ponce,Mashhad,Sports,Football,1,30,30
9120,2024-01-31,Christine Watts,Ahvaz,Electronics,Smartphone,4,800,3200
9121,2025-04-29,Tara Fuentes,Karaj,Books,Python Programming,2,45,90
9122,2024-06-09,Melissa Rodriguez MD,Mashhad,Electronics,Laptop,4,1200,4800
9123,2024-11-25,Matthew Meyer,Ahvaz,Sports,Basketball,1,35,35
9124,2024-05-16,Robert Garcia,Isfahan,Electronics,Headphones,5,150,750
9125,2024-11-20,Kirsten Torres,Tabriz,Books,Python Programming,2,45,90
9126,2025-03-02,Robert Savage,Qom,Home Appliances,Vacuum Cleaner,4,300,1200
9127,2025-03-30,John Powell,Isfahan,Books,Clean Code,5,55,275
9128,2024-04-12,Gabriel Anderson,Ahvaz,Electronics,Laptop,4,1200,4800
9129,2025-12-28,Sean Turner,Shiraz,Sports,Fitness Band,5,90,450
9130,2025-06-16,Nancy Mcclure,Qom,Sports,Football,2,30,60
9131,2024-01-17,Nicole Scott,Isfahan,Electronics,Laptop,2,1200,2400
9132,2025-08-12,Haley Jackson,Karaj,Sports,Basketball,5,35,175
9133,2024-06-13,Chad Perez,Karaj,Home Appliances,Washing Machine,1,1500,1500
9134,2025-10-14,Julie Fuller,Shiraz,Electronics,Smart Watch,3,250,750
9135,2025-10-23,John Lara,Kermanshah,Books,Machine Learning,4,80,320
9136,2024-03-24,Brenda Richardson,Shiraz,Home Appliances,Washing Machine,4,1500,6000
9137,2024-12-11,Susan Hines,Tabriz,Electronics,Headphones,5,150,750
9138,2025-07-12,Edwin Rogers,Tabriz,Electronics,Smart Watch,3,250,750
9139,2025-03-26,Robert Fisher,Mashhad,Electronics,Smart Watch,1,250,250
9140,2025-08-14,Samantha Bradley,Ahvaz,Sports,Basketball,3,35,105
9141,2024-09-22,Amanda Hunter,Qom,Sports,Football,3,30,90
9142,2024-09-30,Joseph Hernandez,Mashhad,Sports,Tennis Racket,2,180,360
9143,2024-09-29,John Dorsey,Mashhad,Sports,Fitness Band,2,90,180
9144,2024-12-01,Suzanne Johnson,Shiraz,Books,Clean Code,4,55,220
9145,2025-05-28,Stephanie Collier,Ahvaz,Home Appliances,Washing Machine,5,1500,7500
9146,2024-11-17,Alexander Calderon,Kermanshah,Sports,Fitness Band,3,90,270
9147,2025-10-30,Gavin Morgan,Tehran,Books,Algorithms,4,70,280
9148,2024-09-13,Mark Williamson,Qom,Home Appliances,Vacuum Cleaner,1,300,300
9149,2025-10-04,Felicia Mcintyre,Shiraz,Sports,Basketball,3,35,105
9150,2025-06-03,Ian Hanna,Tehran,Sports,Football,4,30,120
9151,2025-10-28,Matthew Hunter,Tabriz,Home Appliances,Washing Machine,2,1500,3000
9152,2025-03-21,Amanda Martin,Shiraz,Home Appliances,Washing Machine,4,1500,6000
9153,2024-10-03,Abigail Garcia,Kermanshah,Electronics,Smart Watch,5,250,1250
9154,2025-06-26,Doris Davenport,Mashhad,Sports,Running Shoes,4,120,480
9155,2024-12-03,Natalie Wise,Mashhad,Sports,Football,5,30,150
9156,2025-03-01,Philip Riddle,Ahvaz,Electronics,Smart Watch,5,250,1250
9157,2024-08-16,John Flores,Tabriz,Home Appliances,Microwave,3,220,660
9158,2025-04-06,Jamie Gaines,Shiraz,Sports,Running Shoes,5,120,600
9159,2025-02-15,Michael Graham,Karaj,Books,Algorithms,5,70,350
9160,2025-06-02,Tina Harris,Karaj,Electronics,Smartphone,4,800,3200
9161,2025-07-30,Michelle Ward MD,Rasht,Electronics,Smartphone,1,800,800
9162,2025-03-17,Anna Wright,Isfahan,Home Appliances,Washing Machine,4,1500,6000
9163,2025-06-29,Linda Kennedy,Tabriz,Books,Clean Code,3,55,165
9164,2025-11-24,Brad Brown,Tehran,Books,Machine Learning,5,80,400
9165,2024-03-11,Jennifer Ford,Tehran,Sports,Tennis Racket,4,180,720
9166,2025-11-09,David Adams MD,Rasht,Home Appliances,Vacuum Cleaner,4,300,1200
9167,2024-12-07,Kyle Lee,Tabriz,Electronics,Smart Watch,2,250,500
9168,2025-04-21,Dr. Summer Cook,Tehran,Books,Data Science Handbook,4,60,240
9169,2024-01-06,Haley Suarez,Tabriz,Sports,Fitness Band,3,90,270
9170,2025-07-12,Stephanie Mclaughlin,Ahvaz,Electronics,Smartphone,4,800,3200
9171,2025-11-11,Emily Copeland,Ahvaz,Home Appliances,Air Conditioner,5,2000,10000
9172,2025-12-05,Miranda Davis,Kermanshah,Home Appliances,Washing Machine,1,1500,1500
9173,2025-03-11,Tina Wilson,Kermanshah,Home Appliances,Vacuum Cleaner,5,300,1500
9174,2024-01-26,Justin Garrett,Qom,Sports,Basketball,5,35,175
9175,2024-09-08,Derrick Lowe,Tehran,Sports,Fitness Band,1,90,90
9176,2025-12-16,Tamara Haynes,Mashhad,Home Appliances,Washing Machine,2,1500,3000
9177,2025-09-20,Anna Anderson,Karaj,Sports,Running Shoes,1,120,120
9178,2024-11-15,Cheryl Matthews,Karaj,Home Appliances,Air Conditioner,2,2000,4000
9179,2025-01-01,Erin Freeman,Rasht,Books,Clean Code,2,55,110
9180,2025-02-16,Ashley Rodriguez,Karaj,Sports,Tennis Racket,1,180,180
9181,2024-08-11,Joshua Hart,Tehran,Electronics,Tablet,3,500,1500
9182,2025-06-04,Shannon Brown,Ahvaz,Books,Python Programming,2,45,90
9183,2025-10-20,Ronald Howard,Rasht,Books,Algorithms,3,70,210
9184,2024-08-26,David Brown,Rasht,Home Appliances,Vacuum Cleaner,2,300,600
9185,2024-03-21,Lindsey Ramirez,Kermanshah,Electronics,Smart Watch,3,250,750
9186,2024-08-25,Robert White,Kermanshah,Electronics,Headphones,2,150,300
9187,2024-05-26,Kristi Thompson,Qom,Home Appliances,Microwave,2,220,440
9188,2024-02-14,Candice Richard,Qom,Electronics,Headphones,3,150,450
9189,2025-09-17,Seth White,Tabriz,Electronics,Laptop,1,1200,1200
9190,2024-12-14,Marcus Webb,Tabriz,Books,Data Science Handbook,1,60,60
9191,2024-05-27,Renee Ferguson,Shiraz,Electronics,Laptop,1,1200,1200
9192,2024-09-26,Monique Woods,Isfahan,Electronics,Laptop,5,1200,6000
9193,2025-06-29,John Fields,Ahvaz,Electronics,Tablet,3,500,1500
9194,2025-04-14,Daniel Jones MD,Isfahan,Home Appliances,Refrigerator,5,1800,9000
9195,2024-06-05,Mark Baker,Mashhad,Electronics,Headphones,5,150,750
9196,2025-04-19,Amanda Harding,Kermanshah,Sports,Basketball,5,35,175
9197,2024-07-14,Wesley Hardy,Mashhad,Sports,Basketball,5,35,175
9198,2024-12-27,Kenneth Johnston,Rasht,Electronics,Smartphone,5,800,4000
9199,2024-01-26,Anthony Gibson,Qom,Books,Algorithms,3,70,210
9200,2025-10-16,Angelica Jones,Ahvaz,Electronics,Laptop,4,1200,4800
9201,2024-08-09,Casey Nguyen,Karaj,Home Appliances,Refrigerator,2,1800,3600
9202,2025-06-14,Angelica Ferguson,Karaj,Books,Clean Code,3,55,165
9203,2025-11-18,Daniel Golden,Qom,Home Appliances,Air Conditioner,4,2000,8000
9204,2025-07-20,Thomas Miller,Tabriz,Sports,Tennis Racket,1,180,180
9205,2025-03-12,Mary Dominguez,Shiraz,Books,Algorithms,2,70,140
9206,2025-02-26,Kenneth Jackson,Isfahan,Home Appliances,Microwave,2,220,440
9207,2025-09-09,Joe Frost,Tabriz,Books,Machine Learning,3,80,240
9208,2024-11-02,Kelly Park,Shiraz,Sports,Fitness Band,2,90,180
9209,2024-10-06,Gabriella Jordan,Mashhad,Books,Clean Code,1,55,55
9210,2025-10-10,Miguel Franklin,Karaj,Books,Algorithms,4,70,280
9211,2024-12-08,Katie Olsen,Mashhad,Sports,Running Shoes,1,120,120
9212,2024-11-04,Mark Howell,Shiraz,Sports,Running Shoes,2,120,240
9213,2024-12-20,Jay Rice,Tehran,Books,Data Science Handbook,2,60,120
9214,2024-07-26,Michael Harrison,Shiraz,Electronics,Headphones,2,150,300
9215,2024-03-26,Erik Gonzalez,Tabriz,Home Appliances,Refrigerator,3,1800,5400
9216,2025-07-05,Jennifer Allen,Karaj,Electronics,Tablet,1,500,500
9217,2024-07-05,Laura Christian,Tehran,Electronics,Tablet,5,500,2500
9218,2025-03-05,Elizabeth Mitchell,Ahvaz,Electronics,Smartphone,3,800,2400
9219,2024-09-26,David Rodriguez,Isfahan,Electronics,Headphones,5,150,750
9220,2024-05-24,James Gibson,Shiraz,Home Appliances,Vacuum Cleaner,3,300,900
9221,2024-09-07,Alexander Williams,Karaj,Books,Algorithms,5,70,350
9222,2025-11-21,Mrs. Lori Jordan,Tehran,Home Appliances,Washing Machine,1,1500,1500
9223,2024-11-11,Derrick Riley MD,Karaj,Books,Algorithms,5,70,350
9224,2024-12-02,Darrell Miller,Rasht,Sports,Running Shoes,2,120,240
9225,2025-06-29,David Lee,Tehran,Electronics,Laptop,2,1200,2400
9226,2024-06-11,Mr. Eric Richardson,Qom,Books,Clean Code,5,55,275
9227,2024-01-30,Michael Lloyd,Qom,Books,Algorithms,4,70,280
9228,2024-09-28,James Cross,Isfahan,Electronics,Smart Watch,2,250,500
9229,2024-02-26,Laura Fox,Tehran,Home Appliances,Vacuum Cleaner,5,300,1500
9230,2025-05-01,Kimberly Massey,Rasht,Electronics,Headphones,5,150,750
9231,2024-05-22,Aaron Cook,Shiraz,Sports,Running Shoes,3,120,360
9232,2024-09-09,Samuel Kennedy,Qom,Sports,Football,1,30,30
9233,2025-10-17,Cheyenne Stevens,Karaj,Home Appliances,Vacuum Cleaner,2,300,600
9234,2025-05-27,Melissa Hartman,Ahvaz,Sports,Tennis Racket,1,180,180
9235,2024-01-09,James Leon,Shiraz,Electronics,Tablet,2,500,1000
9236,2024-03-05,Rebecca Vega,Shiraz,Electronics,Smartphone,4,800,3200
9237,2025-07-14,Aaron Hood,Isfahan,Electronics,Laptop,3,1200,3600
9238,2025-12-01,Steven Matthews,Tabriz,Home Appliances,Vacuum Cleaner,5,300,1500
9239,2024-01-18,Jacob Hughes,Karaj,Sports,Basketball,2,35,70
9240,2025-06-25,Brandon Dillon,Isfahan,Books,Clean Code,5,55,275
9241,2024-02-03,Sarah Clark,Ahvaz,Home Appliances,Washing Machine,2,1500,3000
9242,2025-04-03,Kevin Hampton,Rasht,Home Appliances,Refrigerator,2,1800,3600
9243,2025-04-15,Andrew Jones,Tabriz,Books,Python Programming,3,45,135
9244,2025-06-19,Vickie Perry,Kermanshah,Books,Python Programming,5,45,225
9245,2024-01-12,Alyssa Patterson,Ahvaz,Home Appliances,Refrigerator,1,1800,1800
9246,2025-09-10,Jason Oneal,Shiraz,Books,Machine Learning,4,80,320
9247,2025-10-22,Angela Simon,Rasht,Home Appliances,Air Conditioner,2,2000,4000
9248,2024-03-18,Alexander Macias,Isfahan,Electronics,Smart Watch,1,250,250
9249,2025-08-10,Matthew Alvarado,Qom,Books,Data Science Handbook,4,60,240
9250,2024-12-06,Robin Ortiz,Shiraz,Home Appliances,Washing Machine,4,1500,6000
9251,2024-03-17,Brian Delacruz,Kermanshah,Sports,Running Shoes,1,120,120
9252,2024-12-08,Dorothy Wilson,Rasht,Sports,Running Shoes,3,120,360
9253,2025-11-28,Linda Kennedy,Isfahan,Books,Algorithms,1,70,70
9254,2024-06-14,Dana Harrington,Mashhad,Books,Algorithms,2,70,140
9255,2024-01-26,Julie Thompson,Tabriz,Home Appliances,Washing Machine,2,1500,3000
9256,2024-11-17,Zoe Jones,Tehran,Home Appliances,Washing Machine,5,1500,7500
9257,2025-07-08,Chad Richardson,Tehran,Home Appliances,Washing Machine,1,1500,1500
9258,2025-12-14,Allen Mills,Tabriz,Home Appliances,Washing Machine,3,1500,4500
9259,2024-08-27,Kristin Morton DDS,Shiraz,Books,Algorithms,1,70,70
9260,2025-02-28,Gregory Dillon,Qom,Electronics,Headphones,5,150,750
9261,2025-08-26,Thomas Bean,Tabriz,Home Appliances,Washing Machine,5,1500,7500
9262,2025-10-21,Cheryl Fisher,Kermanshah,Books,Python Programming,3,45,135
9263,2025-06-05,Carla Farmer,Karaj,Electronics,Laptop,3,1200,3600
9264,2024-12-09,Joy Cardenas,Shiraz,Books,Machine Learning,4,80,320
9265,2025-09-30,Stephanie Hill,Ahvaz,Books,Clean Code,2,55,110
9266,2024-02-24,Michael Dougherty,Isfahan,Electronics,Tablet,3,500,1500
9267,2024-05-28,Sean Medina,Ahvaz,Home Appliances,Vacuum Cleaner,2,300,600
9268,2025-10-08,Jennifer Harris,Kermanshah,Electronics,Headphones,2,150,300
9269,2025-08-13,John Petersen,Kermanshah,Books,Clean Code,5,55,275
9270,2025-04-20,Tom Holmes,Rasht,Home Appliances,Washing Machine,2,1500,3000
9271,2025-05-28,Michael Smith,Shiraz,Sports,Running Shoes,1,120,120
9272,2025-08-20,Christian Dillon,Ahvaz,Electronics,Laptop,2,1200,2400
9273,2025-12-15,Carolyn Farley,Tabriz,Sports,Fitness Band,5,90,450
9274,2024-03-27,Jasmine Baker,Isfahan,Sports,Basketball,3,35,105
9275,2025-03-24,Megan Gordon,Kermanshah,Sports,Running Shoes,5,120,600
9276,2024-03-02,Carrie Ward,Isfahan,Electronics,Smartphone,1,800,800
9277,2025-05-01,Paul Lam,Tabriz,Sports,Basketball,5,35,175
9278,2024-06-18,Melissa Gross PhD,Karaj,Books,Machine Learning,1,80,80
9279,2025-05-26,Alex Huang,Karaj,Home Appliances,Refrigerator,4,1800,7200
9280,2024-03-17,Sharon Moore,Ahvaz,Sports,Fitness Band,1,90,90
9281,2024-02-26,Patty Nelson,Tehran,Sports,Tennis Racket,1,180,180
9282,2024-01-05,Elizabeth Taylor,Isfahan,Books,Clean Code,4,55,220
9283,2024-05-13,Dawn Kim,Qom,Home Appliances,Refrigerator,5,1800,9000
9284,2024-07-03,Lisa Foster,Qom,Home Appliances,Vacuum Cleaner,1,300,300
9285,2024-02-20,Natasha Roy,Tehran,Home Appliances,Washing Machine,1,1500,1500
9286,2024-03-20,Ashley Jackson,Qom,Home Appliances,Washing Machine,4,1500,6000
9287,2024-02-01,Mrs. Laura Hansen,Shiraz,Books,Clean Code,1,55,55
9288,2024-12-16,Susan Thomas,Isfahan,Home Appliances,Vacuum Cleaner,3,300,900
9289,2024-05-21,Kenneth Bowers,Ahvaz,Electronics,Smartphone,3,800,2400
9290,2024-06-28,Cameron Santos,Tabriz,Electronics,Headphones,3,150,450
9291,2025-03-04,Gary Sanchez,Qom,Electronics,Tablet,1,500,500
9292,2024-03-02,Ashley Richards,Kermanshah,Electronics,Laptop,2,1200,2400
9293,2024-08-21,Brenda Faulkner,Rasht,Home Appliances,Refrigerator,5,1800,9000
9294,2024-05-31,Ryan Gallagher,Tehran,Home Appliances,Washing Machine,4,1500,6000
9295,2024-08-17,Robert Martinez,Shiraz,Home Appliances,Vacuum Cleaner,4,300,1200
9296,2025-12-12,Sonia Cervantes,Isfahan,Books,Data Science Handbook,3,60,180
9297,2025-01-30,Paula Moreno,Shiraz,Electronics,Laptop,2,1200,2400
9298,2025-09-15,Tammy King,Tehran,Electronics,Tablet,1,500,500
9299,2025-10-21,Janice Johnson,Mashhad,Books,Python Programming,5,45,225
9300,2025-10-17,Sean Garcia,Tehran,Home Appliances,Refrigerator,2,1800,3600
9301,2025-07-21,Linda Smith,Shiraz,Electronics,Tablet,1,500,500
9302,2024-01-11,Lisa Foster,Karaj,Home Appliances,Washing Machine,4,1500,6000
9303,2025-01-26,Nicole Vaughn,Qom,Electronics,Smartphone,5,800,4000
9304,2024-11-03,Victor Mckee,Shiraz,Sports,Running Shoes,3,120,360
9305,2025-07-01,Damon Gomez,Mashhad,Sports,Tennis Racket,5,180,900
9306,2024-01-24,Thomas Shannon,Karaj,Books,Clean Code,2,55,110
9307,2025-09-02,Sarah Bernard,Karaj,Books,Machine Learning,1,80,80
9308,2024-12-26,Michelle Wolfe,Mashhad,Electronics,Smart Watch,1,250,250
9309,2025-01-12,Scott Rodgers,Kermanshah,Home Appliances,Refrigerator,5,1800,9000
9310,2025-03-26,Catherine Newton,Qom,Books,Data Science Handbook,3,60,180
9311,2024-07-15,Ricky Hawkins,Ahvaz,Books,Data Science Handbook,2,60,120
9312,2024-07-21,Tyler Taylor,Qom,Sports,Football,5,30,150
9313,2025-05-23,Eric Barnes,Karaj,Electronics,Tablet,5,500,2500
9314,2024-03-18,Kurt Atkins,Isfahan,Sports,Football,3,30,90
9315,2024-02-08,Stephen Carroll,Karaj,Sports,Basketball,5,35,175
9316,2025-03-31,Sharon Nguyen,Tehran,Books,Algorithms,2,70,140
9317,2024-10-12,Christine Glenn,Ahvaz,Sports,Football,4,30,120
9318,2025-10-18,Johnny Lee,Ahvaz,Sports,Running Shoes,2,120,240
9319,2025-02-08,Michael Munoz,Ahvaz,Books,Clean Code,5,55,275
9320,2024-08-12,Matthew Mata,Ahvaz,Sports,Running Shoes,4,120,480
9321,2024-12-20,Tanya Moore,Shiraz,Home Appliances,Vacuum Cleaner,2,300,600
9322,2025-06-02,Jessica Smith,Ahvaz,Sports,Tennis Racket,1,180,180
9323,2025-12-12,Gary Burch,Rasht,Sports,Basketball,4,35,140
9324,2024-03-11,Victoria Quinn,Shiraz,Books,Clean Code,2,55,110
9325,2024-03-31,Robin Woodward,Tehran,Home Appliances,Washing Machine,4,1500,6000
9326,2025-11-05,Thomas Harrison,Rasht,Books,Clean Code,1,55,55
9327,2024-06-05,Teresa Hernandez,Ahvaz,Books,Python Programming,2,45,90
9328,2025-11-21,Michele Mckee,Ahvaz,Electronics,Smart Watch,5,250,1250
9329,2024-01-16,Sarah Le,Ahvaz,Books,Clean Code,1,55,55
9330,2025-06-22,Andrew Murphy,Isfahan,Books,Data Science Handbook,2,60,120
9331,2025-11-24,Jared Ball,Tehran,Books,Clean Code,5,55,275
9332,2024-07-19,Jasmine Peterson,Tehran,Home Appliances,Vacuum Cleaner,3,300,900
9333,2024-06-23,Veronica Lowery,Tehran,Books,Machine Learning,3,80,240
9334,2024-04-17,Todd Clark,Kermanshah,Sports,Football,4,30,120
9335,2025-04-26,Nicholas Mathis,Kermanshah,Home Appliances,Washing Machine,2,1500,3000
9336,2025-11-09,John Johnson,Tabriz,Electronics,Smartphone,5,800,4000
9337,2024-06-16,Shannon Harrison,Tehran,Sports,Football,4,30,120
9338,2025-06-30,Felicia Hunter,Kermanshah,Books,Clean Code,4,55,220
9339,2024-05-12,Laura Cruz,Rasht,Home Appliances,Microwave,3,220,660
9340,2024-04-18,Rose Smith,Ahvaz,Sports,Football,2,30,60
9341,2024-04-29,Aaron Coleman,Rasht,Home Appliances,Refrigerator,3,1800,5400
9342,2025-12-16,Ronald Calhoun,Mashhad,Home Appliances,Refrigerator,5,1800,9000
9343,2024-03-22,Mckenzie Gross,Mashhad,Electronics,Smartphone,3,800,2400
9344,2025-04-18,Benjamin Smith,Rasht,Books,Algorithms,1,70,70
9345,2025-09-20,Ryan Lewis,Tehran,Home Appliances,Refrigerator,5,1800,9000
9346,2025-06-13,Jason Collins,Ahvaz,Sports,Basketball,5,35,175
9347,2025-01-06,Carly Chapman,Kermanshah,Electronics,Headphones,4,150,600
9348,2025-09-27,Heather Thompson,Isfahan,Sports,Fitness Band,4,90,360
9349,2024-01-31,Ashley Ingram,Kermanshah,Home Appliances,Vacuum Cleaner,4,300,1200
9350,2025-06-13,Adam Reynolds,Shiraz,Books,Machine Learning,3,80,240
9351,2024-02-29,Martin Allen,Tabriz,Sports,Football,2,30,60
9352,2024-07-29,Andres Fernandez,Shiraz,Home Appliances,Refrigerator,2,1800,3600
9353,2024-03-07,Robert Hunt,Shiraz,Electronics,Smartphone,5,800,4000
9354,2024-12-29,Holly Mills,Qom,Books,Data Science Handbook,2,60,120
9355,2024-11-28,Lauren Miller,Kermanshah,Electronics,Smart Watch,5,250,1250
9356,2025-03-25,Jennifer Hays,Shiraz,Sports,Basketball,4,35,140
9357,2025-12-27,William Vasquez,Rasht,Sports,Tennis Racket,4,180,720
9358,2025-05-21,Jason Blankenship,Rasht,Sports,Fitness Band,1,90,90
9359,2025-07-02,Larry Rich,Rasht,Electronics,Smartphone,2,800,1600
9360,2025-06-17,Rachael Johnson,Isfahan,Electronics,Laptop,4,1200,4800
9361,2024-05-27,Mary Pierce,Karaj,Electronics,Tablet,3,500,1500
9362,2025-06-08,James Davis,Tehran,Home Appliances,Microwave,4,220,880
9363,2024-05-08,Tommy Dickson MD,Ahvaz,Books,Machine Learning,2,80,160
9364,2024-01-14,James Hunt,Tehran,Books,Data Science Handbook,3,60,180
9365,2024-12-18,Victoria Lara,Ahvaz,Home Appliances,Air Conditioner,2,2000,4000
9366,2025-07-27,Lynn Green,Ahvaz,Sports,Basketball,1,35,35
9367,2024-12-15,Jasmine Nelson,Kermanshah,Books,Data Science Handbook,2,60,120
9368,2025-08-07,Joel Green,Mashhad,Books,Python Programming,1,45,45
9369,2024-10-30,Dominic Harrington,Rasht,Books,Machine Learning,3,80,240
9370,2025-07-02,Daniel Benitez,Tabriz,Electronics,Laptop,1,1200,1200
9371,2025-02-02,Jacob Potter,Karaj,Books,Clean Code,4,55,220
9372,2024-01-04,Brian Allen,Karaj,Home Appliances,Washing Machine,2,1500,3000
9373,2024-12-04,Rebecca Garcia,Karaj,Electronics,Smart Watch,2,250,500
9374,2025-10-29,Brenda Burke,Shiraz,Sports,Running Shoes,4,120,480
9375,2025-05-08,Larry Morris,Rasht,Books,Data Science Handbook,2,60,120
9376,2024-11-03,Edward Richards,Isfahan,Electronics,Smart Watch,5,250,1250
9377,2025-05-05,Gabriel Kelley,Tabriz,Electronics,Laptop,5,1200,6000
9378,2025-11-28,James Green,Tehran,Home Appliances,Vacuum Cleaner,4,300,1200
9379,2024-10-29,Debra Gutierrez,Ahvaz,Books,Clean Code,1,55,55
9380,2024-05-08,John Gibson,Mashhad,Electronics,Laptop,5,1200,6000
9381,2024-10-23,Heather Nichols,Isfahan,Sports,Fitness Band,4,90,360
9382,2024-07-12,Jennifer Robertson,Ahvaz,Books,Clean Code,5,55,275
9383,2025-04-07,Ashley Martin,Isfahan,Home Appliances,Vacuum Cleaner,2,300,600
9384,2024-01-20,Bob Lambert,Tabriz,Books,Data Science Handbook,1,60,60
9385,2024-08-16,Daniel Barr,Tehran,Electronics,Laptop,1,1200,1200
9386,2025-11-15,Caitlin Velazquez,Kermanshah,Home Appliances,Washing Machine,4,1500,6000
9387,2025-05-09,Noah Trevino,Rasht,Books,Algorithms,3,70,210
9388,2024-11-23,Kimberly Brewer,Shiraz,Sports,Basketball,3,35,105
9389,2025-01-11,Christine Woods,Tabriz,Electronics,Headphones,5,150,750
9390,2025-05-29,Thomas Walton,Mashhad,Home Appliances,Washing Machine,5,1500,7500
9391,2024-01-27,George Watkins,Kermanshah,Electronics,Smartphone,5,800,4000
9392,2024-03-02,Randall Carpenter,Tabriz,Sports,Basketball,3,35,105
9393,2024-07-29,Dominic Moran,Ahvaz,Electronics,Tablet,5,500,2500
9394,2025-01-14,Jack Carrillo,Mashhad,Books,Clean Code,5,55,275
9395,2024-06-25,Tracey Cooper,Isfahan,Sports,Basketball,3,35,105
9396,2025-07-06,Kathy Murphy,Isfahan,Electronics,Smart Watch,5,250,1250
9397,2025-04-19,Travis Simon,Kermanshah,Electronics,Smartphone,1,800,800
9398,2025-12-07,Sierra Hall,Rasht,Electronics,Smartphone,5,800,4000
9399,2025-09-17,Kristine Jackson,Kermanshah,Books,Machine Learning,5,80,400
9400,2024-03-03,Richard Mcguire,Karaj,Books,Python Programming,5,45,225
9401,2025-09-20,Stephen Harris,Ahvaz,Home Appliances,Washing Machine,2,1500,3000
9402,2024-08-29,Robert Hall,Ahvaz,Sports,Running Shoes,5,120,600
9403,2025-07-10,Douglas Gonzalez,Kermanshah,Sports,Football,3,30,90
9404,2024-05-03,Samuel Holden,Ahvaz,Electronics,Tablet,4,500,2000
9405,2025-08-30,Kurt Ortega,Kermanshah,Books,Data Science Handbook,5,60,300
9406,2025-01-15,Kimberly Lewis,Rasht,Sports,Tennis Racket,5,180,900
9407,2024-02-10,Alisha Duran,Ahvaz,Sports,Football,5,30,150
9408,2024-04-04,Miguel Young,Qom,Books,Algorithms,5,70,350
9409,2024-12-31,Luis Benjamin,Ahvaz,Electronics,Tablet,4,500,2000
9410,2024-05-24,Brandy Neal,Isfahan,Home Appliances,Refrigerator,3,1800,5400
9411,2025-02-06,Thomas Owen,Karaj,Sports,Tennis Racket,3,180,540
9412,2024-06-18,Shawn Hernandez,Karaj,Home Appliances,Microwave,2,220,440
9413,2024-05-26,Jose Romero,Karaj,Sports,Basketball,1,35,35
9414,2024-01-14,Stacey Rubio MD,Mashhad,Home Appliances,Washing Machine,5,1500,7500
9415,2025-10-15,Jacob Phillips,Karaj,Electronics,Tablet,3,500,1500
9416,2025-10-03,Julie Casey,Kermanshah,Home Appliances,Air Conditioner,3,2000,6000
9417,2025-09-19,Dawn Perry,Karaj,Sports,Football,2,30,60
9418,2025-07-25,Adam Mercer,Shiraz,Books,Data Science Handbook,3,60,180
9419,2024-08-28,Debra Shea,Kermanshah,Books,Algorithms,2,70,140
9420,2024-05-10,Stephen Berry,Kermanshah,Books,Data Science Handbook,5,60,300
9421,2024-06-23,Heather May,Shiraz,Home Appliances,Vacuum Cleaner,2,300,600
9422,2025-10-07,Robert Fields,Ahvaz,Sports,Basketball,2,35,70
9423,2025-04-14,Paula Smith,Mashhad,Sports,Football,5,30,150
9424,2024-12-16,Craig Sanders,Isfahan,Sports,Football,5,30,150
9425,2025-10-30,Justin French,Karaj,Sports,Football,2,30,60
9426,2025-07-22,Cynthia Keller,Tabriz,Sports,Football,1,30,30
9427,2024-01-13,Colleen Ross,Qom,Home Appliances,Microwave,4,220,880
9428,2025-05-30,Brianna Jones,Mashhad,Home Appliances,Refrigerator,2,1800,3600
9429,2024-11-13,Kelly Davis,Tabriz,Books,Python Programming,5,45,225
9430,2024-04-01,Dr. Susan Smith,Mashhad,Sports,Football,5,30,150
9431,2024-08-14,Andre Lewis,Tehran,Books,Python Programming,5,45,225
9432,2025-01-17,Grace Santos,Tabriz,Home Appliances,Air Conditioner,5,2000,10000
9433,2024-11-19,Daniel Hinton,Mashhad,Sports,Fitness Band,5,90,450
9434,2025-12-29,Jessica Pearson,Qom,Electronics,Tablet,2,500,1000
9435,2025-12-06,Alexis Johnson,Isfahan,Sports,Football,3,30,90
9436,2025-05-18,Ms. Lindsey Perry,Tabriz,Electronics,Laptop,5,1200,6000
9437,2024-11-03,Leah Myers,Kermanshah,Home Appliances,Air Conditioner,4,2000,8000
9438,2025-01-02,Jesse Anderson,Mashhad,Electronics,Laptop,5,1200,6000
9439,2025-12-06,Patricia Martin,Karaj,Books,Machine Learning,1,80,80
9440,2024-12-22,James Williams,Mashhad,Books,Machine Learning,5,80,400
9441,2024-06-22,Timothy Berger,Karaj,Electronics,Tablet,1,500,500
9442,2025-11-18,Marcia Greene,Isfahan,Sports,Basketball,5,35,175
9443,2025-03-12,Stephen Richards,Shiraz,Electronics,Laptop,2,1200,2400
9444,2024-10-17,Brandon Silva,Ahvaz,Books,Algorithms,5,70,350
9445,2025-05-10,Kelli Glover,Tehran,Sports,Running Shoes,4,120,480
9446,2025-12-13,Scott Wiggins,Kermanshah,Electronics,Headphones,4,150,600
9447,2025-01-02,Shannon Stewart,Kermanshah,Books,Algorithms,2,70,140
9448,2025-06-05,Kevin Buchanan,Isfahan,Sports,Football,2,30,60
9449,2025-06-25,Joanna Hernandez,Ahvaz,Sports,Basketball,3,35,105
9450,2024-09-25,Adrian Roberts,Tehran,Home Appliances,Refrigerator,4,1800,7200
9451,2025-01-22,Bradley Padilla,Ahvaz,Books,Clean Code,3,55,165
9452,2025-02-06,Brian Calhoun,Shiraz,Sports,Football,5,30,150
9453,2025-04-15,Matthew Cabrera,Qom,Books,Machine Learning,1,80,80
9454,2025-11-26,Madeline Brown,Qom,Sports,Running Shoes,2,120,240
9455,2025-05-11,Shawn Wheeler,Ahvaz,Electronics,Tablet,4,500,2000
9456,2025-03-21,Morgan Bowers,Kermanshah,Sports,Basketball,1,35,35
9457,2025-03-22,Lisa Edwards,Rasht,Books,Clean Code,5,55,275
9458,2024-02-09,Jerry Garner,Kermanshah,Home Appliances,Washing Machine,1,1500,1500
9459,2025-10-20,Mark Lopez,Tehran,Electronics,Laptop,1,1200,1200
9460,2024-12-22,Monica Gonzalez,Tabriz,Sports,Running Shoes,3,120,360
9461,2025-03-08,Jeffrey Wells,Mashhad,Books,Python Programming,1,45,45
9462,2024-09-29,Elizabeth Luna,Mashhad,Books,Data Science Handbook,1,60,60
9463,2024-12-25,Mary Miller,Shiraz,Sports,Football,5,30,150
9464,2025-07-19,Benjamin Nunez,Tehran,Books,Algorithms,3,70,210
9465,2025-05-13,Brittany Gomez,Tehran,Home Appliances,Washing Machine,3,1500,4500
9466,2025-02-14,Ashley Smith,Tabriz,Home Appliances,Microwave,5,220,1100
9467,2024-01-04,Mary Carr,Qom,Home Appliances,Air Conditioner,4,2000,8000
9468,2025-05-16,Joshua Taylor,Kermanshah,Books,Data Science Handbook,5,60,300
9469,2024-09-14,Evelyn Johnson,Rasht,Home Appliances,Vacuum Cleaner,5,300,1500
9470,2024-01-16,Heidi Marshall,Shiraz,Electronics,Smart Watch,2,250,500
9471,2025-01-16,Anthony Cohen,Tehran,Books,Machine Learning,2,80,160
9472,2025-10-23,Emily White,Tabriz,Sports,Fitness Band,1,90,90
9473,2025-04-11,Angela Woods,Tehran,Home Appliances,Vacuum Cleaner,5,300,1500
9474,2025-10-03,John Walker,Tabriz,Electronics,Tablet,4,500,2000
9475,2025-01-30,Anthony Hall,Shiraz,Sports,Fitness Band,5,90,450
9476,2025-05-28,Lisa Berry,Karaj,Books,Machine Learning,4,80,320
9477,2025-11-28,Alexis Clay,Isfahan,Electronics,Tablet,5,500,2500
9478,2024-11-08,James Gonzalez,Tabriz,Sports,Football,5,30,150
9479,2025-06-10,Helen Mcmillan,Kermanshah,Sports,Basketball,1,35,35
9480,2024-05-12,Steven Davis,Kermanshah,Electronics,Smart Watch,4,250,1000
9481,2024-10-04,Meredith Phillips,Karaj,Home Appliances,Air Conditioner,2,2000,4000
9482,2025-08-01,Allen Irwin,Tehran,Home Appliances,Microwave,3,220,660
9483,2024-03-14,William Cunningham,Shiraz,Electronics,Tablet,4,500,2000
9484,2025-04-16,Samuel Salinas,Karaj,Books,Python Programming,3,45,135
9485,2025-11-09,Kevin Bowman,Tehran,Books,Machine Learning,5,80,400
9486,2024-04-14,Hector Delacruz,Tehran,Electronics,Tablet,3,500,1500
9487,2025-10-09,Shane Moore,Isfahan,Home Appliances,Washing Machine,5,1500,7500
9488,2024-05-16,Holly Frank,Qom,Electronics,Smart Watch,3,250,750
9489,2024-11-04,Anna Mccarthy,Karaj,Books,Python Programming,3,45,135
9490,2025-04-22,Cathy Compton,Tehran,Home Appliances,Air Conditioner,2,2000,4000
9491,2024-01-13,Justin Johnson,Isfahan,Sports,Football,5,30,150
9492,2024-01-08,Kristin Walker,Tabriz,Electronics,Smartphone,5,800,4000
9493,2025-01-13,Alejandra Fischer,Tehran,Sports,Basketball,2,35,70
9494,2025-05-12,Tracey Brown,Karaj,Electronics,Laptop,5,1200,6000
9495,2025-03-24,Frederick Payne,Isfahan,Sports,Fitness Band,5,90,450
9496,2024-01-24,Elizabeth Newman,Karaj,Sports,Fitness Band,1,90,90
9497,2024-04-06,John Lewis,Ahvaz,Electronics,Smartphone,3,800,2400
9498,2024-01-04,Nathaniel Franco,Mashhad,Electronics,Smart Watch,4,250,1000
9499,2024-04-03,Christopher Mccormick,Kermanshah,Sports,Basketball,3,35,105
9500,2024-01-10,Angela Le,Qom,Books,Clean Code,3,55,165
9501,2025-07-05,Joshua Reese,Shiraz,Home Appliances,Washing Machine,4,1500,6000
9502,2025-09-11,Suzanne Cunningham,Ahvaz,Electronics,Laptop,1,1200,1200
9503,2025-06-10,Emily Simon,Kermanshah,Electronics,Tablet,3,500,1500
9504,2025-04-16,Susan Reeves,Karaj,Electronics,Tablet,2,500,1000
9505,2025-03-12,Samantha Campbell,Isfahan,Electronics,Smartphone,2,800,1600
9506,2024-03-11,Marie Wilcox,Tabriz,Books,Clean Code,1,55,55
9507,2025-08-26,William Fuentes,Qom,Books,Data Science Handbook,5,60,300
9508,2025-08-29,Joseph Pratt,Qom,Home Appliances,Vacuum Cleaner,2,300,600
9509,2024-11-21,Thomas Curry,Ahvaz,Books,Clean Code,1,55,55
9510,2024-04-26,Emily Pineda,Karaj,Home Appliances,Microwave,3,220,660
9511,2025-04-06,Heather Martin,Mashhad,Electronics,Smartphone,2,800,1600
9512,2025-07-23,Anna Webb,Isfahan,Books,Python Programming,1,45,45
9513,2024-10-22,Gregory Hernandez,Ahvaz,Home Appliances,Vacuum Cleaner,2,300,600
9514,2025-04-30,Jose Carney,Rasht,Sports,Basketball,1,35,35
9515,2024-08-21,Betty Marshall,Mashhad,Electronics,Smartphone,1,800,800
9516,2024-10-05,Darren Thompson,Isfahan,Sports,Tennis Racket,2,180,360
9517,2025-05-21,Stanley Wood,Rasht,Sports,Tennis Racket,4,180,720
9518,2024-03-08,Jenna Sanders,Mashhad,Electronics,Headphones,1,150,150
9519,2025-06-18,Jennifer Lopez,Qom,Books,Machine Learning,1,80,80
9520,2024-08-27,Darryl Armstrong,Kermanshah,Sports,Football,4,30,120
9521,2024-10-20,Courtney Eaton,Tehran,Electronics,Smartphone,5,800,4000
9522,2024-10-23,Stacy Bishop,Rasht,Sports,Tennis Racket,1,180,180
9523,2024-01-16,Gloria Cabrera,Mashhad,Electronics,Smart Watch,4,250,1000
9524,2025-07-27,Deborah Warren,Qom,Sports,Fitness Band,3,90,270
9525,2025-05-13,Angela Anderson,Qom,Books,Clean Code,4,55,220
9526,2025-09-28,Joe Wang,Tehran,Sports,Tennis Racket,5,180,900
9527,2024-02-17,Mark Williams,Tabriz,Sports,Fitness Band,4,90,360
9528,2024-10-30,Randy Matthews,Tabriz,Books,Python Programming,2,45,90
9529,2024-02-12,Tyler Fox,Rasht,Home Appliances,Air Conditioner,2,2000,4000
9530,2025-01-06,Erica Gonzalez,Qom,Home Appliances,Vacuum Cleaner,4,300,1200
9531,2024-10-12,Joy Wright,Shiraz,Electronics,Laptop,1,1200,1200
9532,2025-05-03,Michael Chang,Rasht,Books,Machine Learning,3,80,240
9533,2025-06-28,Tiffany Lambert,Tabriz,Books,Algorithms,2,70,140
9534,2025-08-13,Micheal Wright,Shiraz,Books,Data Science Handbook,5,60,300
9535,2025-10-12,Jennifer Levy,Qom,Books,Algorithms,4,70,280
9536,2024-11-08,Daniel Allen,Mashhad,Home Appliances,Washing Machine,2,1500,3000
9537,2024-12-29,Jonathan Wolf,Karaj,Home Appliances,Refrigerator,4,1800,7200
9538,2025-11-23,Taylor Powell,Karaj,Electronics,Smartphone,2,800,1600
9539,2024-06-30,Shannon Adkins,Rasht,Home Appliances,Vacuum Cleaner,3,300,900
9540,2025-07-08,Kimberly Lester,Tehran,Sports,Fitness Band,2,90,180
9541,2024-10-24,Jeffery Mullen,Qom,Books,Clean Code,1,55,55
9542,2025-04-14,David Harrell,Shiraz,Sports,Running Shoes,2,120,240
9543,2025-01-09,Mark Blake,Mashhad,Sports,Football,2,30,60
9544,2024-07-02,Jason Lane,Rasht,Electronics,Headphones,2,150,300
9545,2024-08-23,Jonathan Clay,Tabriz,Home Appliances,Microwave,5,220,1100
9546,2024-11-08,Michael Leach,Shiraz,Books,Data Science Handbook,3,60,180
9547,2024-02-24,Darrell Vega,Qom,Home Appliances,Washing Machine,5,1500,7500
9548,2025-01-25,Mr. James Johnson DDS,Shiraz,Home Appliances,Air Conditioner,5,2000,10000
9549,2024-01-21,Alice Jackson,Mashhad,Sports,Fitness Band,5,90,450
9550,2025-12-10,Ryan Hernandez,Isfahan,Home Appliances,Washing Machine,5,1500,7500
9551,2025-10-06,Jennifer Mcbride,Ahvaz,Sports,Basketball,5,35,175
9552,2024-12-16,Craig Gregory,Karaj,Home Appliances,Vacuum Cleaner,4,300,1200
9553,2025-10-27,Gregory Caldwell,Isfahan,Books,Clean Code,1,55,55
9554,2024-11-27,Edwin Johnson,Rasht,Home Appliances,Microwave,3,220,660
9555,2024-10-28,William Patterson,Isfahan,Electronics,Smartphone,5,800,4000
9556,2025-01-15,Bryan Mcclure,Tehran,Electronics,Laptop,1,1200,1200
9557,2025-09-04,Marcus Dixon,Tabriz,Home Appliances,Air Conditioner,4,2000,8000
9558,2025-05-17,Melissa Castillo,Kermanshah,Sports,Tennis Racket,2,180,360
9559,2024-08-29,Katherine Paul,Tabriz,Sports,Tennis Racket,4,180,720
9560,2024-08-14,Robert Sharp,Tabriz,Electronics,Smartphone,2,800,1600
9561,2025-08-11,Melissa Fritz,Qom,Books,Data Science Handbook,3,60,180
9562,2024-01-07,Judith Carlson,Isfahan,Books,Data Science Handbook,4,60,240
9563,2025-11-23,Alison Brown,Isfahan,Books,Python Programming,4,45,180
9564,2024-06-14,Daniel Pittman,Karaj,Sports,Tennis Racket,1,180,180
9565,2024-08-24,Deanna Norman,Karaj,Books,Algorithms,1,70,70
9566,2025-12-12,Rachel Taylor,Tehran,Sports,Tennis Racket,3,180,540
9567,2025-10-08,Robert Jackson,Mashhad,Sports,Fitness Band,5,90,450
9568,2025-07-09,Matthew Carr,Kermanshah,Sports,Tennis Racket,1,180,180
9569,2024-08-18,Christopher Ball,Karaj,Books,Python Programming,1,45,45
9570,2024-01-10,Mark Guzman,Ahvaz,Sports,Running Shoes,5,120,600
9571,2025-07-25,William Kelly,Isfahan,Home Appliances,Microwave,5,220,1100
9572,2025-02-17,Justin Richards,Qom,Sports,Basketball,5,35,175
9573,2024-05-21,Mrs. Diane Coleman,Kermanshah,Electronics,Smart Watch,4,250,1000
9574,2025-05-23,Nathan Hodges,Mashhad,Home Appliances,Refrigerator,2,1800,3600
9575,2025-09-15,Timothy Flores,Rasht,Home Appliances,Air Conditioner,2,2000,4000
9576,2024-09-20,Evan Johnson,Mashhad,Home Appliances,Vacuum Cleaner,1,300,300
9577,2024-10-24,Penny Manning,Qom,Home Appliances,Air Conditioner,1,2000,2000
9578,2024-12-01,Rebecca Hernandez,Isfahan,Sports,Fitness Band,2,90,180
9579,2025-02-10,Michelle Bell,Kermanshah,Electronics,Tablet,1,500,500
9580,2025-11-18,Casey House,Qom,Books,Clean Code,2,55,110
9581,2025-09-25,Amanda Barnett,Mashhad,Books,Machine Learning,1,80,80
9582,2025-04-08,Brian Prince,Isfahan,Electronics,Tablet,3,500,1500
9583,2025-01-08,Lawrence Petersen,Rasht,Home Appliances,Washing Machine,2,1500,3000
9584,2024-08-14,Stephen Lucas,Ahvaz,Home Appliances,Vacuum Cleaner,5,300,1500
9585,2024-01-14,Kyle Fry,Kermanshah,Home Appliances,Refrigerator,4,1800,7200
9586,2025-10-01,Kerry Kramer,Rasht,Electronics,Laptop,3,1200,3600
9587,2025-04-29,Anthony Hoffman,Ahvaz,Sports,Tennis Racket,5,180,900
9588,2024-09-30,Rebekah Aguilar,Shiraz,Home Appliances,Microwave,2,220,440
9589,2024-10-22,Shawn Moore,Tabriz,Home Appliances,Vacuum Cleaner,2,300,600
9590,2024-06-06,Phillip Sanchez,Shiraz,Sports,Fitness Band,1,90,90
9591,2024-06-06,Adam Sanders,Shiraz,Home Appliances,Washing Machine,2,1500,3000
9592,2025-03-12,Lisa Sanchez,Rasht,Books,Machine Learning,2,80,160
9593,2025-02-07,Haley Kim,Tabriz,Sports,Tennis Racket,2,180,360
9594,2025-10-04,Amanda Ruiz,Ahvaz,Books,Algorithms,2,70,140
9595,2025-10-24,Michael Gardner,Karaj,Home Appliances,Microwave,5,220,1100
9596,2025-11-27,James Jacobs,Tabriz,Books,Python Programming,5,45,225
9597,2025-10-20,Danny Bryant,Kermanshah,Books,Algorithms,2,70,140
9598,2024-06-08,Margaret Mccall,Tehran,Electronics,Headphones,1,150,150
9599,2024-12-06,Ralph Smith,Ahvaz,Books,Clean Code,3,55,165
9600,2025-05-13,Kelly Burton,Kermanshah,Home Appliances,Washing Machine,1,1500,1500
9601,2025-12-11,Cristian Ramirez,Karaj,Electronics,Laptop,5,1200,6000
9602,2025-08-31,Jill Small,Mashhad,Sports,Running Shoes,4,120,480
9603,2024-02-27,Randy Jimenez,Tabriz,Electronics,Smart Watch,3,250,750
9604,2024-11-19,Patrick Garcia,Mashhad,Sports,Football,4,30,120
9605,2025-08-20,Angela Ramos,Mashhad,Electronics,Tablet,2,500,1000
9606,2024-07-29,David Mcpherson,Qom,Electronics,Tablet,4,500,2000
9607,2025-12-14,Beth Jennings,Isfahan,Books,Clean Code,3,55,165
9608,2024-12-22,Ryan Saunders,Kermanshah,Books,Data Science Handbook,2,60,120
9609,2024-11-22,Randy Kramer,Kermanshah,Sports,Running Shoes,5,120,600
9610,2025-09-25,Dennis Hutchinson,Mashhad,Electronics,Laptop,4,1200,4800
9611,2024-03-28,Michelle Burton,Ahvaz,Home Appliances,Washing Machine,2,1500,3000
9612,2025-10-17,Maurice Steele,Ahvaz,Home Appliances,Microwave,5,220,1100
9613,2025-01-14,Michael Jimenez,Tabriz,Sports,Fitness Band,3,90,270
9614,2024-07-05,Brian Mitchell,Kermanshah,Electronics,Laptop,2,1200,2400
9615,2024-07-03,Benjamin White,Ahvaz,Sports,Fitness Band,4,90,360
9616,2024-01-07,Tony Jackson,Tabriz,Electronics,Smart Watch,1,250,250
9617,2024-11-24,Robert Massey,Karaj,Sports,Fitness Band,3,90,270
9618,2025-08-24,Ian Sharp,Kermanshah,Home Appliances,Vacuum Cleaner,5,300,1500
9619,2025-10-18,Veronica Stokes,Isfahan,Sports,Football,5,30,150
9620,2025-11-05,Kelli Murray,Isfahan,Books,Algorithms,5,70,350
9621,2025-03-28,Michael Patterson,Isfahan,Books,Algorithms,2,70,140
9622,2025-02-20,Crystal Stafford,Shiraz,Electronics,Smartphone,4,800,3200
9623,2025-05-04,Miss Stacy Cox,Shiraz,Sports,Tennis Racket,5,180,900
9624,2024-10-20,Bradley Gonzales,Ahvaz,Sports,Basketball,3,35,105
9625,2024-12-14,Michelle Peters,Karaj,Books,Clean Code,2,55,110
9626,2024-11-07,John Palmer,Rasht,Electronics,Smartphone,4,800,3200
9627,2025-06-07,Chad Riley,Kermanshah,Electronics,Headphones,3,150,450
9628,2025-10-11,Rebecca Montes,Tabriz,Electronics,Smart Watch,2,250,500
9629,2025-02-03,Mary Kelly,Ahvaz,Sports,Tennis Racket,4,180,720
9630,2025-05-14,Jennifer Anderson,Karaj,Electronics,Smart Watch,1,250,250
9631,2024-07-01,George Hernandez,Tabriz,Home Appliances,Microwave,5,220,1100
9632,2024-04-15,Benjamin Mccoy,Karaj,Electronics,Headphones,3,150,450
9633,2024-09-02,Renee Cook,Tabriz,Books,Python Programming,4,45,180
9634,2025-09-04,Melissa Perez,Qom,Sports,Basketball,3,35,105
9635,2024-03-21,Cynthia Johnson,Kermanshah,Home Appliances,Refrigerator,4,1800,7200
9636,2025-12-16,Charlotte Lewis,Shiraz,Books,Python Programming,4,45,180
9637,2024-07-16,Shelley Alvarez,Karaj,Home Appliances,Microwave,5,220,1100
9638,2025-04-03,Carl Riley,Ahvaz,Sports,Fitness Band,1,90,90
9639,2024-02-29,Nathaniel Carroll,Mashhad,Home Appliances,Refrigerator,1,1800,1800
9640,2025-06-23,Charles Hayes,Shiraz,Books,Machine Learning,1,80,80
9641,2025-09-02,Laura Long,Qom,Books,Data Science Handbook,4,60,240
9642,2025-01-22,Yvonne Luna,Karaj,Books,Python Programming,4,45,180
9643,2024-06-02,Bradley Hernandez,Ahvaz,Home Appliances,Air Conditioner,2,2000,4000
9644,2025-08-02,Justin Cooper,Shiraz,Home Appliances,Washing Machine,4,1500,6000
9645,2025-09-27,Laura Henderson,Qom,Sports,Basketball,3,35,105
9646,2025-11-12,Betty Edwards,Ahvaz,Home Appliances,Washing Machine,1,1500,1500
9647,2024-03-30,Richard Alvarez DDS,Ahvaz,Home Appliances,Vacuum Cleaner,3,300,900
9648,2024-10-27,Jennifer Suarez,Rasht,Home Appliances,Air Conditioner,4,2000,8000
9649,2025-09-08,Jeffery Hanna,Tabriz,Sports,Football,4,30,120
9650,2024-05-17,Richard Duran,Isfahan,Sports,Fitness Band,3,90,270
9651,2024-06-10,Jodi Romero,Kermanshah,Books,Python Programming,1,45,45
9652,2025-07-16,John Mills,Rasht,Electronics,Smart Watch,1,250,250
9653,2024-09-27,Nicole Thomas MD,Isfahan,Home Appliances,Air Conditioner,5,2000,10000
9654,2025-12-04,Christopher Martin,Isfahan,Home Appliances,Air Conditioner,4,2000,8000
9655,2024-04-20,Cynthia Lester,Qom,Sports,Basketball,5,35,175
9656,2024-06-03,Thomas Gross,Ahvaz,Home Appliances,Vacuum Cleaner,5,300,1500
9657,2024-12-14,Frank Bowen,Qom,Home Appliances,Vacuum Cleaner,5,300,1500
9658,2025-03-14,Anthony Wells,Isfahan,Electronics,Smart Watch,3,250,750
9659,2024-05-08,Robert Mendoza,Ahvaz,Sports,Tennis Racket,4,180,720
9660,2024-01-30,Joe Hutchinson,Shiraz,Books,Algorithms,2,70,140
9661,2025-01-08,Randall Gibson,Kermanshah,Sports,Fitness Band,1,90,90
9662,2024-10-13,Hayley Keller,Tehran,Home Appliances,Microwave,2,220,440
9663,2024-04-21,Sean Cox,Tabriz,Sports,Tennis Racket,4,180,720
9664,2025-04-12,Adam Campos,Tabriz,Sports,Fitness Band,1,90,90
9665,2024-12-22,Greg Moreno,Karaj,Home Appliances,Microwave,1,220,220
9666,2024-01-02,Cole Smith,Karaj,Electronics,Headphones,1,150,150
9667,2025-06-14,Jennifer Gill,Mashhad,Home Appliances,Vacuum Cleaner,2,300,600
9668,2025-07-13,Nancy Kennedy,Tehran,Books,Clean Code,3,55,165
9669,2025-09-17,Logan Anderson,Rasht,Sports,Tennis Racket,1,180,180
9670,2025-05-27,Tony Peters,Tehran,Sports,Fitness Band,2,90,180
9671,2025-02-19,Michele Garrison,Tehran,Books,Clean Code,1,55,55
9672,2025-11-18,Benjamin Murphy PhD,Rasht,Electronics,Headphones,4,150,600
9673,2025-10-14,Michael Woodard,Tabriz,Home Appliances,Microwave,2,220,440
9674,2024-10-14,Anthony Garcia,Ahvaz,Home Appliances,Washing Machine,4,1500,6000
9675,2025-05-02,Maria Wade,Tehran,Sports,Basketball,4,35,140
9676,2024-09-19,Jon Gould,Isfahan,Books,Clean Code,4,55,220
9677,2025-02-05,Todd Green,Mashhad,Electronics,Smart Watch,2,250,500
9678,2024-06-18,Alicia Duffy,Karaj,Sports,Fitness Band,5,90,450
9679,2025-09-16,Meagan Johnson,Tabriz,Sports,Basketball,3,35,105
9680,2025-08-31,Megan Miller,Kermanshah,Home Appliances,Washing Machine,4,1500,6000
9681,2024-07-27,Patricia Carlson,Karaj,Books,Python Programming,1,45,45
9682,2024-04-24,Kayla Anderson,Qom,Books,Machine Learning,3,80,240
9683,2025-08-19,Sarah Bernard,Tabriz,Home Appliances,Microwave,1,220,220
9684,2025-11-07,Matthew Lee,Tabriz,Sports,Tennis Racket,1,180,180
9685,2024-08-14,Michael Abbott,Kermanshah,Electronics,Laptop,2,1200,2400
9686,2024-09-21,Thomas Coleman,Karaj,Books,Clean Code,3,55,165
9687,2024-09-19,Ashley Walker,Tehran,Home Appliances,Refrigerator,5,1800,9000
9688,2024-10-09,Christopher Rodriguez,Rasht,Books,Machine Learning,1,80,80
9689,2025-06-05,Morgan Duran,Tabriz,Books,Python Programming,5,45,225
9690,2025-07-22,Charles Mcdonald,Isfahan,Home Appliances,Air Conditioner,2,2000,4000
9691,2024-09-15,Gary Medina,Rasht,Sports,Football,1,30,30
9692,2025-11-30,Amy Mitchell,Rasht,Books,Algorithms,5,70,350
9693,2025-07-20,Joseph Marshall,Tabriz,Books,Python Programming,3,45,135
9694,2025-02-15,Joshua Perry,Tehran,Books,Algorithms,3,70,210
9695,2024-11-08,Evan Hudson,Rasht,Electronics,Headphones,1,150,150
9696,2024-01-11,Matthew Sandoval,Rasht,Home Appliances,Microwave,4,220,880
9697,2024-04-16,Terry Torres,Mashhad,Electronics,Tablet,4,500,2000
9698,2024-02-06,Katherine Wall,Rasht,Electronics,Smartphone,4,800,3200
9699,2024-03-02,Christine Rojas,Rasht,Sports,Running Shoes,2,120,240
9700,2025-11-04,Rhonda Dawson,Isfahan,Electronics,Smartphone,3,800,2400
9701,2024-08-07,Kaitlyn Butler,Rasht,Books,Python Programming,1,45,45
9702,2025-07-26,Michael Anderson,Tabriz,Sports,Basketball,1,35,35
9703,2024-09-08,Laura Rice,Mashhad,Sports,Running Shoes,2,120,240
9704,2024-05-12,Matthew Moore,Tabriz,Books,Algorithms,1,70,70
9705,2024-11-18,Jessica Hamilton,Shiraz,Home Appliances,Microwave,4,220,880
9706,2025-06-26,Tina Jimenez,Tabriz,Books,Data Science Handbook,1,60,60
9707,2024-04-30,Mark Hoffman,Tabriz,Electronics,Headphones,2,150,300
9708,2024-08-01,Doris White,Karaj,Electronics,Smartphone,4,800,3200
9709,2025-03-15,Virginia Wright,Rasht,Electronics,Tablet,4,500,2000
9710,2025-04-05,Matthew Fisher,Ahvaz,Electronics,Smartphone,3,800,2400
9711,2024-05-29,Cathy Butler,Rasht,Sports,Football,3,30,90
9712,2025-10-12,Joshua Weaver,Qom,Books,Clean Code,2,55,110
9713,2024-01-03,Scott Murphy,Rasht,Sports,Tennis Racket,2,180,360
9714,2025-09-13,Timothy Gonzalez,Kermanshah,Electronics,Smart Watch,3,250,750
9715,2025-08-12,Daniel Hayes,Mashhad,Books,Python Programming,4,45,180
9716,2024-09-23,Dr. Maria Kim MD,Rasht,Home Appliances,Washing Machine,5,1500,7500
9717,2024-01-29,David Weiss,Kermanshah,Home Appliances,Washing Machine,2,1500,3000
9718,2024-05-06,Crystal Lloyd,Karaj,Electronics,Tablet,4,500,2000
9719,2025-08-17,William Stanley,Karaj,Sports,Running Shoes,4,120,480
9720,2024-07-25,Sara Myers,Shiraz,Home Appliances,Microwave,1,220,220
9721,2024-03-18,Linda Harding,Tehran,Books,Machine Learning,5,80,400
9722,2024-03-12,Emily Barry,Rasht,Home Appliances,Vacuum Cleaner,1,300,300
9723,2025-03-16,Lisa Hernandez,Tehran,Sports,Fitness Band,2,90,180
9724,2024-06-08,Tracy Young,Mashhad,Books,Data Science Handbook,3,60,180
9725,2025-03-28,Troy Brown,Shiraz,Books,Data Science Handbook,2,60,120
9726,2025-06-28,Kimberly Anthony,Shiraz,Sports,Football,2,30,60
9727,2024-07-28,Kenneth Shaw,Tehran,Sports,Basketball,1,35,35
9728,2025-11-20,Elizabeth Long,Tabriz,Sports,Football,1,30,30
9729,2024-05-04,Paul Arellano,Isfahan,Electronics,Smartphone,4,800,3200
9730,2024-11-08,Bruce Lopez,Isfahan,Books,Python Programming,4,45,180
9731,2025-04-18,Cynthia Yang,Qom,Electronics,Smartphone,2,800,1600
9732,2024-02-25,Sean Farmer,Ahvaz,Electronics,Smartphone,5,800,4000
9733,2025-10-29,William Morgan,Tabriz,Electronics,Tablet,2,500,1000
9734,2024-07-07,Nicholas Gonzales,Kermanshah,Home Appliances,Washing Machine,5,1500,7500
9735,2024-12-12,Nathan Carpenter,Tehran,Books,Clean Code,4,55,220
9736,2025-10-16,Brian Cook,Tehran,Books,Data Science Handbook,3,60,180
9737,2024-05-28,Carol Gonzalez,Karaj,Home Appliances,Microwave,4,220,880
9738,2024-08-10,Heather Hawkins,Rasht,Books,Data Science Handbook,4,60,240
9739,2025-03-07,Samantha Johnson,Mashhad,Home Appliances,Vacuum Cleaner,5,300,1500
9740,2025-10-15,Matthew Duncan,Tehran,Books,Python Programming,4,45,180
9741,2024-01-26,Christopher Barron PhD,Isfahan,Sports,Basketball,1,35,35
9742,2024-05-07,Miranda Strong,Rasht,Electronics,Tablet,2,500,1000
9743,2024-12-31,Gary Lane,Tabriz,Sports,Football,2,30,60
9744,2024-07-13,Michael Mcknight,Karaj,Home Appliances,Vacuum Cleaner,2,300,600
9745,2024-10-31,Jason Huang,Qom,Home Appliances,Vacuum Cleaner,3,300,900
9746,2024-08-03,Beverly Morrison,Isfahan,Electronics,Smart Watch,2,250,500
9747,2025-11-09,Stephanie Aguilar,Mashhad,Home Appliances,Air Conditioner,5,2000,10000
9748,2025-12-20,Angela Baird,Tehran,Sports,Fitness Band,5,90,450
9749,2025-05-01,Paula Lewis,Ahvaz,Electronics,Smart Watch,5,250,1250
9750,2025-12-10,Regina Weber,Tabriz,Electronics,Smart Watch,5,250,1250
9751,2024-10-11,David Kim,Tabriz,Electronics,Tablet,2,500,1000
9752,2025-07-05,Mark Jenkins,Qom,Electronics,Smartphone,4,800,3200
9753,2025-04-27,Amanda Roman,Shiraz,Sports,Football,3,30,90
9754,2024-04-16,Paul Thomas MD,Tabriz,Books,Machine Learning,2,80,160
9755,2025-03-04,Kyle Bray,Karaj,Home Appliances,Microwave,5,220,1100
9756,2025-02-22,Jennifer Schneider,Mashhad,Sports,Football,2,30,60
9757,2025-12-12,Kathleen Smith,Mashhad,Home Appliances,Air Conditioner,2,2000,4000
9758,2025-02-28,Derek Martin,Isfahan,Electronics,Laptop,5,1200,6000
9759,2025-07-31,Nancy Wood,Shiraz,Books,Clean Code,1,55,55
9760,2024-01-15,Rachel Hernandez,Shiraz,Home Appliances,Vacuum Cleaner,2,300,600
9761,2025-12-23,Anthony White,Rasht,Books,Machine Learning,4,80,320
9762,2024-07-11,Matthew Guzman,Shiraz,Home Appliances,Refrigerator,2,1800,3600
9763,2025-12-19,James Mckee,Isfahan,Sports,Tennis Racket,5,180,900
9764,2025-01-22,David Davis,Isfahan,Electronics,Smart Watch,4,250,1000
9765,2025-05-17,Anna Allen,Isfahan,Books,Python Programming,4,45,180
9766,2024-05-03,Betty Harding,Mashhad,Books,Clean Code,4,55,220
9767,2024-04-25,Brenda Pena,Isfahan,Home Appliances,Microwave,5,220,1100
9768,2024-07-18,Joseph Thompson,Isfahan,Books,Python Programming,1,45,45
9769,2025-10-02,Ryan Kemp,Karaj,Books,Machine Learning,3,80,240
9770,2025-12-19,Dr. Robert Jackson,Kermanshah,Electronics,Headphones,5,150,750
9771,2024-02-06,Andrea Fitzpatrick,Qom,Electronics,Laptop,5,1200,6000
9772,2025-10-28,Eric Fleming,Ahvaz,Electronics,Tablet,4,500,2000
9773,2024-07-13,Brenda Kelly,Shiraz,Electronics,Laptop,2,1200,2400
9774,2024-01-15,Annette Ramos,Tehran,Books,Python Programming,1,45,45
9775,2024-11-16,Dr. Gina Mcintyre,Ahvaz,Electronics,Laptop,3,1200,3600
9776,2025-11-10,Marcus Parker,Kermanshah,Books,Algorithms,2,70,140
9777,2024-02-07,Brian White,Rasht,Electronics,Smartphone,5,800,4000
9778,2025-09-19,Mackenzie Campbell,Ahvaz,Books,Data Science Handbook,2,60,120
9779,2024-09-12,Gail Lawrence,Tehran,Sports,Tennis Racket,5,180,900
9780,2024-10-07,Jason Benton,Qom,Books,Clean Code,1,55,55
9781,2025-05-04,Michael Duran,Tehran,Books,Python Programming,4,45,180
9782,2024-08-18,Jason Gordon,Qom,Electronics,Tablet,3,500,1500
9783,2024-04-23,Tracy Smith,Mashhad,Home Appliances,Refrigerator,1,1800,1800
9784,2024-02-21,Christopher Cox,Qom,Books,Algorithms,4,70,280
9785,2024-06-11,Bruce Randolph,Kermanshah,Sports,Tennis Racket,1,180,180
9786,2025-03-10,Rhonda Finley,Ahvaz,Books,Algorithms,2,70,140
9787,2025-07-09,Sally Peck,Qom,Books,Python Programming,4,45,180
9788,2024-07-16,Tammie Hines,Ahvaz,Sports,Fitness Band,5,90,450
9789,2024-03-06,Jessica Gray,Ahvaz,Sports,Tennis Racket,4,180,720
9790,2024-02-28,Erica Flores,Isfahan,Home Appliances,Vacuum Cleaner,2,300,600
9791,2024-04-30,Denise Huynh,Kermanshah,Sports,Tennis Racket,4,180,720
9792,2025-03-08,William Ramirez,Isfahan,Home Appliances,Refrigerator,2,1800,3600
9793,2024-08-15,Selena Payne,Rasht,Books,Algorithms,1,70,70
9794,2025-04-10,Lisa Black,Tehran,Home Appliances,Vacuum Cleaner,2,300,600
9795,2024-10-21,Jimmy Johnson,Karaj,Electronics,Headphones,4,150,600
9796,2025-10-10,Jennifer Adams,Rasht,Electronics,Smart Watch,3,250,750
9797,2024-10-04,Jamie Robinson,Tehran,Home Appliances,Washing Machine,1,1500,1500
9798,2024-01-03,Miguel West,Ahvaz,Electronics,Tablet,1,500,500
9799,2025-01-11,Amber Jordan,Mashhad,Sports,Fitness Band,4,90,360
9800,2025-11-07,William Rogers,Ahvaz,Electronics,Tablet,4,500,2000
9801,2024-12-13,Tyler Warren,Shiraz,Electronics,Smart Watch,3,250,750
9802,2025-09-23,Heather Torres,Kermanshah,Electronics,Smart Watch,5,250,1250
9803,2024-03-15,Emily Wall,Kermanshah,Books,Python Programming,3,45,135
9804,2025-02-19,Kristin Jones,Karaj,Home Appliances,Refrigerator,2,1800,3600
9805,2025-10-18,Brendan Baird,Rasht,Electronics,Smartphone,4,800,3200
9806,2025-01-22,Martha Washington,Ahvaz,Home Appliances,Air Conditioner,2,2000,4000
9807,2025-04-16,Mark Holmes,Tehran,Sports,Basketball,4,35,140
9808,2024-08-10,Cheryl Mathis,Mashhad,Home Appliances,Air Conditioner,2,2000,4000
9809,2025-07-08,Melinda Smith,Tabriz,Home Appliances,Microwave,3,220,660
9810,2024-07-08,Kimberly Lewis,Mashhad,Sports,Fitness Band,2,90,180
9811,2024-10-31,Timothy Cunningham,Tehran,Home Appliances,Washing Machine,4,1500,6000
9812,2024-10-17,Christina Robertson,Tehran,Home Appliances,Microwave,2,220,440
9813,2025-11-21,Sharon Davidson,Mashhad,Home Appliances,Air Conditioner,4,2000,8000
9814,2024-05-12,Stephanie Rich,Tehran,Home Appliances,Air Conditioner,3,2000,6000
9815,2025-06-02,Wanda Humphrey,Tehran,Home Appliances,Air Conditioner,4,2000,8000
9816,2025-11-12,George Gomez,Mashhad,Home Appliances,Vacuum Cleaner,2,300,600
9817,2024-11-02,Nancy Lewis,Qom,Electronics,Tablet,4,500,2000
9818,2025-10-22,Janice Mcmillan,Shiraz,Electronics,Tablet,1,500,500
9819,2024-08-07,Wendy James,Rasht,Books,Algorithms,1,70,70
9820,2025-08-25,Lindsay Carr,Karaj,Sports,Football,1,30,30
9821,2024-07-20,Douglas Nguyen,Rasht,Sports,Tennis Racket,5,180,900
9822,2024-07-05,Teresa Sims,Qom,Home Appliances,Washing Machine,4,1500,6000
9823,2025-08-18,Ashley Rodriguez,Tabriz,Books,Machine Learning,5,80,400
9824,2024-03-20,Joshua Molina,Kermanshah,Home Appliances,Washing Machine,4,1500,6000
9825,2024-02-24,Donna Allen,Ahvaz,Home Appliances,Vacuum Cleaner,2,300,600
9826,2025-01-05,April Alvarez,Tehran,Home Appliances,Washing Machine,2,1500,3000
9827,2024-11-03,Elizabeth Miller,Isfahan,Books,Data Science Handbook,5,60,300
9828,2025-03-29,Spencer Smith,Kermanshah,Sports,Tennis Racket,2,180,360
9829,2024-12-17,Roger Lewis,Karaj,Sports,Tennis Racket,2,180,360
9830,2024-08-30,Meghan Newton,Isfahan,Books,Machine Learning,1,80,80
9831,2025-04-28,Mackenzie King,Qom,Books,Machine Learning,2,80,160
9832,2025-03-21,John Trevino,Kermanshah,Electronics,Smartphone,1,800,800
9833,2024-11-06,Linda James,Rasht,Sports,Fitness Band,5,90,450
9834,2025-06-01,Tracey Barker,Tabriz,Books,Machine Learning,4,80,320
9835,2025-07-09,Brittany Savage,Isfahan,Books,Clean Code,5,55,275
9836,2025-09-18,Thomas Howard,Shiraz,Books,Data Science Handbook,2,60,120
9837,2025-09-29,Christina Parker,Karaj,Electronics,Headphones,4,150,600
9838,2025-09-19,Ashley Osborn,Shiraz,Books,Machine Learning,2,80,160
9839,2025-05-13,Nicole Williams,Mashhad,Books,Clean Code,1,55,55
9840,2024-06-15,Julie Pena,Rasht,Electronics,Laptop,2,1200,2400
9841,2025-05-22,Jennifer Mayer,Shiraz,Sports,Fitness Band,2,90,180
9842,2025-03-14,Mark Hall,Shiraz,Electronics,Smartphone,5,800,4000
9843,2025-08-11,Elizabeth Pitts,Shiraz,Sports,Tennis Racket,3,180,540
9844,2024-04-28,Justin Barton,Isfahan,Electronics,Smart Watch,2,250,500
9845,2024-07-04,Richard Washington,Isfahan,Sports,Fitness Band,1,90,90
9846,2024-02-26,Deanna Thompson,Tehran,Electronics,Tablet,1,500,500
9847,2024-03-29,Maria Lee,Isfahan,Home Appliances,Washing Machine,1,1500,1500
9848,2025-08-10,Timothy Hernandez,Kermanshah,Books,Clean Code,4,55,220
9849,2025-06-25,Jacob Walker,Kermanshah,Books,Algorithms,5,70,350
9850,2024-08-02,Kaitlin Kline,Karaj,Home Appliances,Washing Machine,1,1500,1500
9851,2025-09-05,Aaron White,Tabriz,Books,Machine Learning,2,80,160
9852,2024-10-20,Monica Barajas,Rasht,Home Appliances,Vacuum Cleaner,1,300,300
9853,2024-01-07,Brian Cooper,Karaj,Sports,Running Shoes,3,120,360
9854,2024-10-14,Kimberly Pham,Karaj,Electronics,Smartphone,1,800,800
9855,2025-10-30,Candace Lee,Ahvaz,Electronics,Headphones,4,150,600
9856,2024-07-29,Robert Palmer,Ahvaz,Home Appliances,Microwave,4,220,880
9857,2025-11-23,Mariah Woods,Tehran,Home Appliances,Washing Machine,4,1500,6000
9858,2025-02-11,Todd Ramos,Ahvaz,Sports,Football,1,30,30
9859,2025-01-20,Alexandria Roy,Isfahan,Books,Clean Code,5,55,275
9860,2025-12-24,Katie Miller,Mashhad,Sports,Fitness Band,2,90,180
9861,2024-05-03,Ana Campbell,Isfahan,Books,Clean Code,2,55,110
9862,2024-01-19,Jason Jackson,Shiraz,Home Appliances,Washing Machine,5,1500,7500
9863,2025-05-25,Victor Rogers,Ahvaz,Sports,Football,2,30,60
9864,2024-02-28,Michael Morrison,Tabriz,Home Appliances,Microwave,5,220,1100
9865,2024-10-15,Mrs. Shannon Johnson,Ahvaz,Home Appliances,Vacuum Cleaner,1,300,300
9866,2024-07-24,David Swanson,Kermanshah,Sports,Football,1,30,30
9867,2025-09-17,Regina Todd,Mashhad,Electronics,Laptop,2,1200,2400
9868,2024-09-29,Lisa Fisher,Tabriz,Sports,Football,3,30,90
9869,2024-11-17,Morgan Jensen DVM,Kermanshah,Electronics,Smart Watch,4,250,1000
9870,2025-03-01,Jessica Montgomery,Mashhad,Electronics,Tablet,3,500,1500
9871,2025-09-03,Christopher Powell,Shiraz,Electronics,Tablet,1,500,500
9872,2025-03-05,Patrick Smith,Tehran,Books,Algorithms,4,70,280
9873,2024-02-02,Robin Thompson,Qom,Sports,Fitness Band,3,90,270
9874,2024-01-03,Joseph Fletcher PhD,Kermanshah,Books,Data Science Handbook,3,60,180
9875,2025-04-30,Cynthia Day,Rasht,Sports,Tennis Racket,1,180,180
9876,2024-11-14,Terri English,Tehran,Home Appliances,Washing Machine,1,1500,1500
9877,2024-05-20,Steven Jordan,Kermanshah,Home Appliances,Microwave,5,220,1100
9878,2025-11-26,Mark Robinson,Kermanshah,Home Appliances,Refrigerator,3,1800,5400
9879,2025-03-26,Tiffany Turner,Mashhad,Electronics,Headphones,5,150,750
9880,2025-03-16,Timothy Mejia,Rasht,Home Appliances,Refrigerator,2,1800,3600
9881,2025-04-15,Jennifer Lara,Karaj,Home Appliances,Microwave,1,220,220
9882,2025-05-05,Dawn Bryant,Isfahan,Sports,Tennis Racket,4,180,720
9883,2024-05-10,Terry Castro,Tabriz,Sports,Tennis Racket,5,180,900
9884,2025-05-12,Lisa Wood,Isfahan,Home Appliances,Refrigerator,2,1800,3600
9885,2024-04-17,Mary Taylor,Qom,Sports,Fitness Band,5,90,450
9886,2024-04-19,Michael Phillips,Shiraz,Books,Machine Learning,5,80,400
9887,2025-10-15,Tyler Gonzalez,Isfahan,Books,Clean Code,2,55,110
9888,2024-09-28,Melissa Rojas,Kermanshah,Sports,Basketball,3,35,105
9889,2024-06-23,Rachel Perkins,Qom,Electronics,Tablet,2,500,1000
9890,2025-01-11,Margaret Johnson,Mashhad,Home Appliances,Vacuum Cleaner,3,300,900
9891,2024-11-01,David Mccoy,Isfahan,Home Appliances,Vacuum Cleaner,1,300,300
9892,2024-09-27,Glenn Beasley,Shiraz,Home Appliances,Microwave,1,220,220
9893,2025-12-25,Heather Daugherty,Isfahan,Books,Algorithms,5,70,350
9894,2024-06-03,Alexis Ortiz,Shiraz,Home Appliances,Washing Machine,4,1500,6000
9895,2025-01-15,Susan Morrow,Shiraz,Books,Algorithms,1,70,70
9896,2024-10-22,Sandra Reese,Tabriz,Sports,Tennis Racket,2,180,360
9897,2024-03-16,Alex Pierce,Tehran,Home Appliances,Vacuum Cleaner,2,300,600
9898,2025-10-14,John Carlson,Karaj,Sports,Tennis Racket,3,180,540
9899,2025-01-03,Brian Pope,Rasht,Home Appliances,Refrigerator,5,1800,9000
9900,2025-06-12,Joseph Chavez,Tabriz,Home Appliances,Washing Machine,2,1500,3000
9901,2025-08-25,Jonathon Harris,Ahvaz,Books,Data Science Handbook,2,60,120
9902,2025-05-29,James Foster,Kermanshah,Books,Python Programming,2,45,90
9903,2025-06-08,Aaron Mosley,Shiraz,Books,Algorithms,2,70,140
9904,2025-10-18,Mariah Henderson,Isfahan,Books,Algorithms,2,70,140
9905,2024-03-19,Matthew Winters,Shiraz,Sports,Fitness Band,3,90,270
9906,2025-02-26,Melanie Watson,Isfahan,Electronics,Laptop,3,1200,3600
9907,2025-06-05,Jeffery Yates,Kermanshah,Books,Clean Code,5,55,275
9908,2025-07-10,Scott Jenkins,Mashhad,Sports,Basketball,1,35,35
9909,2024-05-25,Adam Davis,Rasht,Electronics,Laptop,2,1200,2400
9910,2025-12-29,Wayne Brooks,Rasht,Home Appliances,Microwave,1,220,220
9911,2025-10-08,Greg Adams,Mashhad,Books,Python Programming,4,45,180
9912,2024-04-05,Misty Maldonado,Karaj,Sports,Running Shoes,1,120,120
9913,2025-07-26,Victoria Williams,Kermanshah,Electronics,Tablet,4,500,2000
9914,2025-01-09,Matthew Harris,Qom,Books,Algorithms,2,70,140
9915,2024-05-17,Joseph Nelson,Isfahan,Home Appliances,Refrigerator,1,1800,1800
9916,2025-01-19,Brittany Huang,Rasht,Home Appliances,Refrigerator,3,1800,5400
9917,2024-06-24,Jonathan Juarez,Ahvaz,Sports,Tennis Racket,3,180,540
9918,2024-02-11,Briana Hughes,Isfahan,Books,Python Programming,3,45,135
9919,2025-07-29,Brenda Ware,Rasht,Home Appliances,Air Conditioner,4,2000,8000
9920,2025-12-15,Samantha Wilson,Qom,Home Appliances,Air Conditioner,1,2000,2000
9921,2025-07-08,Jenna King,Qom,Sports,Basketball,2,35,70
9922,2024-02-08,Tristan Kelley,Ahvaz,Electronics,Tablet,4,500,2000
9923,2025-05-09,Hailey Stanley,Shiraz,Books,Clean Code,3,55,165
9924,2024-05-29,William Williams,Tabriz,Home Appliances,Refrigerator,5,1800,9000
9925,2024-06-16,Gary Barr,Kermanshah,Electronics,Laptop,1,1200,1200
9926,2025-08-29,Edward Crane,Shiraz,Books,Python Programming,2,45,90
9927,2025-08-27,Joanna Bailey,Qom,Books,Data Science Handbook,1,60,60
9928,2025-11-14,Megan Friedman,Mashhad,Home Appliances,Microwave,2,220,440
9929,2025-03-01,Nicole Wilson,Rasht,Electronics,Smart Watch,5,250,1250
9930,2024-02-09,Philip Adams,Ahvaz,Home Appliances,Refrigerator,5,1800,9000
9931,2025-07-14,Denise Stevens,Tehran,Books,Data Science Handbook,1,60,60
9932,2025-02-10,Tammy Mejia,Shiraz,Sports,Football,2,30,60
9933,2025-08-07,Todd Kline,Kermanshah,Electronics,Headphones,4,150,600
9934,2025-02-02,Brad Contreras,Rasht,Home Appliances,Microwave,3,220,660
9935,2025-01-20,Wyatt Wagner,Ahvaz,Electronics,Tablet,3,500,1500
9936,2024-11-25,John Garcia,Karaj,Home Appliances,Washing Machine,5,1500,7500
9937,2024-08-27,Patricia Riley,Isfahan,Electronics,Smartphone,5,800,4000
9938,2025-02-22,Mark Stewart,Isfahan,Home Appliances,Microwave,3,220,660
9939,2024-11-02,Emily Wilson,Qom,Books,Algorithms,3,70,210
9940,2025-01-17,Larry Thompson,Karaj,Sports,Tennis Racket,4,180,720
9941,2025-08-25,Abigail Ortiz,Shiraz,Sports,Basketball,5,35,175
9942,2025-11-10,Morgan Cruz,Kermanshah,Books,Data Science Handbook,1,60,60
9943,2024-09-06,Rodney Thomas,Qom,Sports,Tennis Racket,5,180,900
9944,2025-02-17,Willie Robinson,Rasht,Electronics,Laptop,2,1200,2400
9945,2025-05-12,Janice Smith,Rasht,Home Appliances,Washing Machine,3,1500,4500
9946,2024-08-08,William Moreno,Isfahan,Home Appliances,Microwave,3,220,660
9947,2025-02-15,Sharon Riggs,Tabriz,Sports,Running Shoes,4,120,480
9948,2025-08-27,Matthew Dennis,Ahvaz,Books,Clean Code,4,55,220
9949,2024-11-02,Timothy Reyes,Rasht,Sports,Tennis Racket,1,180,180
9950,2025-08-22,Jamie Brown,Kermanshah,Electronics,Laptop,5,1200,6000
9951,2024-03-23,Jennifer Gonzales,Shiraz,Home Appliances,Vacuum Cleaner,1,300,300
9952,2024-04-30,Sarah Lee,Mashhad,Sports,Basketball,5,35,175
9953,2024-09-26,William Bell,Rasht,Home Appliances,Refrigerator,2,1800,3600
9954,2025-09-10,Katie Young,Ahvaz,Sports,Running Shoes,5,120,600
9955,2025-09-23,Julie Marshall,Shiraz,Books,Data Science Handbook,3,60,180
9956,2025-03-22,Robert Barker,Mashhad,Home Appliances,Refrigerator,1,1800,1800
9957,2024-12-11,Samantha Hill,Kermanshah,Sports,Football,1,30,30
9958,2025-10-30,Mark Fields,Karaj,Electronics,Tablet,5,500,2500
9959,2024-08-16,Melanie Miller,Shiraz,Sports,Tennis Racket,2,180,360
9960,2024-08-09,Scott Christian,Mashhad,Books,Algorithms,2,70,140
9961,2024-06-11,Renee Hudson,Qom,Books,Data Science Handbook,5,60,300
9962,2025-03-07,Jason Ramirez,Kermanshah,Electronics,Smartphone,1,800,800
9963,2024-03-27,Kaylee Hill,Kermanshah,Sports,Fitness Band,3,90,270
9964,2024-01-07,Brent Moore,Mashhad,Electronics,Smartphone,3,800,2400
9965,2024-03-22,Brett Ferrell,Mashhad,Books,Algorithms,2,70,140
9966,2025-07-23,Hector Alexander,Isfahan,Home Appliances,Refrigerator,5,1800,9000
9967,2024-06-15,Stephanie Smith,Shiraz,Home Appliances,Air Conditioner,4,2000,8000
9968,2025-02-13,Kelsey Murphy,Mashhad,Sports,Tennis Racket,5,180,900
9969,2025-11-14,Dr. Nicholas Smith,Isfahan,Sports,Running Shoes,4,120,480
9970,2025-07-24,Pamela Cruz,Tabriz,Home Appliances,Microwave,5,220,1100
9971,2024-11-29,Heather Grimes,Ahvaz,Books,Python Programming,4,45,180
9972,2024-02-08,Kelsey Harvey,Mashhad,Home Appliances,Air Conditioner,5,2000,10000
9973,2025-09-29,Raymond Benson,Tabriz,Home Appliances,Vacuum Cleaner,1,300,300
9974,2024-05-18,Mitchell Santana,Isfahan,Sports,Tennis Racket,1,180,180
9975,2025-01-16,Katherine Hunt,Kermanshah,Home Appliances,Refrigerator,3,1800,5400
9976,2025-05-11,Brittany Mathews,Qom,Sports,Football,2,30,60
9977,2025-12-23,Karina Gibson,Rasht,Home Appliances,Washing Machine,2,1500,3000
9978,2024-02-29,Kristin Wood,Shiraz,Electronics,Smart Watch,2,250,500
9979,2024-07-01,Alicia Lawrence,Isfahan,Books,Clean Code,2,55,110
9980,2025-02-03,Jennifer Todd,Kermanshah,Electronics,Headphones,3,150,450
9981,2024-08-19,Mark Stuart,Tehran,Home Appliances,Refrigerator,1,1800,1800
9982,2024-11-15,Frank Hall,Isfahan,Sports,Fitness Band,4,90,360
9983,2024-06-25,Heidi Anderson,Isfahan,Sports,Basketball,5,35,175
9984,2025-08-11,Erin Howard,Qom,Books,Clean Code,5,55,275
9985,2024-09-25,Katherine Brewer,Qom,Books,Data Science Handbook,3,60,180
9986,2025-11-06,Shawn Harmon,Isfahan,Books,Algorithms,2,70,140
9987,2024-03-25,Jamie Harmon,Tehran,Home Appliances,Washing Machine,2,1500,3000
9988,2024-02-07,Timothy Smith,Shiraz,Sports,Running Shoes,5,120,600
9989,2025-02-07,Kimberly Velazquez,Karaj,Books,Algorithms,5,70,350
9990,2024-05-02,Breanna Brown,Kermanshah,Sports,Tennis Racket,2,180,360
9991,2024-10-24,Angela Parker,Karaj,Electronics,Headphones,4,150,600
9992,2025-04-21,Andre Griffin,Shiraz,Electronics,Smart Watch,1,250,250
9993,2024-03-31,Taylor Cox,Qom,Electronics,Laptop,5,1200,6000
9994,2025-08-29,Charles Henderson,Qom,Electronics,Laptop,2,1200,2400
9995,2024-08-27,Madison Allen,Kermanshah,Books,Python Programming,4,45,180
9996,2025-05-26,Jesse Sanchez,Tehran,Home Appliances,Microwave,5,220,1100
9997,2025-01-23,Todd Mueller,Karaj,Home Appliances,Washing Machine,3,1500,4500
9998,2024-07-26,Chad Cruz,Shiraz,Electronics,Tablet,5,500,2500
9999,2025-03-27,Jonathan Lane,Isfahan,Home Appliances,Vacuum Cleaner,2,300,600
10000,2025-06-09,James Hernandez,Kermanshah,Books,Data Science Handbook,2,60,120
